player_name,season,season_label,games,fga,fgm,fga3,fgm3,fg_pct,tp_pct,efg,three_rate,tpa_per_game,team_name
Aaron Brooks,2013,2013-14,52,316,143,134,50,0.4525316455696203,0.373134328358209,0.5316455696202531,0.4240506329113924,2.576923076923077,Sacramento Kings
Aaron Brooks,2014,2014-15,67,581,233,248,96,0.4010327022375215,0.3870967741935484,0.4836488812392427,0.4268502581755594,3.701492537313433,Denver Nuggets
Aaron Brooks,2015,2015-16,82,817,344,313,121,0.42105263157894735,0.3865814696485623,0.49510403916768664,0.38310893512851896,3.817073170731707,Chicago Bulls
Aaron Brooks,2016,2016-17,68,469,188,185,66,0.40085287846481876,0.3567567567567568,0.47121535181236673,0.39445628997867804,2.7205882352941178,Chicago Bulls
Aaron Brooks,2017,2017-18,62,299,121,127,48,0.40468227424749165,0.3779527559055118,0.48494983277591974,0.42474916387959866,2.0483870967741935,Indiana Pacers
Aaron Brooks,2018,2018-19,23,69,28,31,11,0.4057971014492754,0.3548387096774194,0.4855072463768116,0.4492753623188406,1.3478260869565217,Minnesota Timberwolves
Aaron Gordon,2015,2015-16,46,208,93,48,13,0.44711538461538464,0.2708333333333333,0.47836538461538464,0.23076923076923078,1.0434782608695652,Orlando Magic
Aaron Gordon,2016,2016-17,77,578,274,141,42,0.4740484429065744,0.2978723404255319,0.5103806228373703,0.24394463667820068,1.8311688311688312,Orlando Magic
Aaron Gordon,2017,2017-18,80,865,393,267,77,0.45433526011560693,0.2883895131086142,0.49884393063583815,0.3086705202312139,3.3375,Orlando Magic
Aaron Gordon,2018,2018-19,58,865,375,342,115,0.43352601156069365,0.3362573099415205,0.5,0.3953757225433526,5.896551724137931,Orlando Magic
Aaron Gordon,2019,2019-20,78,1046,470,347,121,0.44933078393881454,0.34870317002881845,0.5071701720841301,0.3317399617590822,4.448717948717949,Orlando Magic
Aaron Gordon,2020,2020-21,62,767,335,237,73,0.4367666232073012,0.3080168776371308,0.48435462842242505,0.3089960886571056,3.8225806451612905,Orlando Magic
Aaron Gordon,2021,2021-22,50,499,231,176,59,0.46292585170340683,0.3352272727272727,0.5220440881763527,0.3527054108216433,3.52,Orlando Magic
Aaron Gordon,2022,2022-23,75,834,434,260,87,0.5203836930455635,0.3346153846153846,0.5725419664268585,0.3117505995203837,3.466666666666667,Denver Nuggets
Aaron Gordon,2023,2023-24,68,761,429,173,60,0.5637319316688568,0.3468208092485549,0.6031537450722734,0.22733245729303547,2.5441176470588234,Denver Nuggets
Aaron Gordon,2024,2024-25,73,716,398,138,40,0.5558659217877095,0.2898550724637681,0.5837988826815642,0.19273743016759776,1.8904109589041096,Denver Nuggets
Aaron Holiday,2019,2019-20,48,262,105,127,43,0.40076335877862596,0.33858267716535434,0.48282442748091603,0.4847328244274809,2.6458333333333335,Indiana Pacers
Aaron Holiday,2020,2020-21,66,563,233,221,87,0.413854351687389,0.3936651583710407,0.4911190053285968,0.3925399644760213,3.3484848484848486,Indiana Pacers
Aaron Holiday,2021,2021-22,64,436,170,182,67,0.38990825688073394,0.36813186813186816,0.46674311926605505,0.41743119266055045,2.84375,Indiana Pacers
Aaron Holiday,2022,2022-23,60,338,151,103,39,0.4467455621301775,0.3786407766990291,0.5044378698224852,0.3047337278106509,1.7166666666666666,Washington Wizards
Aaron Holiday,2023,2023-24,54,220,92,88,36,0.41818181818181815,0.4090909090909091,0.5,0.4,1.6296296296296295,Atlanta Hawks
Aaron Holiday,2024,2024-25,76,417,186,217,84,0.4460431654676259,0.3870967741935484,0.5467625899280576,0.5203836930455635,2.8552631578947367,Houston Rockets
Aaron Nesmith,2021,2021-22,44,178,78,108,40,0.43820224719101125,0.37037037037037035,0.550561797752809,0.6067415730337079,2.4545454545454546,Boston Celtics
Aaron Nesmith,2022,2022-23,48,182,72,115,31,0.3956043956043956,0.26956521739130435,0.4807692307692308,0.6318681318681318,2.3958333333333335,Boston Celtics
Aaron Nesmith,2023,2023-24,73,590,252,314,115,0.4271186440677966,0.3662420382165605,0.5245762711864407,0.5322033898305085,4.301369863013699,Indiana Pacers
Aaron Nesmith,2024,2024-25,72,635,315,334,140,0.49606299212598426,0.41916167664670656,0.6062992125984252,0.525984251968504,4.638888888888889,Indiana Pacers
Aaron Wiggins,2022,2022-23,48,337,156,138,42,0.4629080118694362,0.30434782608695654,0.5252225519287834,0.4094955489614243,2.875,Oklahoma City Thunder
Aaron Wiggins,2023,2023-24,67,363,186,122,48,0.512396694214876,0.39344262295081966,0.5785123966942148,0.33608815426997246,1.8208955223880596,Oklahoma City Thunder
Aaron Wiggins,2024,2024-25,75,377,212,126,62,0.5623342175066313,0.49206349206349204,0.6445623342175066,0.33421750663129973,1.68,Oklahoma City Thunder
Al Horford,2013,2013-14,74,1060,576,6,3,0.5433962264150943,0.5,0.5448113207547169,0.005660377358490566,0.08108108108108109,Atlanta Hawks
Al Horford,2014,2014-15,29,420,238,11,4,0.5666666666666667,0.36363636363636365,0.5714285714285714,0.02619047619047619,0.3793103448275862,Atlanta Hawks
Al Horford,2015,2015-16,76,965,519,36,11,0.5378238341968912,0.3055555555555556,0.5435233160621762,0.03730569948186528,0.47368421052631576,Atlanta Hawks
Al Horford,2016,2016-17,82,1048,529,256,88,0.5047709923664122,0.34375,0.5467557251908397,0.24427480916030533,3.1219512195121952,Atlanta Hawks
Al Horford,2017,2017-18,68,801,379,242,86,0.4731585518102372,0.35537190082644626,0.5268414481897628,0.3021223470661673,3.5588235294117645,Boston Celtics
Al Horford,2018,2018-19,72,753,368,226,97,0.48871181938911024,0.42920353982300885,0.5531208499335989,0.300132802124834,3.138888888888889,Boston Celtics
Al Horford,2019,2019-20,68,723,387,203,73,0.5352697095435685,0.35960591133004927,0.5857538035961273,0.28077455048409405,2.985294117647059,Boston Celtics
Al Horford,2020,2020-21,67,709,319,283,99,0.44992947813822287,0.3498233215547703,0.5197461212976022,0.3991537376586742,4.223880597014926,Philadelphia 76ers
Al Horford,2021,2021-22,28,360,162,152,56,0.45,0.3684210526315789,0.5277777777777778,0.4222222222222222,5.428571428571429,Oklahoma City Thunder
Al Horford,2022,2022-23,69,569,266,265,89,0.46748681898066785,0.33584905660377357,0.5456942003514939,0.46572934973637964,3.8405797101449277,Boston Celtics
Al Horford,2023,2023-24,63,479,228,325,145,0.4759916492693111,0.4461538461538462,0.627348643006263,0.6784968684759917,5.158730158730159,Boston Celtics
Al Horford,2024,2024-25,65,419,214,258,108,0.5107398568019093,0.4186046511627907,0.639618138424821,0.6157517899761337,3.9692307692307693,Boston Celtics
Al Jefferson,2013,2013-14,78,1236,611,17,2,0.494336569579288,0.11764705882352941,0.49514563106796117,0.013754045307443365,0.21794871794871795,Utah Jazz
Al Jefferson,2014,2014-15,73,1376,700,15,3,0.5087209302325582,0.2,0.5098110465116279,0.010901162790697675,0.2054794520547945,Charlotte Bobcats
Al Jefferson,2015,2015-16,65,1010,486,5,2,0.48118811881188117,0.4,0.48217821782178216,0.0049504950495049506,0.07692307692307693,Charlotte Hornets
Al Jefferson,2016,2016-17,47,505,245,0,0,0.48514851485148514,NA,0.48514851485148514,0,0,Charlotte Hornets
Al Jefferson,2017,2017-18,65,471,235,1,0,0.4989384288747346,0,0.4989384288747346,0.0021231422505307855,0.015384615384615385,Indiana Pacers
Al Jefferson,2018,2018-19,34,208,111,3,0,0.5336538461538461,0,0.5336538461538461,0.014423076923076924,0.08823529411764706,Indiana Pacers
Al-Farouq Aminu,2013,2013-14,74,474,225,19,4,0.47468354430379744,0.21052631578947367,0.47890295358649787,0.04008438818565401,0.25675675675675674,New Orleans Hornets
Al-Farouq Aminu,2014,2014-15,79,494,234,48,13,0.47368421052631576,0.2708333333333333,0.4868421052631579,0.09716599190283401,0.6075949367088608,New Orleans Pelicans
Al-Farouq Aminu,2015,2015-16,72,357,147,124,34,0.4117647058823529,0.27419354838709675,0.45938375350140054,0.3473389355742297,1.7222222222222223,Dallas Mavericks
Al-Farouq Aminu,2016,2016-17,82,718,299,348,126,0.41643454038997213,0.3620689655172414,0.5041782729805014,0.48467966573816157,4.2439024390243905,Portland Trail Blazers
Al-Farouq Aminu,2017,2017-18,61,466,183,212,70,0.3927038626609442,0.330188679245283,0.4678111587982833,0.45493562231759654,3.4754098360655736,Portland Trail Blazers
Al-Farouq Aminu,2018,2018-19,69,582,230,339,125,0.3951890034364261,0.3687315634218289,0.5025773195876289,0.5824742268041238,4.913043478260869,Portland Trail Blazers
Al-Farouq Aminu,2019,2019-20,81,593,257,280,96,0.433389544688027,0.34285714285714286,0.5143338954468802,0.47217537942664417,3.45679012345679,Portland Trail Blazers
Al-Farouq Aminu,2020,2020-21,18,86,25,36,9,0.29069767441860467,0.25,0.3430232558139535,0.4186046511627907,2,Orlando Magic
Al-Farouq Aminu,2021,2021-22,22,99,38,37,8,0.3838383838383838,0.21621621621621623,0.42424242424242425,0.37373737373737376,1.6818181818181819,Orlando Magic
Alan Anderson,2013,2013-14,65,616,236,285,95,0.38311688311688313,0.3333333333333333,0.4602272727272727,0.46266233766233766,4.384615384615385,Toronto Raptors
Alan Anderson,2014,2014-15,77,485,194,248,84,0.4,0.3387096774193548,0.4865979381443299,0.511340206185567,3.220779220779221,Brooklyn Nets
Alan Anderson,2015,2015-16,73,440,195,210,73,0.4431818181818182,0.3476190476190476,0.5261363636363636,0.4772727272727273,2.8767123287671232,Brooklyn Nets
Alan Anderson,2016,2016-17,12,59,21,37,12,0.3559322033898305,0.32432432432432434,0.4576271186440678,0.6271186440677966,3.0833333333333335,Washington Wizards
Alan Anderson,2017,2017-18,28,80,30,44,14,0.375,0.3181818181818182,0.4625,0.55,1.5714285714285714,LA Clippers
Alec Burks,2013,2013-14,63,388,163,92,33,0.42010309278350516,0.358695652173913,0.46262886597938147,0.23711340206185566,1.4603174603174602,Utah Jazz
Alec Burks,2014,2014-15,78,831,380,143,50,0.457280385078219,0.34965034965034963,0.48736462093862815,0.17208182912154033,1.8333333333333333,Utah Jazz
Alec Burks,2015,2015-16,27,300,121,68,26,0.4033333333333333,0.38235294117647056,0.44666666666666666,0.22666666666666666,2.5185185185185186,Utah Jazz
Alec Burks,2016,2016-17,30,334,137,79,32,0.4101796407185629,0.4050632911392405,0.45808383233532934,0.23652694610778444,2.6333333333333333,Utah Jazz
Alec Burks,2017,2017-18,41,248,99,76,25,0.39919354838709675,0.32894736842105265,0.4495967741935484,0.3064516129032258,1.853658536585366,Utah Jazz
Alec Burks,2018,2018-19,62,414,170,142,47,0.4106280193236715,0.33098591549295775,0.4673913043478261,0.34299516908212563,2.2903225806451615,Utah Jazz
Alec Burks,2019,2019-20,59,474,192,168,61,0.4050632911392405,0.3630952380952381,0.4694092827004219,0.35443037974683544,2.847457627118644,Cleveland Cavaliers
Alec Burks,2020,2020-21,66,768,321,301,116,0.41796875,0.3853820598006645,0.4934895833333333,0.3919270833333333,4.5606060606060606,Golden State Warriors
Alec Burks,2021,2021-22,49,500,210,246,102,0.42,0.4146341463414634,0.522,0.492,5.020408163265306,New York Knicks
Alec Burks,2022,2022-23,81,728,285,389,157,0.3914835164835165,0.40359897172236503,0.4993131868131868,0.5343406593406593,4.802469135802469,New York Knicks
Alec Burks,2023,2023-24,51,459,200,239,99,0.4357298474945534,0.41422594142259417,0.5435729847494554,0.5206971677559913,4.686274509803922,Detroit Pistons
Alec Burks,2024,2024-25,66,569,210,330,124,0.36906854130052724,0.37575757575757573,0.4780316344463972,0.5799648506151143,5,Detroit Pistons
Alex Caruso,2018,2018-19,33,116,50,43,13,0.43103448275862066,0.3023255813953488,0.4870689655172414,0.3706896551724138,1.303030303030303,Los Angeles Lakers
Alex Caruso,2019,2019-20,20,173,77,50,24,0.44508670520231214,0.48,0.5144508670520231,0.28901734104046245,2.5,Los Angeles Lakers
Alex Caruso,2020,2020-21,64,291,120,120,40,0.41237113402061853,0.3333333333333333,0.48109965635738833,0.41237113402061853,1.875,Los Angeles Lakers
Alex Caruso,2021,2021-22,58,305,133,137,55,0.4360655737704918,0.40145985401459855,0.5262295081967213,0.4491803278688525,2.3620689655172415,Los Angeles Lakers
Alex Caruso,2022,2022-23,40,256,102,126,42,0.3984375,0.3333333333333333,0.48046875,0.4921875,3.15,Chicago Bulls
Alex Caruso,2023,2023-24,65,286,130,151,55,0.45454545454545453,0.36423841059602646,0.5506993006993007,0.527972027972028,2.3230769230769233,Chicago Bulls
Alex Caruso,2024,2024-25,71,541,253,333,136,0.4676524953789279,0.4084084084084084,0.5933456561922366,0.6155268022181146,4.690140845070423,Chicago Bulls
Alex Len,2014,2014-15,31,78,33,0,0,0.4230769230769231,NA,0.4230769230769231,0,0,Phoenix Suns
Alex Len,2015,2015-16,68,353,179,3,1,0.5070821529745042,0.3333333333333333,0.5084985835694051,0.0084985835694051,0.04411764705882353,Phoenix Suns
Alex Len,2016,2016-17,74,624,264,7,1,0.4230769230769231,0.14285714285714285,0.4238782051282051,0.011217948717948718,0.0945945945945946,Phoenix Suns
Alex Len,2017,2017-18,77,463,230,12,3,0.49676025917926564,0.25,0.5,0.02591792656587473,0.15584415584415584,Phoenix Suns
Alex Len,2018,2018-19,69,378,214,3,1,0.5661375661375662,0.3333333333333333,0.5674603174603174,0.007936507936507936,0.043478260869565216,Phoenix Suns
Alex Len,2019,2019-20,76,648,320,204,74,0.49382716049382713,0.3627450980392157,0.5509259259259259,0.3148148148148148,2.6842105263157894,Atlanta Hawks
Alex Len,2020,2020-21,55,319,177,59,16,0.554858934169279,0.2711864406779661,0.5799373040752351,0.18495297805642633,1.0727272727272728,Atlanta Hawks
Alex Len,2021,2021-22,59,278,171,25,8,0.6151079136690647,0.32,0.6294964028776978,0.08992805755395683,0.423728813559322,Washington Wizards
Alex Len,2022,2022-23,38,176,94,21,6,0.5340909090909091,0.2857142857142857,0.5511363636363636,0.11931818181818182,0.5526315789473685,Sacramento Kings
Alex Len,2023,2023-24,15,30,16,2,0,0.5333333333333333,0,0.5333333333333333,0.06666666666666667,0.13333333333333333,Sacramento Kings
Alex Len,2024,2024-25,37,81,50,3,0,0.6172839506172839,0,0.6172839506172839,0.037037037037037035,0.08108108108108109,Sacramento Kings
Alexey Shved,2013,2013-14,76,635,236,288,85,0.3716535433070866,0.2951388888888889,0.4385826771653543,0.45354330708661417,3.789473684210526,Minnesota Timberwolves
Alexey Shved,2014,2014-15,58,236,76,101,30,0.3220338983050847,0.297029702970297,0.3855932203389831,0.4279661016949153,1.7413793103448276,Minnesota Timberwolves
Alexey Shved,2015,2015-16,41,335,133,139,47,0.3970149253731343,0.3381294964028777,0.4671641791044776,0.41492537313432837,3.3902439024390243,New York Knicks
Alexis Ajinca,2014,2014-15,53,249,136,1,0,0.5461847389558233,0,0.5461847389558233,0.004016064257028112,0.018867924528301886,New Orleans Pelicans
Alexis Ajinca,2015,2015-16,64,329,181,0,0,0.5501519756838906,NA,0.5501519756838906,0,0,New Orleans Pelicans
Alexis Ajinca,2016,2016-17,56,315,150,1,0,0.47619047619047616,0,0.47619047619047616,0.0031746031746031746,0.017857142857142856,New Orleans Pelicans
Alexis Ajinca,2017,2017-18,37,178,89,4,0,0.5,0,0.5,0.02247191011235955,0.10810810810810811,New Orleans Pelicans
Allen Crabbe,2014,2014-15,10,33,12,14,6,0.36363636363636365,0.42857142857142855,0.45454545454545453,0.42424242424242425,1.4,Portland Trail Blazers
Allen Crabbe,2015,2015-16,44,153,63,85,30,0.4117647058823529,0.35294117647058826,0.5098039215686274,0.5555555555555556,1.9318181818181819,Portland Trail Blazers
Allen Crabbe,2016,2016-17,81,677,311,284,112,0.45937961595273263,0.39436619718309857,0.5420974889217134,0.4194977843426883,3.506172839506173,Portland Trail Blazers
Allen Crabbe,2017,2017-18,79,647,303,302,134,0.46831530139103555,0.44370860927152317,0.5718701700154559,0.4667697063369397,3.8227848101265822,Portland Trail Blazers
Allen Crabbe,2018,2018-19,75,827,337,532,201,0.407496977025393,0.37781954887218044,0.5290205562273277,0.6432889963724304,7.093333333333334,Brooklyn Nets
Allen Crabbe,2019,2019-20,43,373,137,259,98,0.3672922252010724,0.3783783783783784,0.49865951742627346,0.6943699731903485,6.023255813953488,Brooklyn Nets
Allen Crabbe,2020,2020-21,37,177,63,119,36,0.3559322033898305,0.3025210084033613,0.4576271186440678,0.672316384180791,3.2162162162162162,Atlanta Hawks
Alonzo Gee,2013,2013-14,82,744,305,219,69,0.4099462365591398,0.3150684931506849,0.45631720430107525,0.29435483870967744,2.6707317073170733,Cleveland Cavaliers
Alonzo Gee,2014,2014-15,61,236,98,58,19,0.4152542372881356,0.3275862068965517,0.4555084745762712,0.2457627118644068,0.9508196721311475,Cleveland Cavaliers
Alonzo Gee,2015,2015-16,46,186,87,35,13,0.46774193548387094,0.37142857142857144,0.5026881720430108,0.1881720430107527,0.7608695652173914,Denver Nuggets
Alonzo Gee,2016,2016-17,65,255,132,60,17,0.5176470588235295,0.2833333333333333,0.5509803921568628,0.23529411764705882,0.9230769230769231,New Orleans Pelicans
Alonzo Gee,2017,2017-18,7,14,3,3,0,0.21428571428571427,0,0.21428571428571427,0.21428571428571427,0.42857142857142855,Denver Nuggets
Alperen Sengun,2022,2022-23,72,525,249,117,29,0.4742857142857143,0.24786324786324787,0.5019047619047619,0.22285714285714286,1.625,Houston Rockets
Alperen Sengun,2023,2023-24,75,799,442,57,19,0.5531914893617021,0.3333333333333333,0.565081351689612,0.07133917396745933,0.76,Houston Rockets
Alperen Sengun,2024,2024-25,63,982,527,111,33,0.5366598778004074,0.2972972972972973,0.5534623217922607,0.11303462321792261,1.7619047619047619,Houston Rockets
Amar'e Stoudemire,2013,2013-14,29,267,154,0,0,0.5767790262172284,NA,0.5767790262172284,0,0,New York Knicks
Amar'e Stoudemire,2014,2014-15,65,558,311,0,0,0.557347670250896,NA,0.557347670250896,0,0,New York Knicks
Amar'e Stoudemire,2015,2015-16,59,490,273,4,0,0.5571428571428572,0,0.5571428571428572,0.00816326530612245,0.06779661016949153,New York Knicks
Amar'e Stoudemire,2016,2016-17,50,221,125,0,0,0.5656108597285068,NA,0.5656108597285068,0,0,Miami Heat
Amir Coffey,2020,2020-21,14,54,23,19,6,0.42592592592592593,0.3157894736842105,0.48148148148148145,0.35185185185185186,1.3571428571428572,Los Angeles Clippers
Amir Coffey,2021,2021-22,28,103,45,56,23,0.4368932038834951,0.4107142857142857,0.5485436893203883,0.5436893203883495,2,Los Angeles Clippers
Amir Coffey,2022,2022-23,62,466,211,254,96,0.45278969957081544,0.3779527559055118,0.555793991416309,0.5450643776824035,4.096774193548387,Los Angeles Clippers
Amir Coffey,2023,2023-24,34,145,56,40,11,0.38620689655172413,0.275,0.4241379310344828,0.27586206896551724,1.1764705882352942,LA Clippers
Amir Coffey,2024,2024-25,65,352,166,184,70,0.4715909090909091,0.3804347826086957,0.5710227272727273,0.5227272727272727,2.830769230769231,LA Clippers
Amir Johnson,2013,2013-14,80,606,336,13,5,0.5544554455445545,0.38461538461538464,0.5585808580858086,0.02145214521452145,0.1625,Toronto Raptors
Amir Johnson,2014,2014-15,76,612,344,66,20,0.5620915032679739,0.30303030303030304,0.5784313725490197,0.10784313725490197,0.868421052631579,Toronto Raptors
Amir Johnson,2015,2015-16,75,519,298,46,19,0.5741811175337187,0.41304347826086957,0.5924855491329479,0.08863198458574181,0.6133333333333333,Toronto Raptors
Amir Johnson,2016,2016-17,79,426,249,43,10,0.5845070422535211,0.23255813953488372,0.596244131455399,0.10093896713615023,0.5443037974683544,Boston Celtics
Amir Johnson,2017,2017-18,79,370,213,66,27,0.5756756756756757,0.4090909090909091,0.6121621621621621,0.1783783783783784,0.8354430379746836,Boston Celtics
Amir Johnson,2018,2018-19,66,260,140,32,10,0.5384615384615384,0.3125,0.5576923076923077,0.12307692307692308,0.48484848484848486,Philadelphia 76ers
Amir Johnson,2019,2019-20,46,157,79,40,12,0.5031847133757962,0.3,0.5414012738853503,0.25477707006369427,0.8695652173913043,Philadelphia 76ers
Anderson Varejao,2013,2013-14,25,289,138,5,0,0.47750865051903113,0,0.47750865051903113,0.01730103806228374,0.2,Cleveland Cavaliers
Anderson Varejao,2014,2014-15,65,459,227,7,0,0.49455337690631807,0,0.49455337690631807,0.015250544662309368,0.1076923076923077,Cleveland Cavaliers
Anderson Varejao,2015,2015-16,26,200,111,2,0,0.555,0,0.555,0.01,0.07692307692307693,Cleveland Cavaliers
Anderson Varejao,2016,2016-17,46,124,53,1,0,0.4274193548387097,0,0.4274193548387097,0.008064516129032258,0.021739130434782608,Cleveland Cavaliers
Anderson Varejao,2017,2017-18,10,14,5,0,0,0.35714285714285715,NA,0.35714285714285715,0,0,Golden State Warriors
Anderson Varejao,2021,2021-22,5,16,4,1,0,0.25,0,0.25,0.0625,0.2,Cleveland Cavaliers
Andray Blatche,2013,2013-14,82,676,346,22,3,0.5118343195266272,0.13636363636363635,0.5140532544378699,0.03254437869822485,0.2682926829268293,Brooklyn Nets
Andray Blatche,2014,2014-15,73,674,321,54,15,0.4762611275964392,0.2777777777777778,0.4873887240356083,0.08011869436201781,0.7397260273972602,Brooklyn Nets
Andre Drummond,2013,2013-14,58,342,208,2,1,0.6081871345029239,0.5,0.6096491228070176,0.005847953216374269,0.034482758620689655,Detroit Pistons
Andre Drummond,2014,2014-15,81,769,479,2,0,0.6228868660598179,0,0.6228868660598179,0.002600780234070221,0.024691358024691357,Detroit Pistons
Andre Drummond,2015,2015-16,82,961,494,2,0,0.514047866805411,0,0.514047866805411,0.002081165452653486,0.024390243902439025,Detroit Pistons
Andre Drummond,2016,2016-17,81,1060,552,6,2,0.5207547169811321,0.3333333333333333,0.5216981132075472,0.005660377358490566,0.07407407407407407,Detroit Pistons
Andre Drummond,2017,2017-18,81,911,483,7,2,0.5301866081229418,0.2857142857142857,0.531284302963776,0.007683863885839737,0.08641975308641975,Detroit Pistons
Andre Drummond,2018,2018-19,78,881,466,11,0,0.52894438138479,0,0.52894438138479,0.012485811577752554,0.14102564102564102,Detroit Pistons
Andre Drummond,2019,2019-20,79,1052,561,38,5,0.5332699619771863,0.13157894736842105,0.5356463878326996,0.03612167300380228,0.4810126582278481,Detroit Pistons
Andre Drummond,2020,2020-21,57,784,418,35,5,0.5331632653061225,0.14285714285714285,0.5363520408163265,0.044642857142857144,0.6140350877192983,Detroit Pistons
Andre Drummond,2021,2021-22,46,572,282,8,0,0.493006993006993,0,0.493006993006993,0.013986013986013986,0.17391304347826086,Cleveland Cavaliers
Andre Drummond,2022,2022-23,71,433,247,3,0,0.5704387990762124,0,0.5704387990762124,0.006928406466512702,0.04225352112676056,Philadelphia 76ers
Andre Drummond,2023,2023-24,62,274,166,3,0,0.6058394160583942,0,0.6058394160583942,0.010948905109489052,0.04838709677419355,Chicago Bulls
Andre Drummond,2024,2024-25,78,480,267,3,0,0.55625,0,0.55625,0.00625,0.038461538461538464,Chicago Bulls
Andre Iguodala,2013,2013-14,80,879,396,287,91,0.45051194539249145,0.3170731707317073,0.5022753128555176,0.3265073947667804,3.5875,Denver Nuggets
Andre Iguodala,2014,2014-15,63,458,220,175,62,0.48034934497816595,0.35428571428571426,0.5480349344978166,0.38209606986899564,2.7777777777777777,Golden State Warriors
Andre Iguodala,2015,2015-16,77,496,231,212,74,0.4657258064516129,0.3490566037735849,0.5403225806451613,0.4274193548387097,2.7532467532467533,Golden State Warriors
Andre Iguodala,2016,2016-17,64,368,176,154,54,0.4782608695652174,0.35064935064935066,0.5516304347826086,0.41847826086956524,2.40625,Golden State Warriors
Andre Iguodala,2017,2017-18,76,415,219,177,64,0.5277108433734939,0.3615819209039548,0.6048192771084338,0.42650602409638555,2.3289473684210527,Golden State Warriors
Andre Iguodala,2018,2018-19,63,320,148,117,33,0.4625,0.28205128205128205,0.5140625,0.365625,1.8571428571428572,Golden State Warriors
Andre Iguodala,2019,2019-20,65,302,151,144,48,0.5,0.3333333333333333,0.5794701986754967,0.4768211920529801,2.2153846153846155,Golden State Warriors
Andre Iguodala,2020,2020-21,21,88,38,47,14,0.4318181818181818,0.2978723404255319,0.5113636363636364,0.5340909090909091,2.238095238095238,Miami Heat
Andre Iguodala,2021,2021-22,62,248,95,182,60,0.38306451612903225,0.32967032967032966,0.5040322580645161,0.7338709677419355,2.935483870967742,Miami Heat
Andre Iguodala,2022,2022-23,31,121,46,74,17,0.38016528925619836,0.22972972972972974,0.45041322314049587,0.6115702479338843,2.3870967741935485,Golden State Warriors
Andre Iguodala,2023,2023-24,7,15,7,9,1,0.4666666666666667,0.1111111111111111,0.5,0.6,1.2857142857142858,Golden State Warriors
Andre Miller,2013,2013-14,82,632,303,64,17,0.47943037974683544,0.265625,0.49287974683544306,0.10126582278481013,0.7804878048780488,Denver Nuggets
Andre Miller,2014,2014-15,55,231,106,21,11,0.4588744588744589,0.5238095238095238,0.48268398268398266,0.09090909090909091,0.38181818181818183,Denver Nuggets
Andre Miller,2015,2015-16,72,290,145,34,7,0.5,0.20588235294117646,0.5120689655172413,0.11724137931034483,0.4722222222222222,Sacramento Kings
Andre Miller,2016,2016-17,29,106,59,8,2,0.5566037735849056,0.25,0.5660377358490566,0.07547169811320754,0.27586206896551724,Minnesota Timberwolves
Andre Roberson,2014,2014-15,27,68,33,13,2,0.4852941176470588,0.15384615384615385,0.5,0.19117647058823528,0.48148148148148145,Oklahoma City Thunder
Andre Roberson,2015,2015-16,57,201,92,85,21,0.4577114427860697,0.24705882352941178,0.5099502487562189,0.4228855721393035,1.4912280701754386,Oklahoma City Thunder
Andre Roberson,2016,2016-17,69,273,136,102,32,0.4981684981684982,0.3137254901960784,0.5567765567765568,0.37362637362637363,1.4782608695652173,Oklahoma City Thunder
Andre Roberson,2017,2017-18,79,463,215,184,45,0.46436285097192226,0.24456521739130435,0.5129589632829373,0.39740820734341253,2.329113924050633,Oklahoma City Thunder
Andre Roberson,2018,2018-19,39,162,87,36,8,0.5370370370370371,0.2222222222222222,0.5617283950617284,0.2222222222222222,0.9230769230769231,Oklahoma City Thunder
Andre Roberson,2020,2020-21,6,29,8,14,3,0.27586206896551724,0.21428571428571427,0.3275862068965517,0.4827586206896552,2.3333333333333335,Oklahoma City Thunder
Andre Roberson,2021,2021-22,4,14,2,8,1,0.14285714285714285,0.125,0.17857142857142858,0.5714285714285714,2,Brooklyn Nets
Andrea Bargnani,2013,2013-14,35,426,170,123,38,0.39906103286384975,0.3089430894308943,0.44366197183098594,0.2887323943661972,3.5142857142857142,Toronto Raptors
Andrea Bargnani,2014,2014-15,42,502,222,108,30,0.44223107569721115,0.2777777777777778,0.4721115537848606,0.2151394422310757,2.5714285714285716,New York Knicks
Andrea Bargnani,2015,2015-16,28,361,164,41,15,0.45429362880886426,0.36585365853658536,0.47506925207756234,0.11357340720221606,1.4642857142857142,New York Knicks
Andrea Bargnani,2016,2016-17,45,279,127,16,3,0.4551971326164875,0.1875,0.460573476702509,0.05734767025089606,0.35555555555555557,Brooklyn Nets
Andrew Bogut,2013,2013-14,32,184,83,1,1,0.45108695652173914,1,0.453804347826087,0.005434782608695652,0.03125,Golden State Warriors
Andrew Bogut,2014,2014-15,67,375,235,0,0,0.6266666666666667,NA,0.6266666666666667,0,0,Golden State Warriors
Andrew Bogut,2015,2015-16,67,355,200,0,0,0.5633802816901409,NA,0.5633802816901409,0,0,Golden State Warriors
Andrew Bogut,2016,2016-17,68,279,175,1,1,0.6272401433691757,1,0.6290322580645161,0.0035842293906810036,0.014705882352941176,Golden State Warriors
Andrew Bogut,2017,2017-18,23,81,38,1,0,0.4691358024691358,0,0.4691358024691358,0.012345679012345678,0.043478260869565216,Dallas Mavericks
Andrew Bogut,2018,2018-19,12,25,17,0,0,0.68,NA,0.68,0,0,Los Angeles Lakers
Andrew Bogut,2019,2019-20,9,36,18,0,0,0.5,NA,0.5,0,0,Golden State Warriors
Andrew Nembhard,2023,2023-24,75,644,284,263,92,0.4409937888198758,0.34980988593155893,0.5124223602484472,0.4083850931677019,3.506666666666667,Indiana Pacers
Andrew Nembhard,2024,2024-25,67,522,260,171,61,0.49808429118773945,0.3567251461988304,0.5565134099616859,0.3275862068965517,2.5522388059701493,Indiana Pacers
Andrew Nicholson,2013,2013-14,73,486,256,0,0,0.5267489711934157,NA,0.5267489711934157,0,0,Orlando Magic
Andrew Nicholson,2014,2014-15,71,420,180,89,28,0.42857142857142855,0.3146067415730337,0.46190476190476193,0.2119047619047619,1.2535211267605635,Orlando Magic
Andrew Nicholson,2015,2015-16,34,190,83,41,13,0.4368421052631579,0.3170731707317073,0.4710526315789474,0.21578947368421053,1.2058823529411764,Orlando Magic
Andrew Nicholson,2016,2016-17,49,310,146,114,41,0.47096774193548385,0.35964912280701755,0.5370967741935484,0.36774193548387096,2.326530612244898,Orlando Magic
Andrew Nicholson,2017,2017-18,34,111,43,27,5,0.38738738738738737,0.18518518518518517,0.4099099099099099,0.24324324324324326,0.7941176470588235,Washington Wizards
Andrew Wiggins,2015,2015-16,82,1137,497,126,39,0.4371152154793316,0.30952380952380953,0.4542656112576957,0.11081794195250659,1.5365853658536586,Minnesota Timberwolves
Andrew Wiggins,2016,2016-17,81,1294,594,190,57,0.45904173106646057,0.3,0.4810664605873261,0.14683153013910355,2.345679012345679,Minnesota Timberwolves
Andrew Wiggins,2017,2017-18,82,1570,709,289,103,0.4515923566878981,0.356401384083045,0.48439490445859873,0.1840764331210191,3.524390243902439,Minnesota Timberwolves
Andrew Wiggins,2018,2018-19,82,1300,569,338,112,0.4376923076923077,0.33136094674556216,0.4807692307692308,0.26,4.121951219512195,Minnesota Timberwolves
Andrew Wiggins,2019,2019-20,73,1209,498,348,118,0.4119106699751861,0.3390804597701149,0.46071133167907363,0.2878411910669975,4.767123287671233,Minnesota Timberwolves
Andrew Wiggins,2020,2020-21,54,978,437,334,111,0.44683026584867075,0.3323353293413174,0.5035787321063395,0.34151329243353784,6.185185185185185,Minnesota Timberwolves
Andrew Wiggins,2021,2021-22,71,1058,505,368,140,0.4773156899810964,0.3804347826086957,0.5434782608695652,0.34782608695652173,5.183098591549296,Golden State Warriors
Andrew Wiggins,2022,2022-23,73,1019,475,399,157,0.4661432777232581,0.39348370927318294,0.543179587831207,0.3915603532875368,5.465753424657534,Golden State Warriors
Andrew Wiggins,2023,2023-24,37,529,250,225,89,0.4725897920604915,0.39555555555555555,0.556710775047259,0.42533081285444235,6.081081081081081,Golden State Warriors
Andrew Wiggins,2024,2024-25,71,780,353,254,91,0.45256410256410257,0.35826771653543305,0.5108974358974359,0.32564102564102565,3.5774647887323945,Golden State Warriors
Anfernee Simons,2019,2019-20,15,63,28,29,10,0.4444444444444444,0.3448275862068966,0.5238095238095238,0.4603174603174603,1.9333333333333333,Portland Trail Blazers
Anfernee Simons,2020,2020-21,70,536,214,226,75,0.39925373134328357,0.33185840707964603,0.46921641791044777,0.4216417910447761,3.2285714285714286,Portland Trail Blazers
Anfernee Simons,2021,2021-22,63,401,168,282,120,0.41895261845386533,0.425531914893617,0.5685785536159601,0.7032418952618454,4.476190476190476,Portland Trail Blazers
Anfernee Simons,2022,2022-23,57,797,353,442,179,0.44291091593475534,0.40497737556561086,0.555207026348808,0.5545796737766625,7.754385964912281,Portland Trail Blazers
Anfernee Simons,2023,2023-24,62,1045,467,562,212,0.44688995215311006,0.37722419928825623,0.5483253588516747,0.5377990430622009,9.064516129032258,Portland Trail Blazers
Anfernee Simons,2024,2024-25,46,837,360,405,156,0.43010752688172044,0.3851851851851852,0.5232974910394266,0.4838709677419355,8.804347826086957,Portland Trail Blazers
Anthony Davis,2013,2013-14,64,676,349,6,0,0.5162721893491125,0,0.5162721893491125,0.008875739644970414,0.09375,New Orleans Hornets
Anthony Davis,2014,2014-15,67,1005,522,9,2,0.5194029850746269,0.2222222222222222,0.5203980099502488,0.008955223880597015,0.13432835820895522,New Orleans Pelicans
Anthony Davis,2015,2015-16,68,1199,642,12,1,0.5354462051709759,0.08333333333333333,0.5358632193494579,0.010008340283569641,0.17647058823529413,New Orleans Pelicans
Anthony Davis,2016,2016-17,61,1136,560,108,35,0.49295774647887325,0.32407407407407407,0.508362676056338,0.09507042253521127,1.7704918032786885,New Orleans Pelicans
Anthony Davis,2017,2017-18,75,1526,770,134,40,0.5045871559633027,0.29850746268656714,0.5176933158584535,0.08781127129750983,1.7866666666666666,New Orleans Pelicans
Anthony Davis,2018,2018-19,75,1462,780,162,55,0.533515731874145,0.3395061728395062,0.5523255813953488,0.11080711354309165,2.16,New Orleans Pelicans
Anthony Davis,2019,2019-20,56,1026,530,145,48,0.5165692007797271,0.3310344827586207,0.5399610136452242,0.14132553606237816,2.5892857142857144,New Orleans Pelicans
Anthony Davis,2020,2020-21,62,1096,551,218,72,0.5027372262773723,0.3302752293577982,0.5355839416058394,0.1989051094890511,3.5161290322580645,Los Angeles Lakers
Anthony Davis,2021,2021-22,36,613,301,100,26,0.4910277324632953,0.26,0.5122349102773246,0.1631321370309951,2.7777777777777777,Los Angeles Lakers
Anthony Davis,2022,2022-23,40,695,370,70,13,0.5323741007194245,0.18571428571428572,0.541726618705036,0.10071942446043165,1.75,Los Angeles Lakers
Anthony Davis,2023,2023-24,55,962,542,74,19,0.5634095634095634,0.25675675675675674,0.5732848232848233,0.07692307692307693,1.3454545454545455,Los Angeles Lakers
Anthony Davis,2024,2024-25,76,1283,713,107,29,0.5557287607170693,0.27102803738317754,0.5670303975058457,0.08339828526890102,1.4078947368421053,Los Angeles Lakers
Anthony Edwards,2021,2021-22,72,1211,505,520,171,0.41701073492981006,0.32884615384615384,0.4876135425268373,0.42939719240297275,7.222222222222222,Minnesota Timberwolves
Anthony Edwards,2022,2022-23,72,1245,549,602,215,0.44096385542168676,0.35714285714285715,0.5273092369477912,0.4835341365461847,8.36111111111111,Minnesota Timberwolves
Anthony Edwards,2023,2023-24,79,1541,707,578,213,0.4587929915639195,0.3685121107266436,0.5279039584685269,0.3750811161583387,7.3164556962025316,Minnesota Timberwolves
Anthony Edwards,2024,2024-25,79,1558,718,532,190,0.46084724005134786,0.35714285714285715,0.5218228498074454,0.34146341463414637,6.734177215189874,Minnesota Timberwolves
Anthony Morrow,2013,2013-14,35,145,64,43,16,0.4413793103448276,0.37209302325581395,0.496551724137931,0.296551724137931,1.2285714285714286,Atlanta Hawks
Anthony Morrow,2014,2014-15,74,520,238,195,88,0.4576923076923077,0.4512820512820513,0.5423076923076923,0.375,2.635135135135135,New Orleans Pelicans
Anthony Morrow,2015,2015-16,74,615,285,325,141,0.4634146341463415,0.4338461538461538,0.5780487804878048,0.5284552845528455,4.391891891891892,Oklahoma City Thunder
Anthony Morrow,2016,2016-17,63,333,136,204,79,0.4084084084084084,0.3872549019607843,0.527027027027027,0.6126126126126126,3.238095238095238,Oklahoma City Thunder
Anthony Morrow,2017,2017-18,47,252,98,133,41,0.3888888888888889,0.3082706766917293,0.47023809523809523,0.5277777777777778,2.8297872340425534,Oklahoma City Thunder
Anthony Tolliver,2013,2013-14,55,216,82,133,45,0.37962962962962965,0.3383458646616541,0.4837962962962963,0.6157407407407407,2.418181818181818,Atlanta Hawks
Anthony Tolliver,2014,2014-15,60,307,129,247,102,0.4201954397394137,0.41295546558704455,0.5863192182410424,0.8045602605863192,4.116666666666666,Charlotte Bobcats
Anthony Tolliver,2015,2015-16,74,393,161,290,106,0.40966921119592875,0.36551724137931035,0.544529262086514,0.7379134860050891,3.918918918918919,Detroit Pistons
Anthony Tolliver,2016,2016-17,71,331,128,271,98,0.3867069486404834,0.36162361623616235,0.5347432024169184,0.8187311178247734,3.816901408450704,Detroit Pistons
Anthony Tolliver,2017,2017-18,62,349,154,228,89,0.44126074498567336,0.39035087719298245,0.5687679083094556,0.6532951289398281,3.6774193548387095,Sacramento Kings
Anthony Tolliver,2018,2018-19,79,472,219,365,159,0.4639830508474576,0.43561643835616437,0.6324152542372882,0.7733050847457628,4.620253164556962,Detroit Pistons
Anthony Tolliver,2019,2019-20,58,259,99,215,81,0.38223938223938225,0.3767441860465116,0.5386100386100386,0.8301158301158301,3.706896551724138,Minnesota Timberwolves
Anthony Tolliver,2020,2020-21,48,182,65,145,49,0.35714285714285715,0.33793103448275863,0.49175824175824173,0.7967032967032966,3.0208333333333335,Portland Trail Blazers
Anthony Tolliver,2021,2021-22,8,17,4,14,4,0.23529411764705882,0.2857142857142857,0.35294117647058826,0.8235294117647058,1.75,Philadelphia 76ers
Aron Baynes,2013,2013-14,10,36,18,1,0,0.5,0,0.5,0.027777777777777776,0.1,San Antonio Spurs
Aron Baynes,2014,2014-15,45,163,71,0,0,0.43558282208588955,NA,0.43558282208588955,0,0,San Antonio Spurs
Aron Baynes,2015,2015-16,65,327,185,4,1,0.5657492354740061,0.25,0.5672782874617737,0.012232415902140673,0.06153846153846154,San Antonio Spurs
Aron Baynes,2016,2016-17,79,384,194,2,0,0.5052083333333334,0,0.5052083333333334,0.005208333333333333,0.02531645569620253,Detroit Pistons
Aron Baynes,2017,2017-18,69,279,143,0,0,0.5125448028673835,NA,0.5125448028673835,0,0,Detroit Pistons
Aron Baynes,2018,2018-19,80,446,210,21,3,0.47085201793721976,0.14285714285714285,0.4742152466367713,0.04708520179372197,0.2625,Boston Celtics
Aron Baynes,2019,2019-20,49,223,105,61,21,0.47085201793721976,0.3442622950819672,0.5179372197309418,0.273542600896861,1.2448979591836735,Boston Celtics
Aron Baynes,2020,2020-21,42,381,183,168,59,0.48031496062992124,0.35119047619047616,0.5577427821522309,0.4409448818897638,4,Phoenix Suns
Aron Baynes,2021,2021-22,52,304,134,103,27,0.4407894736842105,0.2621359223300971,0.48519736842105265,0.33881578947368424,1.9807692307692308,Toronto Raptors
Arron Afflalo,2013,2013-14,64,905,397,240,72,0.43867403314917125,0.3,0.47845303867403316,0.26519337016574585,3.75,Orlando Magic
Arron Afflalo,2014,2014-15,73,1010,464,299,128,0.4594059405940594,0.4280936454849498,0.5227722772277228,0.296039603960396,4.095890410958904,Orlando Magic
Arron Afflalo,2015,2015-16,78,884,375,333,118,0.4242081447963801,0.35435435435435436,0.49095022624434387,0.3766968325791855,4.269230769230769,Denver Nuggets
Arron Afflalo,2016,2016-17,71,797,354,236,91,0.44416562107904645,0.3855932203389831,0.501254705144291,0.2961104140526976,3.323943661971831,New York Knicks
Arron Afflalo,2017,2017-18,60,420,185,151,62,0.44047619047619047,0.4105960264900662,0.5142857142857142,0.3595238095238095,2.5166666666666666,Sacramento Kings
Arron Afflalo,2018,2018-19,48,162,65,70,27,0.4012345679012346,0.38571428571428573,0.4845679012345679,0.43209876543209874,1.4583333333333333,Orlando Magic
Austin Reaves,2022,2022-23,59,318,146,167,53,0.4591194968553459,0.31736526946107785,0.5424528301886793,0.5251572327044025,2.830508474576271,Los Angeles Lakers
Austin Reaves,2023,2023-24,64,490,259,216,86,0.5285714285714286,0.39814814814814814,0.6163265306122448,0.44081632653061226,3.375,Los Angeles Lakers
Austin Reaves,2024,2024-25,82,940,457,420,154,0.48617021276595745,0.36666666666666664,0.5680851063829787,0.44680851063829785,5.121951219512195,Los Angeles Lakers
Austin Rivers,2013,2013-14,59,390,145,86,28,0.3717948717948718,0.32558139534883723,0.4076923076923077,0.2205128205128205,1.4576271186440677,New Orleans Hornets
Austin Rivers,2014,2014-15,66,474,192,99,36,0.4050632911392405,0.36363636363636365,0.4430379746835443,0.2088607594936709,1.5,New Orleans Pelicans
Austin Rivers,2015,2015-16,76,495,203,130,39,0.4101010101010101,0.3,0.4494949494949495,0.26262626262626265,1.7105263157894737,Los Angeles Clippers
Austin Rivers,2016,2016-17,67,514,226,183,62,0.4396887159533074,0.33879781420765026,0.5,0.3560311284046693,2.7313432835820897,LA Clippers
Austin Rivers,2017,2017-18,74,729,323,297,111,0.4430727023319616,0.37373737373737376,0.5192043895747599,0.4074074074074074,4.013513513513513,LA Clippers
Austin Rivers,2018,2018-19,61,805,341,360,136,0.4236024844720497,0.37777777777777777,0.5080745341614907,0.4472049689440994,5.901639344262295,LA Clippers
Austin Rivers,2019,2019-20,76,572,232,327,104,0.40559440559440557,0.3180428134556575,0.4965034965034965,0.5716783216783217,4.302631578947368,Houston Rockets
Austin Rivers,2020,2020-21,67,501,211,270,96,0.42115768463073855,0.35555555555555557,0.5169660678642715,0.5389221556886228,4.029850746268656,Houston Rockets
Austin Rivers,2021,2021-22,34,245,104,149,55,0.42448979591836733,0.3691275167785235,0.536734693877551,0.6081632653061224,4.382352941176471,New York Knicks
Austin Rivers,2022,2022-23,67,350,146,231,79,0.41714285714285715,0.341991341991342,0.53,0.66,3.4477611940298507,Denver Nuggets
Austin Rivers,2023,2023-24,48,209,91,123,43,0.4354066985645933,0.34959349593495936,0.5382775119617225,0.5885167464114832,2.5625,Minnesota Timberwolves
Avery Bradley,2013,2013-14,50,478,192,126,40,0.401673640167364,0.31746031746031744,0.4435146443514644,0.26359832635983266,2.52,Boston Celtics
Avery Bradley,2014,2014-15,60,824,361,199,79,0.4381067961165049,0.3969849246231156,0.48604368932038833,0.24150485436893204,3.316666666666667,Boston Celtics
Avery Bradley,2015,2015-16,77,1012,434,351,124,0.4288537549407115,0.35327635327635326,0.4901185770750988,0.3468379446640316,4.558441558441558,Boston Celtics
Avery Bradley,2016,2016-17,76,1018,456,406,147,0.44793713163064836,0.3620689655172414,0.5201375245579568,0.3988212180746562,5.342105263157895,Boston Celtics
Avery Bradley,2017,2017-18,55,775,359,277,108,0.4632258064516129,0.3898916967509025,0.5329032258064517,0.3574193548387097,5.036363636363636,Boston Celtics
Avery Bradley,2018,2018-19,46,625,259,203,75,0.4144,0.3694581280788177,0.4744,0.3248,4.413043478260869,Detroit Pistons
Avery Bradley,2019,2019-20,63,608,248,245,86,0.40789473684210525,0.3510204081632653,0.4786184210526316,0.4029605263157895,3.888888888888889,LA Clippers
Avery Bradley,2020,2020-21,49,383,170,173,63,0.44386422976501305,0.36416184971098264,0.5261096605744126,0.4516971279373368,3.5306122448979593,Los Angeles Lakers
Avery Bradley,2021,2021-22,27,171,64,101,33,0.3742690058479532,0.32673267326732675,0.47076023391812866,0.5906432748538012,3.740740740740741,Houston Rockets
Avery Bradley,2022,2022-23,60,350,148,210,82,0.4228571428571429,0.3904761904761905,0.54,0.6,3.5,Los Angeles Lakers
Ayo Dosunmu,2022,2022-23,77,535,278,186,70,0.5196261682242991,0.3763440860215054,0.5850467289719626,0.34766355140186916,2.4155844155844157,Chicago Bulls
Ayo Dosunmu,2023,2023-24,79,570,281,189,59,0.49298245614035086,0.31216931216931215,0.5447368421052632,0.33157894736842103,2.392405063291139,Chicago Bulls
Ayo Dosunmu,2024,2024-25,76,719,360,295,119,0.5006954102920723,0.4033898305084746,0.5834492350486787,0.4102920723226704,3.8815789473684212,Chicago Bulls
Bam Adebayo,2018,2018-19,64,340,174,7,0,0.5117647058823529,0,0.5117647058823529,0.020588235294117647,0.109375,Miami Heat
Bam Adebayo,2019,2019-20,82,486,280,15,3,0.5761316872427984,0.2,0.5792181069958847,0.030864197530864196,0.18292682926829268,Miami Heat
Bam Adebayo,2020,2020-21,72,790,440,14,2,0.5569620253164557,0.14285714285714285,0.5582278481012658,0.017721518987341773,0.19444444444444445,Miami Heat
Bam Adebayo,2021,2021-22,64,800,456,8,2,0.57,0.25,0.57125,0.01,0.125,Miami Heat
Bam Adebayo,2022,2022-23,56,729,406,6,0,0.5569272976680384,0,0.5569272976680384,0.00823045267489712,0.10714285714285714,Miami Heat
Bam Adebayo,2023,2023-24,75,1114,602,12,1,0.5403949730700179,0.08333333333333333,0.5408438061041293,0.010771992818671455,0.16,Miami Heat
Bam Adebayo,2024,2024-25,71,1017,530,42,15,0.5211406096361848,0.35714285714285715,0.5285152409046214,0.04129793510324484,0.5915492957746479,Miami Heat
Ben Gordon,2013,2013-14,75,760,310,292,113,0.40789473684210525,0.386986301369863,0.48223684210526313,0.38421052631578945,3.8933333333333335,Charlotte Bobcats
Ben Gordon,2014,2014-15,18,107,37,28,8,0.34579439252336447,0.2857142857142857,0.38317757009345793,0.2616822429906542,1.5555555555555556,Charlotte Bobcats
Ben Gordon,2015,2015-16,55,295,129,97,35,0.43728813559322033,0.36082474226804123,0.4966101694915254,0.3288135593220339,1.7636363636363637,Orlando Magic
Ben McLemore,2014,2014-15,80,679,255,297,95,0.3755522827687776,0.31986531986531985,0.44550810014727543,0.4374079528718704,3.7125,Sacramento Kings
Ben McLemore,2015,2015-16,82,831,363,391,140,0.4368231046931408,0.35805626598465473,0.5210589651022864,0.470517448856799,4.7682926829268295,Sacramento Kings
Ben McLemore,2016,2016-17,67,455,195,185,67,0.42857142857142855,0.3621621621621622,0.5021978021978022,0.4065934065934066,2.7611940298507465,Sacramento Kings
Ben McLemore,2017,2017-18,56,418,179,169,64,0.42822966507177035,0.378698224852071,0.5047846889952153,0.4043062200956938,3.017857142857143,Sacramento Kings
Ben McLemore,2018,2018-19,52,373,157,159,55,0.42091152815013405,0.34591194968553457,0.49463806970509383,0.4262734584450402,3.0576923076923075,Memphis Grizzlies
Ben McLemore,2019,2019-20,17,64,25,41,17,0.390625,0.4146341463414634,0.5234375,0.640625,2.411764705882353,Sacramento Kings
Ben McLemore,2020,2020-21,71,545,242,452,181,0.44403669724770645,0.4004424778761062,0.6100917431192661,0.8293577981651377,6.366197183098592,Houston Rockets
Ben McLemore,2021,2021-22,51,365,135,280,97,0.3698630136986301,0.3464285714285714,0.5027397260273972,0.7671232876712328,5.490196078431373,Houston Rockets
Ben McLemore,2022,2022-23,62,539,216,417,151,0.4007421150278293,0.36211031175059955,0.5408163265306123,0.7736549165120594,6.725806451612903,Portland Trail Blazers
Ben Simmons,2018,2018-19,81,998,544,11,0,0.5450901803607214,0,0.5450901803607214,0.011022044088176353,0.13580246913580246,Philadelphia 76ers
Ben Simmons,2019,2019-20,79,960,540,6,0,0.5625,0,0.5625,0.00625,0.0759493670886076,Philadelphia 76ers
Ben Simmons,2020,2020-21,57,647,375,7,2,0.5795981452859351,0.2857142857142857,0.5811437403400309,0.010819165378670788,0.12280701754385964,Philadelphia 76ers
Ben Simmons,2021,2021-22,58,583,325,10,3,0.5574614065180102,0.3,0.5600343053173242,0.017152658662092625,0.1724137931034483,Philadelphia 76ers
Ben Simmons,2023,2023-24,42,235,133,2,0,0.5659574468085107,0,0.5659574468085107,0.00851063829787234,0.047619047619047616,Brooklyn Nets
Ben Simmons,2024,2024-25,14,74,43,0,0,0.581081081081081,NA,0.581081081081081,0,0,Brooklyn Nets
Bennedict Mathurin,2023,2023-24,78,951,413,310,100,0.434279705573081,0.3225806451612903,0.4868559411146162,0.32597266035751843,3.9743589743589745,Indiana Pacers
Bennedict Mathurin,2024,2024-25,59,663,296,214,80,0.4464555052790347,0.37383177570093457,0.5067873303167421,0.32277526395173456,3.6271186440677967,Indiana Pacers
Beno Udrih,2013,2013-14,66,476,210,102,34,0.4411764705882353,0.3333333333333333,0.47689075630252103,0.21428571428571427,1.5454545454545454,Milwaukee Bucks
Beno Udrih,2014,2014-15,36,178,78,42,19,0.43820224719101125,0.4523809523809524,0.49157303370786515,0.23595505617977527,1.1666666666666667,New York Knicks
Beno Udrih,2015,2015-16,79,505,246,97,26,0.4871287128712871,0.26804123711340205,0.5128712871287129,0.19207920792079208,1.2278481012658229,Memphis Grizzlies
Beno Udrih,2016,2016-17,42,197,86,43,15,0.4365482233502538,0.3488372093023256,0.4746192893401015,0.2182741116751269,1.0238095238095237,Miami Heat
Beno Udrih,2017,2017-18,34,197,92,32,11,0.467005076142132,0.34375,0.4949238578680203,0.16243654822335024,0.9411764705882353,Detroit Pistons
Bismack Biyombo,2013,2013-14,77,346,156,0,0,0.4508670520231214,NA,0.4508670520231214,0,0,Charlotte Bobcats
Bismack Biyombo,2014,2014-15,66,144,88,0,0,0.6111111111111112,NA,0.6111111111111112,0,0,Charlotte Bobcats
Bismack Biyombo,2015,2015-16,53,186,101,0,0,0.543010752688172,NA,0.543010752688172,0,0,Charlotte Hornets
Bismack Biyombo,2016,2016-17,77,288,156,1,0,0.5416666666666666,0,0.5416666666666666,0.003472222222222222,0.012987012987012988,Toronto Raptors
Bismack Biyombo,2017,2017-18,78,339,179,0,0,0.528023598820059,NA,0.528023598820059,0,0,Orlando Magic
Bismack Biyombo,2018,2018-19,79,352,183,1,0,0.5198863636363636,0,0.5198863636363636,0.002840909090909091,0.012658227848101266,Orlando Magic
Bismack Biyombo,2019,2019-20,49,156,89,0,0,0.5705128205128205,NA,0.5705128205128205,0,0,Charlotte Hornets
Bismack Biyombo,2020,2020-21,52,278,151,0,0,0.5431654676258992,NA,0.5431654676258992,0,0,Charlotte Hornets
Bismack Biyombo,2021,2021-22,62,242,142,1,0,0.5867768595041323,0,0.5867768595041323,0.004132231404958678,0.016129032258064516,Charlotte Hornets
Bismack Biyombo,2022,2022-23,31,145,86,0,0,0.593103448275862,NA,0.593103448275862,0,0,Phoenix Suns
Bismack Biyombo,2023,2023-24,54,206,119,0,0,0.5776699029126213,NA,0.5776699029126213,0,0,Phoenix Suns
Bismack Biyombo,2024,2024-25,33,131,74,0,0,0.5648854961832062,NA,0.5648854961832062,0,0,Memphis Grizzlies
Blake Griffin,2013,2013-14,80,1072,577,28,5,0.5382462686567164,0.17857142857142858,0.5405783582089553,0.026119402985074626,0.35,Los Angeles Clippers
Blake Griffin,2014,2014-15,80,1359,718,44,12,0.5283296541574687,0.2727272727272727,0.5327446651949963,0.03237674760853569,0.55,Los Angeles Clippers
Blake Griffin,2015,2015-16,67,1144,574,25,10,0.5017482517482518,0.4,0.5061188811188811,0.021853146853146852,0.373134328358209,Los Angeles Clippers
Blake Griffin,2016,2016-17,35,603,301,18,6,0.49917081260364843,0.3333333333333333,0.5041459369817579,0.029850746268656716,0.5142857142857142,LA Clippers
Blake Griffin,2017,2017-18,61,970,479,112,38,0.49381443298969074,0.3392857142857143,0.51340206185567006,0.1154639175257732,1.8360655737704918,LA Clippers
Blake Griffin,2018,2018-19,58,996,436,322,111,0.43775100401606426,0.3447204968944099,0.4934738955823293,0.3232931726907631,5.551724137931035,LA Clippers
Blake Griffin,2019,2019-20,75,1341,619,522,189,0.4615958240119314,0.3620689655172414,0.5320656226696495,0.38926174496644295,6.96,Detroit Pistons
Blake Griffin,2020,2020-21,18,250,88,111,27,0.352,0.24324324324324326,0.406,0.444,6.166666666666667,Detroit Pistons
Blake Griffin,2021,2021-22,46,411,174,205,70,0.4233576642335766,0.34146341463414637,0.5085158150851582,0.49878345498783455,4.456521739130435,Detroit Pistons
Blake Griffin,2022,2022-23,54,313,133,145,38,0.4249201277955272,0.2620689655172414,0.48562300319488816,0.46325878594249204,2.685185185185185,Brooklyn Nets
Blake Griffin,2023,2023-24,34,130,63,66,23,0.4846153846153846,0.3484848484848485,0.573076923076923,0.5076923076923077,1.9411764705882353,Boston Celtics
Boban Marjanovic,2016,2016-17,40,174,105,0,0,0.603448275862069,NA,0.603448275862069,0,0,San Antonio Spurs
Boban Marjanovic,2017,2017-18,32,132,72,0,0,0.5454545454545454,NA,0.5454545454545454,0,0,Detroit Pistons
Boban Marjanovic,2018,2018-19,34,148,79,0,0,0.5337837837837838,NA,0.5337837837837838,0,0,Detroit Pistons
Boban Marjanovic,2019,2019-20,52,260,160,10,4,0.6153846153846154,0.4,0.6230769230769231,0.038461538461538464,0.19230769230769232,LA Clippers
Boban Marjanovic,2020,2020-21,37,211,121,17,4,0.5734597156398105,0.23529411764705882,0.5829383886255924,0.08056872037914692,0.4594594594594595,Dallas Mavericks
Boban Marjanovic,2021,2021-22,30,122,62,8,1,0.5081967213114754,0.125,0.5122950819672131,0.06557377049180328,0.26666666666666666,Dallas Mavericks
Boban Marjanovic,2022,2022-23,20,70,42,4,1,0.6,0.25,0.6071428571428571,0.05714285714285714,0.2,Dallas Mavericks
Boban Marjanovic,2023,2023-24,23,60,41,1,0,0.6833333333333333,0,0.6833333333333333,0.016666666666666666,0.043478260869565216,Houston Rockets
Boban Marjanovic,2024,2024-25,13,34,18,2,0,0.5294117647058824,0,0.5294117647058824,0.058823529411764705,0.15384615384615385,Houston Rockets
Bobby Portis,2016,2016-17,60,436,186,52,16,0.42660550458715596,0.3076923076923077,0.44495412844036697,0.11926605504587157,0.8666666666666667,Chicago Bulls
Bobby Portis,2017,2017-18,61,375,183,96,32,0.488,0.3333333333333333,0.5306666666666666,0.256,1.5737704918032787,Chicago Bulls
Bobby Portis,2018,2018-19,73,811,382,223,80,0.47102342786683105,0.35874439461883406,0.5203452527743526,0.2749691738594328,3.0547945205479454,Chicago Bulls
Bobby Portis,2019,2019-20,50,628,279,191,75,0.4442675159235669,0.39267015706806285,0.5039808917197452,0.304140127388535,3.82,Washington Wizards
Bobby Portis,2020,2020-21,66,589,265,187,67,0.44991511035653653,0.3582887700534759,0.5067911714770797,0.3174872665534805,2.8333333333333335,New York Knicks
Bobby Portis,2021,2021-22,66,598,313,157,74,0.5234113712374582,0.4713375796178344,0.5852842809364549,0.2625418060200669,2.378787878787879,Milwaukee Bucks
Bobby Portis,2022,2022-23,72,871,417,338,133,0.47876004592422505,0.39349112426035504,0.5551090700344432,0.3880597014925373,4.694444444444445,Milwaukee Bucks
Bobby Portis,2023,2023-24,70,803,398,257,95,0.49564134495641343,0.36964980544747084,0.5547945205479452,0.32004981320049813,3.6714285714285713,Milwaukee Bucks
Bobby Portis,2024,2024-25,82,918,466,246,100,0.5076252723311547,0.4065040650406504,0.5620915032679739,0.2679738562091503,3,Milwaukee Bucks
Bogdan Bogdanovic,2018,2018-19,78,772,344,329,129,0.44559585492227977,0.39209726443769,0.5291450777202072,0.4261658031088083,4.217948717948718,Sacramento Kings
Bogdan Bogdanovic,2019,2019-20,70,863,361,372,134,0.4183082271147161,0.3602150537634409,0.4959443800695249,0.43105446118192353,5.314285714285714,Sacramento Kings
Bogdan Bogdanovic,2020,2020-21,61,766,337,441,164,0.43994778067885115,0.37188208616780044,0.5469973890339426,0.5757180156657964,7.229508196721311,Sacramento Kings
Bogdan Bogdanovic,2021,2021-22,44,565,267,333,146,0.4725663716814159,0.43843843843843844,0.6017699115044248,0.5893805309734513,7.568181818181818,Atlanta Hawks
Bogdan Bogdanovic,2022,2022-23,63,794,342,459,169,0.43073047858942065,0.3681917211328976,0.5371536523929471,0.5780856423173804,7.285714285714286,Atlanta Hawks
Bogdan Bogdanovic,2023,2023-24,54,611,273,360,146,0.44680851063829785,0.40555555555555556,0.5662847790507365,0.5891980360065466,6.666666666666667,Atlanta Hawks
Bogdan Bogdanovic,2024,2024-25,79,1100,471,641,240,0.42818181818181816,0.374414976599064,0.5372727272727272,0.5827272727272728,8.113924050632912,Atlanta Hawks
Bojan Bogdanovic,2015,2015-16,76,576,261,256,91,0.453125,0.35546875,0.5321180555555556,0.4444444444444444,3.3684210526315788,Brooklyn Nets
Bojan Bogdanovic,2016,2016-17,79,748,324,337,129,0.43315508021390375,0.3827893175074184,0.5193850267379679,0.4505347593582888,4.265822784810126,Brooklyn Nets
Bojan Bogdanovic,2017,2017-18,81,844,375,391,143,0.4443127962085308,0.3657289002557545,0.5290284360189573,0.46327014218009477,4.827160493827161,Brooklyn Nets
Bojan Bogdanovic,2018,2018-19,80,852,404,386,155,0.47417840375586856,0.4015544041450777,0.5651408450704225,0.45305164319248825,4.825,Indiana Pacers
Bojan Bogdanovic,2019,2019-20,81,1051,522,386,164,0.4966698382492864,0.42487046632124353,0.5746907706945766,0.36726926736441484,4.765432098765432,Indiana Pacers
Bojan Bogdanovic,2020,2020-21,63,935,418,457,189,0.4470588235294118,0.4135667396061269,0.5481283422459893,0.48877005347593583,7.253968253968254,Utah Jazz
Bojan Bogdanovic,2021,2021-22,72,925,406,461,180,0.43891891891891893,0.39045553145336226,0.5362162162162162,0.4983783783783784,6.402777777777778,Utah Jazz
Bojan Bogdanovic,2022,2022-23,69,928,422,468,181,0.4547413793103448,0.38675213675213677,0.5522629310344828,0.5043103448275862,6.782608695652174,Utah Jazz
Bojan Bogdanovic,2023,2023-24,59,882,430,353,145,0.4875283446712018,0.41076487252124644,0.5697278911564626,0.4002267573696145,5.983050847457627,Detroit Pistons
Bojan Bogdanovic,2024,2024-25,57,681,309,334,133,0.45374449339207046,0.39820359281437123,0.5513950073421439,0.49045521292217326,5.859649122807017,Detroit Pistons
Bones Hyland,2022,2022-23,69,571,230,358,131,0.4028021015761821,0.3659217877094972,0.5175131348511384,0.62697022767075306,5.188405797101449,Denver Nuggets
Bones Hyland,2023,2023-24,56,571,228,315,117,0.39929947460595444,0.37142857142857144,0.5017513134851138,0.5516637478108581,5.625,Denver Nuggets
Bones Hyland,2024,2024-25,34,251,97,135,44,0.38645418326693226,0.32592592592592595,0.47410358565737054,0.5378486055776892,3.9705882352941178,LA Clippers
Boris Diaw,2013,2013-14,72,332,179,78,30,0.5391566265060241,0.38461538461538464,0.5843373493975904,0.23493975903614459,1.0833333333333333,San Antonio Spurs
Boris Diaw,2014,2014-15,77,580,302,112,45,0.5206896551724138,0.4017857142857143,0.5594827586206896,0.19310344827586207,1.4545454545454546,San Antonio Spurs
Boris Diaw,2015,2015-16,81,631,291,168,54,0.4611727416798732,0.32142857142857145,0.5039619651347068,0.2662440570522979,2.074074074074074,San Antonio Spurs
Boris Diaw,2016,2016-17,76,383,202,69,25,0.5274151436031331,0.36231884057971014,0.5600522193211488,0.1801566579634465,0.9078947368421053,San Antonio Spurs
Boris Diaw,2017,2017-18,70,327,146,81,20,0.44648318042813456,0.24691358024691357,0.47706422018348627,0.24770642201834864,1.1571428571428573,Utah Jazz
Bradley Beal,2013,2013-14,56,687,282,236,91,0.4104803493449782,0.3855932203389831,0.47671033478893743,0.3435225618631732,4.214285714285714,Washington Wizards
Bradley Beal,2014,2014-15,73,1149,481,343,138,0.4186248912097476,0.40233236151603496,0.47867711053089645,0.29852045256744997,4.698630136986301,Washington Wizards
Bradley Beal,2015,2015-16,63,851,363,259,106,0.42655699177438305,0.4092664092664093,0.4888366627497062,0.30434782608695654,4.111111111111111,Washington Wizards
Bradley Beal,2016,2016-17,55,798,359,270,105,0.449874686716792,0.3888888888888889,0.5156641604010025,0.3383458646616541,4.909090909090909,Washington Wizards
Bradley Beal,2017,2017-18,77,1320,636,550,222,0.4818181818181818,0.4036363636363636,0.5659090909090909,0.4166666666666667,7.142857142857143,Washington Wizards
Bradley Beal,2018,2018-19,82,1484,683,530,199,0.46024258760107817,0.3754716981132076,0.5272911051212938,0.35714285714285715,6.463414634146342,Washington Wizards
Bradley Beal,2019,2019-20,82,1609,764,596,209,0.4748290863890615,0.35067114093959734,0.5397762585456806,0.3704164077066501,7.2682926829268295,Washington Wizards
Bradley Beal,2020,2020-21,57,1303,593,481,170,0.4551036070606293,0.35343035343035345,0.5203376822716808,0.36914811972371453,8.43859649122807,Washington Wizards
Bradley Beal,2021,2021-22,60,1382,670,373,130,0.48480463096960924,0.3485254691689008,0.5318379160636758,0.2698986975397974,6.216666666666667,Washington Wizards
Bradley Beal,2022,2022-23,40,771,348,210,63,0.45136186770428016,0.3,0.49221789883268485,0.2723735408560311,5.25,Washington Wizards
Bradley Beal,2023,2023-24,50,878,444,219,80,0.5056947608200456,0.365296803652968,0.55125284738041,0.24943052391799544,4.38,Washington Wizards
Bradley Beal,2024,2024-25,53,735,377,235,101,0.5129251700680272,0.4297872340425532,0.5816326530612245,0.3197278911564626,4.433962264150943,Phoenix Suns
Brandan Wright,2013,2013-14,62,404,241,3,0,0.5965346534653465,0,0.5965346534653465,0.007425742574257425,0.04838709677419355,Dallas Mavericks
Brandan Wright,2014,2014-15,58,331,224,0,0,0.676737160120846,NA,0.676737160120846,0,0,Dallas Mavericks
Brandan Wright,2015,2015-16,72,363,233,3,0,0.6418732782369146,0,0.6418732782369146,0.008264462809917356,0.041666666666666664,Phoenix Suns
Brandan Wright,2016,2016-17,12,52,35,0,0,0.6730769230769231,NA,0.6730769230769231,0,0,Memphis Grizzlies
Brandan Wright,2017,2017-18,27,135,83,1,0,0.6148148148148148,0,0.6148148148148148,0.007407407407407408,0.037037037037037035,Memphis Grizzlies
Brandan Wright,2018,2018-19,27,102,59,0,0,0.5784313725490197,NA,0.5784313725490197,0,0,Memphis Grizzlies
Brandon Bass,2013,2013-14,81,589,286,2,0,0.4855687606112054,0,0.4855687606112054,0.003395585738539898,0.024691358024691357,Boston Celtics
Brandon Bass,2014,2014-15,82,725,352,6,2,0.48551724137931035,0.3333333333333333,0.4868965517241379,0.008275862068965517,0.07317073170731707,Boston Celtics
Brandon Bass,2015,2015-16,82,683,344,32,9,0.5036603221083455,0.28125,0.5102489019033675,0.04685212298682284,0.3902439024390244,Boston Celtics
Brandon Bass,2016,2016-17,66,317,174,2,0,0.5488958990536278,0,0.5488958990536278,0.006309148264984227,0.030303030303030304,Los Angeles Lakers
Brandon Bass,2017,2017-18,50,186,107,3,1,0.5752688172043011,0.3333333333333333,0.5779569892473119,0.016129032258064516,0.06,LA Clippers
Brandon Clarke,2020,2020-21,57,479,296,64,23,0.6179540709812108,0.359375,0.6419624217118998,0.1336116910229645,1.1228070175438596,Memphis Grizzlies
Brandon Clarke,2021,2021-22,59,495,256,77,20,0.5171717171717172,0.2597402597402597,0.5373737373737374,0.15555555555555556,1.305084745762712,Memphis Grizzlies
Brandon Clarke,2022,2022-23,64,447,288,22,5,0.6442953020134228,0.22727272727272727,0.6498881431767338,0.049217002237136466,0.34375,Memphis Grizzlies
Brandon Clarke,2023,2023-24,56,349,229,6,1,0.6561604584527221,0.16666666666666666,0.6575931232091691,0.017191977077363897,0.10714285714285714,Memphis Grizzlies
Brandon Clarke,2024,2024-25,6,59,33,6,1,0.559322033898305,0.16666666666666666,0.5677966101694916,0.1016949152542373,1,Memphis Grizzlies
Brandon Ingram,2017,2017-18,79,681,275,182,54,0.40381791483113066,0.2967032967032967,0.4434654919236417,0.26725403817914833,2.3037974683544302,Los Angeles Lakers
Brandon Ingram,2018,2018-19,59,761,358,105,41,0.4704336399474376,0.3904761904761905,0.4973718791064389,0.13797634691195795,1.7796610169491525,Los Angeles Lakers
Brandon Ingram,2019,2019-20,52,729,362,94,31,0.49657064471879286,0.32978723404255317,0.5178326474622771,0.1289437585733882,1.8076923076923077,Los Angeles Lakers
Brandon Ingram,2020,2020-21,62,1096,507,384,150,0.4625912408759124,0.390625,0.531021897810219,0.35036496350364965,6.193548387096774,New Orleans Pelicans
Brandon Ingram,2021,2021-22,61,1101,513,375,143,0.4659400544959128,0.38133333333333336,0.5308810172570391,0.3405994550408719,6.147540983606557,New Orleans Pelicans
Brandon Ingram,2022,2022-23,55,983,453,226,74,0.46083418107833163,0.3274336283185841,0.49847405900305186,0.2299084435401831,4.109090909090909,New Orleans Pelicans
Brandon Ingram,2023,2023-24,45,835,404,164,64,0.48383233532934133,0.3902439024390244,0.5221556886227545,0.19640718562874251,3.6444444444444444,New Orleans Pelicans
Brandon Ingram,2024,2024-25,64,1017,500,242,86,0.4916420845624385,0.35537190082644626,0.5339233038348082,0.23795476892822026,3.78125,New Orleans Pelicans
Brandon Jennings,2013,2013-14,80,1247,497,461,173,0.39855653568564553,0.3752711496746204,0.46792301523656776,0.3696872493985565,5.7625,Milwaukee Bucks
Brandon Jennings,2014,2014-15,80,1135,423,457,154,0.3726872246696035,0.33698030634573306,0.44052863436123346,0.4026431718061674,5.7125,Detroit Pistons
Brandon Jennings,2015,2015-16,41,543,218,211,76,0.4014732965009208,0.36018957345971564,0.4714548802946593,0.3885819521178637,5.146341463414634,Detroit Pistons
Brandon Jennings,2016,2016-17,48,304,112,155,51,0.3684210526315789,0.32903225806451614,0.45230263157894735,0.5098684210526315,3.2291666666666665,Orlando Magic
Brandon Jennings,2017,2017-18,80,535,192,252,79,0.35887850467289717,0.3134920634920635,0.4327102803738318,0.47102803738317756,3.15,New York Knicks
Brandon Jennings,2018,2018-19,14,72,27,33,9,0.375,0.2727272727272727,0.4375,0.4583333333333333,2.357142857142857,Milwaukee Bucks
Brandon Knight,2013,2013-14,75,878,357,327,120,0.40660592255125283,0.3669724770642202,0.47494305239179957,0.3724373576309795,4.36,Detroit Pistons
Brandon Knight,2014,2014-15,71,1092,461,338,110,0.42216117216117216,0.3254437869822485,0.4725274725274725,0.30952380952380953,4.76056338028169,Milwaukee Bucks
Brandon Knight,2015,2015-16,63,888,375,321,125,0.4222972972972973,0.3894080996884735,0.49268018018018017,0.3614864864864865,5.095238095238095,Milwaukee Bucks
Brandon Knight,2016,2016-17,52,894,371,350,120,0.41498881431767337,0.34285714285714286,0.48210290827740493,0.39149888143176736,6.730769230769231,Phoenix Suns
Brandon Knight,2017,2017-18,54,525,209,139,45,0.3980952380952381,0.3237410071942446,0.44095238095238093,0.26476190476190475,2.574074074074074,Phoenix Suns
Brandon Knight,2019,2019-20,38,260,99,129,41,0.38076923076923075,0.3178294573643411,0.4596153846153846,0.49615384615384617,3.3947368421052633,Cleveland Cavaliers
Brandon Knight,2020,2020-21,25,167,59,131,45,0.3532934131736527,0.3435114503816794,0.4880239520958084,0.7844311377245509,5.24,Cleveland Cavaliers
Brandon Knight,2022,2022-23,5,25,10,17,4,0.4,0.23529411764705882,0.48,0.68,3.4,Dallas Mavericks
Brandon Miller,2024,2024-25,74,1083,476,493,184,0.43951985226223456,0.37322515212981744,0.5244690674053555,0.4552169898430286,6.662162162162162,Charlotte Hornets
Brian Roberts,2013,2013-14,77,511,213,153,59,0.41682974559686886,0.38562091503267976,0.474559686888454,0.299412915851272,1.9870129870129871,New Orleans Hornets
Brian Roberts,2014,2014-15,71,581,244,178,64,0.4199655765920826,0.3595505617977528,0.4750430292598967,0.306368330464716,2.507042253521127,New Orleans Pelicans
Brian Roberts,2015,2015-16,70,452,176,193,62,0.3893805309734513,0.32124352331606215,0.4579646017699115,0.4269911504424779,2.757142857142857,Charlotte Hornets
Brian Roberts,2016,2016-17,47,165,74,42,15,0.4484848484848485,0.35714285714285715,0.49393939393939396,0.2545454545454545,0.8936170212765957,Charlotte Hornets
Brian Roberts,2017,2017-18,37,122,46,44,17,0.3770491803278688,0.38636363636363635,0.44672131147540983,0.36065573770491804,1.1891891891891893,Charlotte Hornets
Brook Lopez,2013,2013-14,74,1094,570,1,0,0.5210237659963437,0,0.5210237659963437,9.140767824497258e-4,0.013513513513513514,Brooklyn Nets
Brook Lopez,2014,2014-15,17,229,129,1,0,0.5633187772925764,0,0.5633187772925764,0.004366812227074236,0.058823529411764705,Brooklyn Nets
Brook Lopez,2015,2015-16,72,987,506,10,1,0.5126646403242148,0.1,0.5131712259371833,0.010131712259371834,0.1388888888888889,Brooklyn Nets
Brook Lopez,2016,2016-17,73,1157,591,14,2,0.5108038029386344,0.14285714285714285,0.5116681071737251,0.012100259291270527,0.1917808219178082,Brooklyn Nets
Brook Lopez,2017,2017-18,75,1172,555,387,134,0.4735494880546075,0.3462532299741602,0.5307167235494881,0.3302047781569966,5.16,Brooklyn Nets
Brook Lopez,2018,2018-19,74,793,369,325,112,0.46532156368221944,0.3446153846153846,0.5359394703656999,0.4098360655737705,4.391891891891892,Los Angeles Lakers
Brook Lopez,2019,2019-20,81,786,355,512,187,0.45165394402035625,0.365234375,0.5706106870229007,0.6513994910941476,6.320987654320987,Milwaukee Bucks
Brook Lopez,2020,2020-21,68,671,292,325,102,0.43517138599105815,0.31384615384615383,0.511177347242921,0.4843517138599106,4.779411764705882,Milwaukee Bucks
Brook Lopez,2021,2021-22,70,640,322,281,95,0.503125,0.33807829181494664,0.57734375,0.4390625,4.014285714285714,Milwaukee Bucks
Brook Lopez,2022,2022-23,13,131,61,53,19,0.46564885496183206,0.3584905660377358,0.5381679389312977,0.40458015267175573,4.076923076923077,Milwaukee Bucks
Brook Lopez,2023,2023-24,78,899,477,364,136,0.5305895439377085,0.37362637362637363,0.6062291434927698,0.40489432703003336,4.666666666666667,Milwaukee Bucks
Brook Lopez,2024,2024-25,79,755,366,404,148,0.4847682119205298,0.36633663366336633,0.5827814569536424,0.5350993377483444,5.113924050632911,Milwaukee Bucks
Bruce Brown,2019,2019-20,71,314,125,93,24,0.3980891719745223,0.25806451612903225,0.43630573248407645,0.2961783439490446,1.3098591549295775,Detroit Pistons
Bruce Brown,2020,2020-21,58,447,198,96,33,0.4429530201342282,0.34375,0.4798657718120805,0.21476510067114093,1.6551724137931034,Detroit Pistons
Bruce Brown,2021,2021-22,60,423,235,59,17,0.5555555555555556,0.288135593220339,0.5756501182033097,0.13947990543735225,0.9833333333333333,Brooklyn Nets
Bruce Brown,2022,2022-23,70,506,256,94,38,0.5059288537549407,0.40425531914893614,0.5434782608695652,0.1857707509881423,1.3428571428571427,Brooklyn Nets
Bruce Brown,2023,2023-24,80,741,358,254,91,0.48313090418353577,0.35826771653543305,0.5445344129554656,0.3427800269905533,3.175,Denver Nuggets
Bruce Brown,2024,2024-25,67,582,278,164,53,0.47766323024054985,0.3231707317073171,0.5231958762886598,0.281786941580756,2.4477611940298507,Indiana Pacers
Bryn Forbes,2017,2017-18,24,99,36,53,17,0.36363636363636365,0.32075471698113206,0.4494949494949495,0.5353535353535354,2.2083333333333335,San Antonio Spurs
Bryn Forbes,2018,2018-19,77,497,209,228,89,0.42052313883299797,0.39035087719298245,0.5100603621730382,0.45875251509054327,2.961038961038961,San Antonio Spurs
Bryn Forbes,2019,2019-20,82,791,361,413,176,0.4563843236409608,0.4261501210653753,0.5676359039190898,0.5221238938053098,5.036585365853658,San Antonio Spurs
Bryn Forbes,2020,2020-21,63,581,242,381,148,0.4165232358003442,0.3884514435695538,0.5438898450946644,0.6557659208261618,6.0476190476190474,San Antonio Spurs
Bryn Forbes,2021,2021-22,70,529,250,341,154,0.4725897920604915,0.45161290322580644,0.6181474480151229,0.6446124763705104,4.871428571428571,Milwaukee Bucks
Bryn Forbes,2022,2022-23,74,539,231,295,122,0.42857142857142855,0.4135593220338983,0.5417439703153989,0.5473098330241187,3.9864864864864864,San Antonio Spurs
Bryn Forbes,2023,2023-24,23,83,30,46,14,0.3614457831325301,0.30434782608695654,0.4457831325301205,0.5542168674698795,2,Minnesota Timberwolves
Buddy Hield,2017,2017-18,82,766,326,378,147,0.4255874673629243,0.3888888888888889,0.5215404699738904,0.4934725848563969,4.609756097560975,New Orleans Pelicans
Buddy Hield,2018,2018-19,80,933,416,408,176,0.44587352625937837,0.43137254901960786,0.5401929260450161,0.43729903536977494,5.1,Sacramento Kings
Buddy Hield,2019,2019-20,82,1360,623,651,278,0.45808823529411763,0.4270353302611367,0.5602941176470588,0.4786764705882353,7.939024390243903,Sacramento Kings
Buddy Hield,2020,2020-21,72,1162,498,688,271,0.42857142857142855,0.3938953488372093,0.5451807228915663,0.5920826161790017,9.555555555555555,Sacramento Kings
Buddy Hield,2021,2021-22,71,992,403,721,282,0.40625,0.391123439667129,0.5483870967741935,0.7268145161290323,10.154929577464788,Sacramento Kings
Buddy Hield,2022,2022-23,81,1098,446,716,262,0.40619307832422585,0.3659217877094972,0.5255009107468124,0.6520947176684881,8.839506172839506,Sacramento Kings
Buddy Hield,2023,2023-24,80,1038,475,677,288,0.4576107899807322,0.4254062038404727,0.5963391136801541,0.6522157996146436,8.4625,Indiana Pacers
Buddy Hield,2024,2024-25,84,850,371,568,219,0.4364705882352941,0.3855633802816901,0.5652941176470588,0.668235294117647,6.761904761904762,Indiana Pacers
C.J. Watson,2013,2013-14,80,459,192,214,88,0.41830065359477125,0.411214953271028,0.514161220043573,0.4662309368191721,2.675,Brooklyn Nets
C.J. Watson,2014,2014-15,63,334,146,145,53,0.437125748502994,0.36551724137931035,0.5164670658682635,0.4341317365269461,2.3015873015873014,Indiana Pacers
C.J. Watson,2015,2015-16,57,417,181,175,70,0.434052757793765,0.4,0.5179856115107914,0.4196642685851319,3.0701754385964914,Indiana Pacers
C.J. Watson,2016,2016-17,31,137,47,48,14,0.34306569343065696,0.2916666666666667,0.39416058394160586,0.35036496350364965,1.5483870967741935,Orlando Magic
C.J. Watson,2017,2017-18,58,248,96,105,32,0.3870967741935484,0.3047619047619048,0.45161290322580644,0.42338709677419356,1.8103448275862069,Orlando Magic
CJ McCollum,2014,2014-15,34,178,74,80,30,0.4157303370786517,0.375,0.5,0.449438202247191,2.3529411764705883,Portland Trail Blazers
CJ McCollum,2015,2015-16,59,365,159,139,55,0.43561643835616437,0.39568345323741005,0.510958904109589,0.38082191780821917,2.3559322033898304,Portland Trail Blazers
CJ McCollum,2016,2016-17,80,1431,641,472,197,0.4479385045422781,0.4173728813559322,0.5167714884696016,0.32983927323549966,5.9,Portland Trail Blazers
CJ McCollum,2017,2017-18,80,1441,692,439,185,0.48022206800832756,0.4214123006833713,0.5444136016655101,0.3046495489243581,5.4875,Portland Trail Blazers
CJ McCollum,2018,2018-19,81,1505,667,476,189,0.44318936877076415,0.39705882352941174,0.5059800664451827,0.31627906976744186,5.8765432098765435,Portland Trail Blazers
CJ McCollum,2019,2019-20,70,1243,571,445,167,0.4593724859211585,0.3752808988764045,0.5265486725663717,0.3580048270313757,6.357142857142857,Portland Trail Blazers
CJ McCollum,2020,2020-21,70,1356,611,512,194,0.4505899705014749,0.37890625,0.5221238938053098,0.3775811209439528,7.314285714285714,Portland Trail Blazers
CJ McCollum,2021,2021-22,47,884,405,420,169,0.4581447963800905,0.4023809523809524,0.5537330316742082,0.4751131221719457,8.936170212765957,Portland Trail Blazers
CJ McCollum,2022,2022-23,62,1164,536,469,182,0.46048109965635736,0.3880597014925373,0.538659793814433,0.4029209621993127,7.564516129032258,Portland Trail Blazers
CJ McCollum,2023,2023-24,75,1344,587,543,211,0.4367559523809524,0.3885819521178637,0.5152529761904762,0.40401785714285715,7.24,New Orleans Pelicans
CJ McCollum,2024,2024-25,66,1055,484,557,239,0.45876777251184836,0.42908438061041293,0.5720379146919431,0.5279620853080569,8.43939393939394,New Orleans Pelicans
CJ Miles,2013,2013-14,65,614,255,328,126,0.4153094462540717,0.38414634146341464,0.5179153094462541,0.5342019543973942,5.046153846153846,Cleveland Cavaliers
CJ Miles,2014,2014-15,50,408,178,210,83,0.4362745098039216,0.3952380952380952,0.5379901960784313,0.5147058823529411,4.2,Cleveland Cavaliers
CJ Miles,2015,2015-16,69,827,329,446,154,0.3978234582829504,0.3452914798206278,0.4909310761789601,0.5392986698911729,6.463768115942029,Indiana Pacers
CJ Miles,2016,2016-17,64,634,259,387,142,0.4085173501577287,0.3669250645994832,0.5205047318611987,0.610410094637224,6.046875,Indiana Pacers
CJ Miles,2017,2017-18,76,643,277,405,165,0.4307931570762053,0.4074074074074074,0.5590979782270606,0.6298600311041991,5.328947368421052,Indiana Pacers
CJ Miles,2018,2018-19,70,599,227,454,164,0.3789649415692821,0.36123348017621143,0.5158597662771286,0.7579298831385642,6.485714285714286,Toronto Raptors
CJ Miles,2019,2019-20,51,311,112,203,67,0.36012861736334406,0.33004926108374383,0.4678456591639871,0.6527331189710611,3.980392156862745,Toronto Raptors
CJ Miles,2020,2020-21,10,59,19,35,11,0.3220338983050847,0.3142857142857143,0.4152542372881356,0.5932203389830508,3.5,Washington Wizards
Cade Cunningham,2022,2022-23,64,1031,429,363,114,0.41610087293889425,0.3140495867768595,0.4713870029097963,0.35208535402521823,5.671875,Detroit Pistons
Cade Cunningham,2023,2023-24,12,224,93,61,17,0.41517857142857145,0.2786885245901639,0.453125,0.27232142857142855,5.083333333333333,Detroit Pistons
Cade Cunningham,2024,2024-25,62,1167,524,335,119,0.4490145672664953,0.35522388059701493,0.5,0.2870608397600686,5.403225806451613,Detroit Pistons
Caleb Martin,2020,2020-21,15,84,37,37,20,0.44047619047619047,0.5405405405405406,0.5595238095238095,0.44047619047619047,2.466666666666667,Charlotte Hornets
Caleb Martin,2021,2021-22,49,256,96,125,31,0.375,0.248,0.435546875,0.48828125,2.5510204081632653,Charlotte Hornets
Caleb Martin,2022,2022-23,60,410,208,155,64,0.5073170731707317,0.4129032258064516,0.5853658536585366,0.3780487804878049,2.5833333333333335,Miami Heat
Caleb Martin,2023,2023-24,71,548,254,236,84,0.4635036496350365,0.3559322033898305,0.5401459854014599,0.4306569343065693,3.323943661971831,Miami Heat
Caleb Martin,2024,2024-25,63,559,241,232,81,0.43112701252236135,0.34913793103448276,0.5035778175313059,0.4150268336314848,3.6825396825396823,Miami Heat
Cam Reddish,2020,2020-21,58,554,213,250,83,0.3844765342960289,0.332,0.45938628158844763,0.45126353790613716,4.310344827586207,Atlanta Hawks
Cam Reddish,2021,2021-22,26,263,96,126,33,0.3650190114068441,0.2619047619047619,0.42775665399239543,0.4790874524714829,4.846153846153846,Atlanta Hawks
Cam Reddish,2022,2022-23,48,408,165,184,66,0.40441176470588236,0.358695652173913,0.4852941176470588,0.45098039215686275,3.8333333333333335,Atlanta Hawks
Cam Reddish,2023,2023-24,40,312,139,144,45,0.44551282051282054,0.3125,0.5176282051282052,0.46153846153846156,3.6,Portland Trail Blazers
Cam Reddish,2024,2024-25,44,234,91,110,37,0.3888888888888889,0.33636363636363636,0.46794871794871795,0.4700854700854701,2.5,Los Angeles Lakers
Cam Thomas,2022,2022-23,62,503,218,174,47,0.43339960238568587,0.27011494252873564,0.4801192842942346,0.34592445328031807,2.806451612903226,Brooklyn Nets
Cam Thomas,2023,2023-24,53,456,201,133,51,0.4407894736842105,0.38345864661654133,0.4967105263157895,0.2916666666666667,2.509433962264151,Brooklyn Nets
Cam Thomas,2024,2024-25,66,1190,526,396,144,0.44201680672268906,0.36363636363636365,0.5025210084033613,0.33277310924369746,6,Brooklyn Nets
Cameron Johnson,2020,2020-21,57,405,176,272,106,0.4345679012345679,0.3897058823529412,0.5654320987654321,0.671604938271605,4.771929824561403,Phoenix Suns
Cameron Johnson,2021,2021-22,60,483,203,335,117,0.42028985507246375,0.3492537313432836,0.5414078674948241,0.6935817805383023,5.583333333333333,Phoenix Suns
Cameron Johnson,2022,2022-23,66,607,279,391,166,0.4596375617792422,0.42455242966751916,0.5963756177924218,0.6441515650741351,5.924242424242424,Phoenix Suns
Cameron Johnson,2023,2023-24,42,474,223,255,103,0.4704641350210971,0.403921568627451,0.5791139240506329,0.5379746835443038,6.071428571428571,Brooklyn Nets
Cameron Johnson,2024,2024-25,58,619,276,353,138,0.4458804523424879,0.3909348441926346,0.5573505654281099,0.5702746365105008,6.086206896551724,Brooklyn Nets
Cameron Payne,2016,2016-17,51,278,114,111,36,0.41007194244604317,0.32432432432432434,0.4748201438848921,0.39928057553956836,2.176470588235294,Oklahoma City Thunder
Cameron Payne,2017,2017-18,30,193,64,86,27,0.3316062176165803,0.313953488372093,0.4015544041450777,0.44559585492227977,2.8666666666666667,Oklahoma City Thunder
Cameron Payne,2018,2018-19,25,215,87,91,35,0.4046511627906977,0.38461538461538464,0.48604651162790696,0.4232558139534884,3.64,Chicago Bulls
Cameron Payne,2019,2019-20,37,223,96,84,25,0.4304932735426009,0.2976190476190476,0.48654708520179374,0.37668161434977576,2.27027027027027,Chicago Bulls
Cameron Payne,2020,2020-21,8,68,33,29,15,0.4852941176470588,0.5172413793103449,0.5955882352941176,0.4264705882352941,3.625,Phoenix Suns
Cameron Payne,2021,2021-22,60,395,191,166,73,0.4835443037974684,0.4397590361445783,0.5759493670886076,0.42025316455696204,2.7666666666666666,Phoenix Suns
Cameron Payne,2022,2022-23,58,587,240,211,71,0.4088586030664395,0.33649289099526064,0.469335604770017,0.3594548551959114,3.6379310344827585,Phoenix Suns
Cameron Payne,2023,2023-24,48,453,188,185,68,0.41501103752759383,0.3675675675675676,0.4900662251655629,0.4083885209713024,3.8541666666666665,Phoenix Suns
Cameron Payne,2024,2024-25,77,481,208,267,104,0.43243243243243246,0.3895131086142322,0.5405405405405406,0.5550935550935551,3.4675324675324677,Philadelphia 76ers
Caris LeVert,2017,2017-18,57,380,171,184,59,0.45,0.32065217391304346,0.5276315789473685,0.4842105263157895,3.2280701754385963,Brooklyn Nets
Caris LeVert,2018,2018-19,71,735,320,245,85,0.43537414965986393,0.3469387755102041,0.4931972789115646,0.3333333333333333,3.4507042253521125,Brooklyn Nets
Caris LeVert,2019,2019-20,40,483,207,154,48,0.42857142857142855,0.3116883116883117,0.4782608695652174,0.3188405797101449,3.85,Brooklyn Nets
Caris LeVert,2020,2020-21,45,732,311,220,80,0.4248633879781421,0.36363636363636365,0.47950819672131145,0.3005464480874317,4.888888888888889,Brooklyn Nets
Caris LeVert,2021,2021-22,47,814,359,258,84,0.44103194103194104,0.32558139534883723,0.4926289926289926,0.31695331695331697,5.48936170212766,Indiana Pacers
Caris LeVert,2022,2022-23,58,854,379,256,82,0.44379391100702575,0.3203125,0.4918032786885246,0.2997658079625293,4.413793103448276,Indiana Pacers
Caris LeVert,2023,2023-24,74,742,320,324,127,0.431266846361186,0.39197530864197533,0.5168463611859838,0.4366576819407008,4.378378378378378,Cleveland Cavaliers
Caris LeVert,2024,2024-25,68,820,345,332,108,0.42073170731707316,0.3253012048192771,0.4865853658536585,0.40487804878048783,4.882352941176471,Cleveland Cavaliers
Carl Landry,2013,2013-14,81,602,325,3,1,0.5398671096345515,0.3333333333333333,0.5406976744186046,0.0049833887043189366,0.037037037037037035,Golden State Warriors
Carl Landry,2014,2014-15,16,60,31,0,0,0.5166666666666667,NA,0.5166666666666667,0,0,Sacramento Kings
Carl Landry,2015,2015-16,65,369,190,0,0,0.5149051490514905,NA,0.5149051490514905,0,0,Sacramento Kings
Carl Landry,2016,2016-17,35,250,139,13,6,0.556,0.46153846153846156,0.568,0.052,0.37142857142857144,Philadelphia 76ers
Carlos Boozer,2013,2013-14,79,1140,544,2,0,0.47719298245614034,0,0.47719298245614034,0.0017543859649122807,0.02531645569620253,Chicago Bulls
Carlos Boozer,2014,2014-15,76,980,447,2,0,0.4561224489795918,0,0.4561224489795918,0.0020408163265306124,0.02631578947368421,Chicago Bulls
Carlos Boozer,2015,2015-16,71,743,371,0,0,0.4993270524899058,NA,0.4993270524899058,0,0,Los Angeles Lakers
Carmelo Anthony,2013,2013-14,67,1489,669,414,157,0.4492948287441236,0.37922705314009664,0.5020147750167898,0.2780389523169913,6.17910447761194,New York Knicks
Carmelo Anthony,2014,2014-15,77,1643,743,415,167,0.4522215459525259,0.40240963855421685,0.503043213633597,0.2525867315885575,5.3896103896103895,New York Knicks
Carmelo Anthony,2015,2015-16,40,806,358,179,61,0.4441687344913151,0.3407821229050279,0.4820099255583127,0.22208436724565755,4.475,New York Knicks
Carmelo Anthony,2016,2016-17,72,1307,567,310,105,0.4338179035960214,0.3387096774193548,0.47398622800306045,0.23718439173680184,4.305555555555555,New York Knicks
Carmelo Anthony,2017,2017-18,74,1389,602,421,151,0.4334053275737941,0.3586698337292161,0.48776097912167027,0.30309575233981284,5.6891891891891895,New York Knicks
Carmelo Anthony,2018,2018-19,78,1168,472,474,169,0.4041095890410959,0.35654008438818563,0.4764554794520548,0.4058219178082192,6.076923076923077,Oklahoma City Thunder
Carmelo Anthony,2019,2019-20,10,121,49,64,21,0.4049586776859504,0.328125,0.49173553719008267,0.5289256198347108,6.4,Houston Rockets
Carmelo Anthony,2020,2020-21,58,782,336,226,87,0.4296675191815857,0.38495575221238937,0.4852941176470588,0.289002557544757,3.896551724137931,Portland Trail Blazers
Carmelo Anthony,2021,2021-22,69,777,327,325,133,0.42084942084942084,0.40923076923076923,0.5064350064350064,0.41827541827541825,4.7101449275362315,Portland Trail Blazers
Carmelo Anthony,2022,2022-23,69,723,319,397,149,0.4412171507607192,0.37531486146095716,0.5442600276625172,0.5491009681881052,5.753623188405797,Los Angeles Lakers
Caron Butler,2013,2013-14,78,719,305,329,128,0.4242002781641168,0.3890577507598784,0.5132127955493742,0.4575799721835883,4.217948717948718,Los Angeles Clippers
Caron Butler,2014,2014-15,56,539,213,248,98,0.39517625231910947,0.3951612903225806,0.48608534322820035,0.4601113172541744,4.428571428571429,Milwaukee Bucks
Caron Butler,2015,2015-16,78,396,161,219,83,0.4065656565656566,0.3789954337899543,0.5113636363636364,0.553030303030303,2.8076923076923075,Detroit Pistons
Caron Butler,2016,2016-17,15,59,25,18,3,0.423728813559322,0.16666666666666666,0.4491525423728814,0.3050847457627119,1.2,Sacramento Kings
Cedi Osman,2018,2018-19,48,186,90,87,32,0.4838709677419355,0.367816091954023,0.5698924731182796,0.46774193548387094,1.8125,Cleveland Cavaliers
Cedi Osman,2019,2019-20,76,844,360,374,130,0.4265402843601896,0.34759358288770054,0.5035545023696683,0.4431279620853081,4.921052631578948,Cleveland Cavaliers
Cedi Osman,2020,2020-21,65,609,266,321,123,0.4367816091954023,0.38317757009345793,0.5377668308702791,0.5270935960591133,4.938461538461539,Cleveland Cavaliers
Cedi Osman,2021,2021-22,58,586,219,324,99,0.37372013651877134,0.3055555555555556,0.45819112627986347,0.552901023890785,5.586206896551724,Cleveland Cavaliers
Cedi Osman,2022,2022-23,64,572,247,359,128,0.4318181818181818,0.3565459610027855,0.5437062937062938,0.6276223776223776,5.609375,Cleveland Cavaliers
Cedi Osman,2023,2023-24,75,530,239,312,116,0.4509433962264151,0.3717948717948718,0.560377358490566,0.5886792452830188,4.16,Cleveland Cavaliers
Cedi Osman,2024,2024-25,72,384,184,221,86,0.4791666666666667,0.3891402714932127,0.5911458333333334,0.5755208333333334,3.0694444444444446,San Antonio Spurs
Chandler Parsons,2013,2013-14,76,939,456,395,152,0.48562300319488816,0.3848101265822785,0.5665601703940362,0.4206602768903088,5.197368421052632,Houston Rockets
Chandler Parsons,2014,2014-15,74,985,464,349,128,0.47106598984771575,0.3667621776504298,0.5360406091370559,0.35431472081218274,4.716216216216216,Houston Rockets
Chandler Parsons,2015,2015-16,66,829,383,347,132,0.4620024125452352,0.3804034582132565,0.5416164053075995,0.41857659831121835,5.257575757575758,Dallas Mavericks
Chandler Parsons,2016,2016-17,61,651,320,251,104,0.4915514592933948,0.41434262948207173,0.5714285714285714,0.38556067588325654,4.114754098360656,Dallas Mavericks
Chandler Parsons,2017,2017-18,34,222,75,93,25,0.33783783783783783,0.26881720430107525,0.39414414414414417,0.4189189189189189,2.735294117647059,Memphis Grizzlies
Chandler Parsons,2018,2018-19,36,234,108,121,51,0.46153846153846156,0.4214876033057851,0.5705128205128205,0.5170940170940171,3.361111111111111,Memphis Grizzlies
Chandler Parsons,2019,2019-20,25,182,68,94,29,0.37362637362637363,0.30851063829787234,0.4532967032967033,0.5164835164835165,3.76,Memphis Grizzlies
Chandler Parsons,2020,2020-21,4,18,5,14,4,0.2777777777777778,0.2857142857142857,0.3888888888888889,0.7777777777777778,3.5,Atlanta Hawks
Channing Frye,2014,2014-15,82,778,336,432,160,0.4318766066838046,0.37037037037037035,0.5347043701799485,0.5552699228791774,5.2682926829268295,Phoenix Suns
Channing Frye,2015,2015-16,75,487,191,346,136,0.3921971252566735,0.3930635838150289,0.5318275154004107,0.7104722792607803,4.613333333333333,Orlando Magic
Channing Frye,2016,2016-17,70,347,152,235,91,0.43804034582132567,0.3872340425531915,0.569164265129683,0.6772334293948127,3.357142857142857,Orlando Magic
Channing Frye,2017,2017-18,74,520,238,335,137,0.4576923076923077,0.408955223880597,0.5894230769230769,0.6442307692307693,4.527027027027027,Cleveland Cavaliers
Channing Frye,2018,2018-19,51,212,104,115,39,0.49056603773584906,0.3391304347826087,0.5825471698113207,0.5424528301886793,2.2549019607843137,Cleveland Cavaliers
Channing Frye,2019,2019-20,31,117,43,79,32,0.36752136752136755,0.4050632911392405,0.5042735042735043,0.6752136752136753,2.5483870967741935,Cleveland Cavaliers
Charlie Villanueva,2013,2013-14,66,464,175,259,90,0.3771551724137931,0.3474903474903475,0.47413793103448276,0.5581896551724138,3.9242424242424243,Detroit Pistons
Charlie Villanueva,2014,2014-15,20,92,35,56,14,0.3804347826086957,0.25,0.45652173913043476,0.6086956521739131,2.8,Detroit Pistons
Charlie Villanueva,2015,2015-16,61,362,150,221,83,0.4143646408839779,0.3755656108597285,0.5290055248618785,0.6104972375690608,3.622950819672131,Dallas Mavericks
Charlie Villanueva,2016,2016-17,56,326,124,171,46,0.3803680981595092,0.26900584795321636,0.450920245398773,0.5245398773006135,3.0535714285714284,Dallas Mavericks
Chase Budinger,2013,2013-14,23,191,79,81,26,0.41361256544502617,0.32098765432098764,0.4816753926701571,0.42408376963350786,3.5217391304347827,Minnesota Timberwolves
Chase Budinger,2014,2014-15,41,254,100,120,42,0.3937007874015748,0.35,0.4763779527559055,0.47244094488188976,2.926829268292683,Minnesota Timberwolves
Chase Budinger,2015,2015-16,65,390,169,143,52,0.43333333333333335,0.36363636363636365,0.5,0.36666666666666664,2.2,Minnesota Timberwolves
Chase Budinger,2016,2016-17,62,239,104,86,24,0.4351464435146444,0.27906976744186046,0.48535564853556484,0.3598326359832636,1.3870967741935485,Indiana Pacers
Chimezie Metu,2019,2019-20,19,58,19,2,0,0.3275862068965517,0,0.3275862068965517,0.034482758620689655,0.10526315789473684,San Antonio Spurs
Chimezie Metu,2020,2020-21,15,42,24,2,0,0.5714285714285714,0,0.5714285714285714,0.047619047619047616,0.13333333333333333,San Antonio Spurs
Chimezie Metu,2021,2021-22,33,179,91,37,13,0.5083798882681564,0.35135135135135137,0.5446927374301676,0.20670391061452514,1.121212121212121,Sacramento Kings
Chimezie Metu,2022,2022-23,60,449,203,186,57,0.4521158129175947,0.3064516129032258,0.5155902004454342,0.4142538975501114,3.1,Sacramento Kings
Chimezie Metu,2023,2023-24,60,219,129,38,9,0.589041095890411,0.23684210526315788,0.6095890410958904,0.1735159817351598,0.6333333333333333,Sacramento Kings
Chimezie Metu,2024,2024-25,45,244,123,94,28,0.5040983606557377,0.2978723404255319,0.5614754098360656,0.38524590163934425,2.088888888888889,Phoenix Suns
Chris Bosh,2013,2013-14,74,907,485,74,21,0.5347298787210585,0.28378378378378377,0.5463065049614112,0.08158765159867695,1,Miami Heat
Chris Bosh,2014,2014-15,79,953,492,218,74,0.5162644281217209,0.3394495412844037,0.5550891920251836,0.22875131164742918,2.759493670886076,Miami Heat
Chris Bosh,2015,2015-16,44,745,343,168,63,0.4604026845637584,0.375,0.5026845637583892,0.22550335570469798,3.8181818181818183,Miami Heat
Chris Bosh,2016,2016-17,53,767,358,222,81,0.4667535853976532,0.36486486486486486,0.5195567144719687,0.2894393741851369,4.188679245283019,Miami Heat
Chris Boucher,2018,2018-19,1,1,0,1,0,0,0,0,1,1,Golden State Warriors
Chris Boucher,2019,2019-20,28,76,34,37,12,0.4473684210526316,0.32432432432432434,0.5263157894736842,0.4868421052631579,1.3214285714285714,Toronto Raptors
Chris Boucher,2020,2020-21,56,299,141,118,38,0.47157190635451507,0.3220338983050847,0.5351170568561873,0.39464882943143814,2.107142857142857,Toronto Raptors
Chris Boucher,2021,2021-22,60,560,288,235,90,0.5142857142857142,0.3829787234042553,0.5946428571428571,0.41964285714285715,3.9166666666666665,Toronto Raptors
Chris Boucher,2022,2022-23,79,577,268,229,68,0.464471403812825,0.29694323144104806,0.5233968804159446,0.3968804159445407,2.8987341772151898,Toronto Raptors
Chris Boucher,2023,2023-24,75,529,261,189,62,0.4933837429111531,0.328042328042328,0.5519848771266541,0.3572778827977316,2.52,Toronto Raptors
Chris Boucher,2024,2024-25,48,217,110,94,31,0.5069124423963134,0.32978723404255317,0.5783410138248848,0.43317972350230416,1.9583333333333333,Toronto Raptors
Chris Duarte,2022,2022-23,55,621,268,255,94,0.43156199677938806,0.3686274509803922,0.5072463768115942,0.4106280193236715,4.636363636363637,Indiana Pacers
Chris Duarte,2023,2023-24,46,333,123,174,55,0.36936936936936937,0.3160919540229885,0.4519519519519519,0.5225225225225225,3.782608695652174,Indiana Pacers
Chris Duarte,2024,2024-25,55,210,80,127,44,0.38095238095238093,0.3464566929133858,0.4857142857142857,0.6047619047619047,2.309090909090909,Sacramento Kings
Chris Kaman,2013,2013-14,66,617,313,1,0,0.5072933549432739,0,0.5072933549432739,0.0016207455429497568,0.015151515151515152,Dallas Mavericks
Chris Kaman,2014,2014-15,39,346,176,3,0,0.5086705202312138,0,0.5086705202312138,0.008670520231213872,0.07692307692307693,Los Angeles Lakers
Chris Kaman,2015,2015-16,73,549,283,0,0,0.5154826958105647,NA,0.5154826958105647,0,0,Portland Trail Blazers
Chris Kaman,2016,2016-17,14,43,20,4,1,0.46511627906976744,0.25,0.47674418604651164,0.09302325581395349,0.2857142857142857,Portland Trail Blazers
Chris Paul,2013,2013-14,70,856,412,232,76,0.48130841121495327,0.3275862068965517,0.5257009345794392,0.27102803738317754,3.3142857142857145,Los Angeles Clippers
Chris Paul,2014,2014-15,62,870,406,212,78,0.4666666666666667,0.36792452830188677,0.5114942528735632,0.24367816091954023,3.4193548387096775,Los Angeles Clippers
Chris Paul,2015,2015-16,82,1170,568,349,139,0.48547008547008547,0.3982808022922636,0.5448717948717948,0.2982905982905983,4.2560975609756095,Los Angeles Clippers
Chris Paul,2016,2016-17,74,1113,515,328,122,0.46271338724168914,0.3719512195121951,0.5175202156334232,0.29469901168014373,4.4324324324324325,LA Clippers
Chris Paul,2017,2017-18,61,785,374,302,124,0.4764331210191083,0.4105960264900662,0.5554140127388535,0.38471337579617837,4.950819672131147,LA Clippers
Chris Paul,2018,2018-19,58,798,367,379,144,0.4598997493734336,0.37994722955145116,0.550125313283208,0.474937343358396,6.5344827586206895,Houston Rockets
Chris Paul,2019,2019-20,58,720,302,355,127,0.41944444444444445,0.35774647887323946,0.5076388888888889,0.4930555555555556,6.120689655172414,Houston Rockets
Chris Paul,2020,2020-21,70,887,434,304,111,0.48928974069898534,0.3651315789473684,0.5518602029312288,0.342728297632469,4.3428571428571425,Oklahoma City Thunder
Chris Paul,2021,2021-22,70,879,439,258,102,0.49943117178612056,0.3953488372093023,0.5574516496018203,0.2935153583617747,3.6857142857142855,Phoenix Suns
Chris Paul,2022,2022-23,65,736,363,199,63,0.49320652173913043,0.3165829145728643,0.5360054347826086,0.2703804347826087,3.0615384615384613,Phoenix Suns
Chris Paul,2023,2023-24,59,668,294,261,98,0.44011976047904194,0.37547892720306514,0.5134730538922155,0.3907185628742515,4.423728813559322,Phoenix Suns
Chris Paul,2024,2024-25,58,467,206,210,78,0.4411134903640257,0.37142857142857144,0.5246252676659529,0.44967880085653106,3.6206896551724137,Golden State Warriors
Christian Wood,2016,2016-17,13,53,22,11,4,0.41509433962264153,0.36363636363636365,0.4528301886792453,0.20754716981132076,0.8461538461538461,Philadelphia 76ers
Christian Wood,2017,2017-18,9,23,12,5,0,0.5217391304347826,0,0.5217391304347826,0.21739130434782608,0.5555555555555556,Charlotte Hornets
Christian Wood,2019,2019-20,19,117,61,26,9,0.5213675213675214,0.34615384615384615,0.5598290598290598,0.2222222222222222,1.368421052631579,New Orleans Pelicans
Christian Wood,2020,2020-21,60,508,288,140,54,0.5669291338582677,0.38571428571428573,0.6200787401574803,0.27559055118110237,2.3333333333333335,Detroit Pistons
Christian Wood,2021,2021-22,41,640,329,206,77,0.5140625,0.3737864077669903,0.57421875,0.321875,5.024390243902439,Houston Rockets
Christian Wood,2022,2022-23,68,878,440,336,131,0.5011389521640092,0.3898809523809524,0.5757403189066059,0.3826879271070615,4.9411764705882355,Houston Rockets
Christian Wood,2023,2023-24,67,769,396,279,105,0.5149544863459038,0.3763440860215054,0.5832249674902471,0.36280884265279584,4.164179104477612,Dallas Mavericks
Christian Wood,2024,2024-25,48,264,123,114,35,0.4659090909090909,0.30701754385964913,0.5321969696969697,0.4318181818181818,2.375,Los Angeles Lakers
Chuma Okeke,2021,2021-22,44,324,135,141,49,0.4166666666666667,0.3475177304964539,0.49228395061728397,0.4351851851851852,3.2045454545454546,Orlando Magic
Chuma Okeke,2022,2022-23,70,575,216,371,118,0.37565217391304345,0.31805929919137466,0.4782608695652174,0.6452173913043479,5.3,Orlando Magic
Chuma Okeke,2023,2023-24,27,122,43,86,26,0.3524590163934426,0.3023255813953488,0.45901639344262296,0.7049180327868853,3.185185185185185,Orlando Magic
Chuma Okeke,2024,2024-25,38,112,40,82,23,0.35714285714285715,0.2804878048780488,0.45982142857142855,0.7321428571428571,2.1578947368421053,Orlando Magic
Clint Capela,2015,2015-16,8,29,14,0,0,0.4827586206896552,NA,0.4827586206896552,0,0,Houston Rockets
Clint Capela,2016,2016-17,75,397,231,1,0,0.5818639798488665,0,0.5818639798488665,0.0025188916876574307,0.013333333333333334,Houston Rockets
Clint Capela,2017,2017-18,65,563,362,0,0,0.6429840142095915,NA,0.6429840142095915,0,0,Houston Rockets
Clint Capela,2018,2018-19,74,676,441,1,0,0.6523668639053254,0,0.6523668639053254,0.0014792899408284023,0.013513513513513514,Houston Rockets
Clint Capela,2019,2019-20,67,732,474,0,0,0.6475409836065574,NA,0.6475409836065574,0,0,Houston Rockets
Clint Capela,2020,2020-21,39,388,244,0,0,0.6288659793814433,NA,0.6288659793814433,0,0,Houston Rockets
Clint Capela,2021,2021-22,63,695,413,0,0,0.5942446043165468,NA,0.5942446043165468,0,0,Atlanta Hawks
Clint Capela,2022,2022-23,74,604,370,1,0,0.6125827814569537,0,0.6125827814569537,0.0016556291390728477,0.013513513513513514,Atlanta Hawks
Clint Capela,2023,2023-24,65,536,350,1,0,0.6529850746268657,0,0.6529850746268657,0.0018656716417910447,0.015384615384615385,Atlanta Hawks
Clint Capela,2024,2024-25,73,618,353,1,0,0.5711974110032363,0,0.5711974110032363,0.0016181229773462784,0.0136986301369863,Atlanta Hawks
Coby White,2020,2020-21,65,792,312,376,133,0.3939393939393939,0.3537234042553192,0.4779040404040404,0.47474747474747475,5.7846153846153845,Chicago Bulls
Coby White,2021,2021-22,69,902,375,454,163,0.4157427937915743,0.3590308370044053,0.5060975609756098,0.5033259423503326,6.579710144927536,Chicago Bulls
Coby White,2022,2022-23,61,644,279,353,136,0.4332298136645963,0.38526912181303113,0.5388198757763976,0.5481366459627329,5.786885245901639,Chicago Bulls
Coby White,2023,2023-24,73,594,263,344,128,0.44276094276094274,0.37209302325581395,0.5505050505050505,0.5791245791245792,4.712328767123288,Chicago Bulls
Coby White,2024,2024-25,79,1209,541,556,209,0.44747725392886684,0.37589928057553956,0.5339123242349049,0.4598842018196857,7.037974683544304,Chicago Bulls
Cody Martin,2020,2020-21,44,207,89,77,18,0.42995169082125606,0.23376623376623376,0.47342995169082125,0.3719806763285024,1.75,Charlotte Hornets
Cody Martin,2021,2021-22,44,188,83,58,16,0.44148936170212766,0.27586206896551724,0.48404255319148937,0.30851063829787234,1.3181818181818181,Charlotte Hornets
Cody Martin,2022,2022-23,71,423,204,159,61,0.48226950354609927,0.3836477987421384,0.5543735224586288,0.375886524822695,2.23943661971831,Charlotte Hornets
Cody Martin,2023,2023-24,6,36,14,14,3,0.3888888888888889,0.21428571428571427,0.4305555555555556,0.3888888888888889,2.3333333333333335,Charlotte Hornets
Cody Martin,2024,2024-25,28,215,82,86,27,0.3813953488372093,0.313953488372093,0.4441860465116279,0.4,3.0714285714285716,Charlotte Hornets
Cody Zeller,2014,2014-15,81,404,172,1,0,0.42574257425742573,0,0.42574257425742573,0.0024752475247524753,0.012345679012345678,Charlotte Bobcats
Cody Zeller,2015,2015-16,62,373,172,1,1,0.46112600536193027,1,0.4624664879356568,0.002680965147453083,0.016129032258064516,Charlotte Hornets
Cody Zeller,2016,2016-17,73,437,231,10,1,0.528604118993135,0.1,0.5297482837528604,0.02288329519450801,0.136986301369863,Charlotte Hornets
Cody Zeller,2017,2017-18,62,443,253,1,0,0.5711060948081265,0,0.5711060948081265,0.002257336343115124,0.016129032258064516,Charlotte Hornets
Cody Zeller,2018,2018-19,33,156,85,3,2,0.5448717948717948,0.6666666666666666,0.5512820512820513,0.019230769230769232,0.09090909090909091,Charlotte Hornets
Cody Zeller,2019,2019-20,49,345,190,22,6,0.5507246376811594,0.2727272727272727,0.5594202898550724,0.06376811594202898,0.4489795918367347,Charlotte Hornets
Cody Zeller,2020,2020-21,58,479,251,75,18,0.524008350730689,0.24,0.5427974947807933,0.15657620041753653,1.293103448275862,Charlotte Hornets
Cody Zeller,2021,2021-22,48,324,181,28,4,0.558641975308642,0.14285714285714285,0.5648148148148148,0.08641975308641975,0.5833333333333334,Charlotte Hornets
Cody Zeller,2022,2022-23,25,90,51,4,0,0.5666666666666667,0,0.5666666666666667,0.044444444444444446,0.16,Portland Trail Blazers
Cody Zeller,2023,2023-24,15,59,37,2,0,0.6271186440677966,0,0.6271186440677966,0.03389830508474576,0.13333333333333333,Miami Heat
Cody Zeller,2024,2024-25,28,62,26,3,1,0.41935483870967744,0.3333333333333333,0.4274193548387097,0.04838709677419355,0.10714285714285714,New Orleans Pelicans
Cole Anthony,2021,2021-22,47,552,219,172,58,0.3967391304347826,0.3372093023255814,0.4492753623188406,0.3115942028985507,3.6595744680851063,Orlando Magic
Cole Anthony,2022,2022-23,65,912,357,391,132,0.39144736842105265,0.33759590792838873,0.46381578947368424,0.42872807017543857,6.015384615384615,Orlando Magic
Cole Anthony,2023,2023-24,60,610,277,206,75,0.4540983606557377,0.3640776699029126,0.5155737704918033,0.3377049180327869,3.433333333333333,Orlando Magic
Cole Anthony,2024,2024-25,81,763,332,275,93,0.4351245085190039,0.3381818181818182,0.49606815203145477,0.36041939711664484,3.3950617283950617,Orlando Magic
Collin Sexton,2019,2019-20,82,1206,519,296,119,0.43034825870646765,0.40202702702702703,0.4796849087893864,0.24543946932006633,3.6097560975609757,Cleveland Cavaliers
Collin Sexton,2020,2020-21,65,1086,513,255,97,0.4723756906077348,0.3803921568627451,0.5170349907918969,0.23480662983425415,3.923076923076923,Cleveland Cavaliers
Collin Sexton,2021,2021-22,60,1105,525,264,98,0.4751131221719457,0.3712121212121212,0.5194570135746607,0.23891402714932128,4.4,Cleveland Cavaliers
Collin Sexton,2022,2022-23,11,151,68,45,11,0.4503311258278146,0.24444444444444444,0.4867549668874172,0.2980132450331126,4.090909090909091,Cleveland Cavaliers
Collin Sexton,2023,2023-24,48,468,237,122,48,0.5064102564102564,0.39344262295081966,0.5576923076923077,0.2606837606837607,2.5416666666666665,Utah Jazz
Collin Sexton,2024,2024-25,78,1038,506,325,128,0.48747591522157996,0.39384615384615385,0.5491329479768786,0.313102119460501,4.166666666666667,Utah Jazz
Corey Brewer,2013,2013-14,82,882,375,306,91,0.42517006802721086,0.2973856209150327,0.4767573696145125,0.3469387755102041,3.731707317073171,Denver Nuggets
Corey Brewer,2014,2014-15,81,807,388,211,59,0.48079306071871125,0.2796208530805687,0.5173482032218092,0.2614622057001239,2.6049382716049383,Minnesota Timberwolves
Corey Brewer,2015,2015-16,80,804,342,234,62,0.4253731343283582,0.26495726495726496,0.4639303482587065,0.291044776119403,2.925,Houston Rockets
Corey Brewer,2016,2016-17,81,550,212,222,61,0.38545454545454544,0.2747747747747748,0.4409090909090909,0.4036363636363636,2.740740740740741,Houston Rockets
Corey Brewer,2017,2017-18,81,347,147,117,27,0.42363112391930835,0.23076923076923078,0.46253602305475505,0.3371757925072046,1.4444444444444444,Houston Rockets
Corey Brewer,2018,2018-19,68,316,142,110,31,0.44936708860759494,0.2818181818181818,0.49841772151898733,0.34810126582278483,1.6176470588235294,Los Angeles Lakers
Corey Brewer,2019,2019-20,29,123,53,44,14,0.43089430894308944,0.3181818181818182,0.4878048780487805,0.35772357723577236,1.5172413793103448,Sacramento Kings
Corey Brewer,2020,2020-21,1,4,2,1,0,0.5,0,0.5,0.25,1,Sacramento Kings
Corey Kispert,2022,2022-23,75,514,234,320,112,0.45525291828793774,0.35,0.5642023346303502,0.622568093385214,4.266666666666667,Washington Wizards
Corey Kispert,2023,2023-24,74,585,291,384,163,0.49743589743589745,0.4244791666666667,0.6367521367521367,0.6564102564102564,5.1891891891891895,Washington Wizards
Corey Kispert,2024,2024-25,80,794,386,480,184,0.48614609571788414,0.38333333333333336,0.6020151133501259,0.6045340050377834,6,Washington Wizards
Cory Joseph,2013,2013-14,23,110,51,21,6,0.4636363636363636,0.2857142857142857,0.4909090909090909,0.19090909090909092,0.9130434782608695,San Antonio Spurs
Cory Joseph,2014,2014-15,59,265,126,38,12,0.47547169811320755,0.3157894736842105,0.4981132075471698,0.14339622641509434,0.6440677966101694,San Antonio Spurs
Cory Joseph,2015,2015-16,73,411,207,44,16,0.5036496350364964,0.36363636363636365,0.5231143552311436,0.1070559610705596,0.6027397260273972,San Antonio Spurs
Cory Joseph,2016,2016-17,80,584,257,109,30,0.4400684931506849,0.27522935779816515,0.4657534246575342,0.18664383561643835,1.3625,Toronto Raptors
Cory Joseph,2017,2017-18,80,661,299,135,48,0.4523449319213313,0.35555555555555557,0.4886535552193646,0.2042360060514372,1.6875,Toronto Raptors
Cory Joseph,2018,2018-19,82,604,256,190,67,0.423841059602649,0.3526315789473684,0.4793046357615894,0.31456953642384106,2.317073170731707,Indiana Pacers
Cory Joseph,2019,2019-20,82,548,226,171,55,0.4124087591240876,0.3216374269005848,0.4625912408759124,0.31204379562043794,2.0853658536585367,Indiana Pacers
Cory Joseph,2020,2020-21,72,412,171,159,56,0.41504854368932037,0.3522012578616352,0.4830097087378641,0.3859223300970874,2.2083333333333335,Sacramento Kings
Cory Joseph,2021,2021-22,63,426,200,132,45,0.4694835680751174,0.3409090909090909,0.5223004694835681,0.30985915492957744,2.0952380952380953,Sacramento Kings
Cory Joseph,2022,2022-23,64,400,178,157,65,0.445,0.4140127388535032,0.52625,0.3925,2.453125,Detroit Pistons
Cory Joseph,2023,2023-24,61,351,150,180,70,0.42735042735042733,0.3888888888888889,0.5270655270655271,0.5128205128205128,2.9508196721311477,Detroit Pistons
Cory Joseph,2024,2024-25,23,64,23,42,13,0.359375,0.30952380952380953,0.4609375,0.65625,1.826086956521739,Golden State Warriors
Courtney Lee,2013,2013-14,77,530,246,156,58,0.4641509433962264,0.3717948717948718,0.5188679245283019,0.2943396226415094,2.0259740259740258,Boston Celtics
Courtney Lee,2014,2014-15,79,614,295,194,72,0.4804560260586319,0.3711340206185567,0.5390879478827362,0.31596091205211724,2.4556962025316458,Memphis Grizzlies
Courtney Lee,2015,2015-16,77,643,288,224,90,0.447900466562986,0.4017857142857143,0.5178849144634525,0.3483670295489891,2.909090909090909,Memphis Grizzlies
Courtney Lee,2016,2016-17,79,639,290,217,82,0.4538341158059468,0.3778801843317972,0.5179968701095462,0.3395931142410016,2.7468354430379747,Memphis Grizzlies
Courtney Lee,2017,2017-18,77,704,321,269,108,0.4559659090909091,0.40148698884758366,0.5326704545454546,0.3821022727272727,3.4935064935064934,New York Knicks
Courtney Lee,2018,2018-19,76,755,343,278,113,0.4543046357615894,0.4064748201438849,0.5291390728476821,0.36821192052980134,3.6578947368421053,New York Knicks
Courtney Lee,2019,2019-20,32,129,53,55,16,0.4108527131782946,0.2909090909090909,0.4728682170542636,0.4263565891472868,1.71875,Dallas Mavericks
Courtney Lee,2020,2020-21,22,82,40,47,21,0.4878048780487805,0.44680851063829785,0.6158536585365854,0.573170731707317,2.1363636363636362,Dallas Mavericks
D'Angelo Russell,2016,2016-17,80,954,391,368,129,0.40985324947589097,0.35054347826086957,0.47746331236897277,0.3857442348008386,4.6,Los Angeles Lakers
D'Angelo Russell,2017,2017-18,62,865,351,382,135,0.40578034682080927,0.35340314136125656,0.4838150289017341,0.4416184971098266,6.161290322580645,Los Angeles Lakers
D'Angelo Russell,2018,2018-19,48,672,278,278,90,0.41369047619047616,0.3237410071942446,0.4806547619047619,0.41369047619047616,5.791666666666667,Brooklyn Nets
D'Angelo Russell,2019,2019-20,81,1517,659,635,234,0.43441001977587346,0.36850393700787404,0.5115359261700725,0.4185893210283454,7.839506172839506,Brooklyn Nets
D'Angelo Russell,2020,2020-21,45,846,360,431,158,0.425531914893617,0.3665893271461717,0.5189125295508275,0.5094562647754137,9.577777777777778,Golden State Warriors
D'Angelo Russell,2021,2021-22,42,652,281,310,120,0.43098159509202455,0.3870967741935484,0.5230061349693251,0.4754601226993865,7.380952380952381,Minnesota Timberwolves
D'Angelo Russell,2022,2022-23,65,975,401,518,176,0.4112820512820513,0.33976833976833976,0.5015384615384615,0.5312820512820513,7.969230769230769,Minnesota Timberwolves
D'Angelo Russell,2023,2023-24,71,948,445,490,194,0.4694092827004219,0.39591836734693875,0.5717299578059072,0.5168776371308017,6.901408450704225,Minnesota Timberwolves
D'Angelo Russell,2024,2024-25,76,1080,492,545,226,0.45555555555555555,0.41467889908256883,0.5601851851851852,0.5046296296296297,7.171052631578948,Los Angeles Lakers
D.J. Augustin,2013,2013-14,72,294,103,190,67,0.35034013605442177,0.3526315789473684,0.4642857142857143,0.6462585034013606,2.638888888888889,Indiana Pacers
D.J. Augustin,2014,2014-15,70,718,298,332,133,0.415041782729805,0.4006024096385542,0.5076601671309192,0.4623955431754875,4.742857142857143,Chicago Bulls
D.J. Augustin,2015,2015-16,81,645,257,244,82,0.3984496124031008,0.3360655737704918,0.462015503875969,0.37829457364341085,3.0123456790123457,Detroit Pistons
D.J. Augustin,2016,2016-17,59,349,147,167,67,0.42120343839541546,0.40119760479041916,0.5171919770773639,0.4785100286532951,2.830508474576271,Denver Nuggets
D.J. Augustin,2017,2017-18,78,517,195,274,95,0.3771760154738878,0.3467153284671533,0.4690522243713733,0.5299806576402321,3.5128205128205128,Orlando Magic
D.J. Augustin,2018,2018-19,74,540,244,272,114,0.45185185185185184,0.41911764705882354,0.5574074074074075,0.5037037037037037,3.675675675675676,Orlando Magic
D.J. Augustin,2019,2019-20,81,677,318,311,131,0.46971935007385524,0.4212218649517685,0.5664697193500738,0.45937961595273263,3.8395061728395063,Orlando Magic
D.J. Augustin,2020,2020-21,57,461,184,201,70,0.39913232104121477,0.3482587064676617,0.4750542299349241,0.4360086767895879,3.526315789473684,Orlando Magic
D.J. Augustin,2021,2021-22,56,343,135,217,83,0.3935860058309038,0.3824884792626728,0.5145772594752187,0.6326530612244898,3.875,Milwaukee Bucks
D.J. Augustin,2022,2022-23,55,222,94,164,68,0.42342342342342343,0.4146341463414634,0.5765765765765766,0.7387387387387387,2.981818181818182,Houston Rockets
Damian Lillard,2013,2013-14,82,1288,553,503,185,0.42934782608695654,0.36779324055666,0.5011645962732919,0.390527950310559,6.134146341463414,Portland Trail Blazers
Damian Lillard,2014,2014-15,82,1304,553,554,218,0.424079754601227,0.3935018050541516,0.5076687116564417,0.42484662576687116,6.7560975609756095,Portland Trail Blazers
Damian Lillard,2015,2015-16,82,1360,590,572,196,0.4338235294117647,0.34265734265734266,0.5058823529411764,0.42058823529411765,6.975609756097561,Portland Trail Blazers
Damian Lillard,2016,2016-17,75,1473,618,609,229,0.4195519348268839,0.3760262725779967,0.4972844534962661,0.4134419551934827,8.12,Portland Trail Blazers
Damian Lillard,2017,2017-18,75,1488,661,579,214,0.4442204301075269,0.3696027633851468,0.5161290322580645,0.38911290322580644,7.72,Portland Trail Blazers
Damian Lillard,2018,2018-19,73,1415,621,629,227,0.43886925795053006,0.36089030206677264,0.5190812720848057,0.44452296819787984,8.616438356164384,Portland Trail Blazers
Damian Lillard,2019,2019-20,80,1533,681,643,237,0.44422700587084146,0.36858475894245724,0.5215264187866928,0.41943900848010435,8.0375,Portland Trail Blazers
Damian Lillard,2020,2020-21,66,1349,624,674,270,0.4625648628613788,0.40059347181008903,0.5626389918458117,0.49962935507783546,10.212121212121213,Portland Trail Blazers
Damian Lillard,2021,2021-22,67,1334,602,704,275,0.4512743628185907,0.390625,0.5543478260869565,0.527736131934033,10.507462686567164,Portland Trail Blazers
Damian Lillard,2022,2022-23,29,552,222,284,92,0.40217391304347827,0.323943661971831,0.4855072463768116,0.5144927536231884,9.793103448275861,Portland Trail Blazers
Damian Lillard,2023,2023-24,58,1202,556,658,244,0.46256239600665555,0.3708206686930091,0.5640599001663894,0.5474209650582362,11.344827586206897,Portland Trail Blazers
Damian Lillard,2024,2024-25,73,1277,541,622,220,0.42364917776037586,0.3536977491961415,0.5097885669537979,0.48707909162098667,8.520547945205479,Milwaukee Bucks
Damion Lee,2018,2018-19,15,152,62,60,15,0.40789473684210525,0.25,0.45723684210526316,0.39473684210526316,4,Atlanta Hawks
Damion Lee,2019,2019-20,29,127,56,68,27,0.4409448818897638,0.39705882352941174,0.547244094488189,0.5354330708661418,2.3448275862068964,Golden State Warriors
Damion Lee,2020,2020-21,48,511,213,239,85,0.41682974559686886,0.35564853556485354,0.5,0.46771037181996084,4.979166666666667,Golden State Warriors
Damion Lee,2021,2021-22,57,274,128,194,77,0.46715328467153283,0.39690721649484534,0.6076642335766423,0.708029197080292,3.4035087719298245,Golden State Warriors
Damion Lee,2022,2022-23,62,383,169,187,63,0.4412532637075718,0.33689839572192515,0.5234986945169713,0.48825065274151436,3.0161290322580645,Golden State Warriors
Damion Lee,2023,2023-24,73,452,200,247,110,0.4424778761061947,0.44534412955465585,0.5641592920353983,0.5464601769911505,3.3835616438356166,Phoenix Suns
Damyean Dotson,2018,2018-19,39,161,72,68,22,0.4472049689440994,0.3235294117647059,0.515527950310559,0.422360248447205,1.7435897435897436,New York Knicks
Damyean Dotson,2019,2019-20,73,698,290,342,126,0.4154727793696275,0.3684210526315789,0.505730659025788,0.4899713467048711,4.684931506849315,New York Knicks
Damyean Dotson,2020,2020-21,46,290,120,163,59,0.41379310344827586,0.3619631901840491,0.5155172413793103,0.5620689655172414,3.5434782608695654,New York Knicks
Damyean Dotson,2021,2021-22,46,293,119,159,46,0.4061433447098976,0.2893081761006289,0.48464163822525597,0.5426621160409556,3.4565217391304346,Cleveland Cavaliers
Damyean Dotson,2022,2022-23,1,4,2,1,0,0.5,0,0.5,0.25,1,New York Knicks
Daniel Gafford,2020,2020-21,37,134,94,0,0,0.7014925373134329,NA,0.7014925373134329,0,0,Chicago Bulls
Daniel Gafford,2021,2021-22,52,225,154,0,0,0.6844444444444444,NA,0.6844444444444444,0,0,Washington Wizards
Daniel Gafford,2022,2022-23,72,411,285,1,0,0.6934306569343066,0,0.6934306569343066,0.0024330900243309003,0.013888888888888888,Washington Wizards
Daniel Gafford,2023,2023-24,76,395,289,0,0,0.7316455696202532,NA,0.7316455696202532,0,0,Washington Wizards
Daniel Gafford,2024,2024-25,73,480,348,0,0,0.725,NA,0.725,0,0,Washington Wizards
Daniel Theis,2018,2018-19,58,233,126,58,18,0.5407725321888412,0.3103448275862069,0.5793991416309013,0.24892703862660945,1,Boston Celtics
Daniel Theis,2019,2019-20,61,266,146,67,26,0.5488721804511278,0.3880597014925373,0.5977443609022557,0.2518796992481203,1.098360655737705,Boston Celtics
Daniel Theis,2020,2020-21,65,426,241,96,32,0.5657276995305164,0.3333333333333333,0.6032863849765259,0.22535211267605634,1.476923076923077,Boston Celtics
Daniel Theis,2021,2021-22,63,466,252,152,49,0.5407725321888412,0.3223684210526316,0.5933476394849786,0.3261802575107296,2.4126984126984126,Boston Celtics
Daniel Theis,2022,2022-23,46,291,151,107,33,0.5189003436426117,0.308411214953271,0.5756013745704467,0.36769759450171824,2.3260869565217392,Houston Rockets
Daniel Theis,2023,2023-24,7,44,21,11,2,0.4772727272727273,0.18181818181818182,0.5,0.25,1.5714285714285714,Indiana Pacers
Daniel Theis,2024,2024-25,59,293,156,71,26,0.5324232081911263,0.36619718309859156,0.5767918088737202,0.24232081911262798,1.2033898305084745,LA Clippers
Danilo Gallinari,2013,2013-14,71,870,364,361,135,0.41839080459770117,0.3739612188365651,0.4959770114942529,0.4149425287356322,5.084507042253521,Denver Nuggets
Danilo Gallinari,2015,2015-16,59,568,228,301,107,0.4014084507042254,0.3554817275747508,0.49559859154929575,0.5299295774647887,5.101694915254237,Denver Nuggets
Danilo Gallinari,2016,2016-17,53,700,287,239,87,0.41,0.36401673640167365,0.47214285714285714,0.3414285714285714,4.509433962264151,Denver Nuggets
Danilo Gallinari,2017,2017-18,63,750,335,324,126,0.44666666666666666,0.3888888888888889,0.5306666666666666,0.432,5.142857142857143,Denver Nuggets
Danilo Gallinari,2018,2018-19,21,256,102,111,36,0.3984375,0.32432432432432434,0.46875,0.43359375,5.285714285714286,LA Clippers
Danilo Gallinari,2019,2019-20,68,884,409,372,161,0.4626696832579186,0.4327956989247312,0.5537330316742082,0.42081447963800905,5.470588235294118,LA Clippers
Danilo Gallinari,2020,2020-21,62,817,358,439,178,0.43818849449204406,0.4054669703872437,0.5471236230110159,0.5373317013463892,7.080645161290323,Oklahoma City Thunder
Danilo Gallinari,2021,2021-22,51,475,206,254,103,0.4336842105263158,0.40551181102362205,0.5421052631578948,0.5347368421052632,4.980392156862745,Atlanta Hawks
Danilo Gallinari,2022,2022-23,66,597,259,294,112,0.4338358458961474,0.38095238095238093,0.5276381909547738,0.49246231155778897,4.454545454545454,Atlanta Hawks
Danilo Gallinari,2024,2024-25,46,190,83,93,30,0.4368421052631579,0.3225806451612903,0.5157894736842106,0.48947368421052634,2.0217391304347827,Washington Wizards
Danny Green,2013,2013-14,80,663,297,413,177,0.4479638009049774,0.42857142857142855,0.581447963800905,0.6229260935143288,5.1625,San Antonio Spurs
Danny Green,2014,2014-15,68,505,218,318,132,0.4316831683168317,0.41509433962264153,0.5623762376237624,0.6297029702970297,4.676470588235294,San Antonio Spurs
Danny Green,2015,2015-16,80,738,322,457,191,0.4363143631436314,0.4179431072210066,0.5657181571815718,0.6192411924119241,5.7125,San Antonio Spurs
Danny Green,2016,2016-17,79,559,210,347,115,0.3756708407871199,0.3314121037463977,0.4785330948121646,0.6207513416815742,4.3924050632911396,San Antonio Spurs
Danny Green,2017,2017-18,68,449,176,311,118,0.39198218262806234,0.37942122186495175,0.5233853006681515,0.6926503340757239,4.573529411764706,San Antonio Spurs
Danny Green,2018,2018-19,70,561,217,320,116,0.3868092691622103,0.3625,0.49019607843137253,0.5704099821746881,4.571428571428571,San Antonio Spurs
Danny Green,2019,2019-20,80,630,293,435,198,0.4650793650793651,0.45517241379310347,0.6222222222222222,0.6904761904761905,5.4375,Toronto Raptors
Danny Green,2020,2020-21,68,474,197,327,120,0.41561181434599154,0.3669724770642202,0.5421940928270043,0.689873417721519,4.8088235294117645,Los Angeles Lakers
Danny Green,2021,2021-22,69,544,224,432,175,0.4117647058823529,0.4050925925925926,0.5726102941176471,0.7941176470588235,6.260869565217392,Philadelphia 76ers
Danny Green,2022,2022-23,61,320,126,271,103,0.39375,0.3800738007380074,0.5546875,0.846875,4.442622950819672,Philadelphia 76ers
Danny Green,2023,2023-24,10,49,22,37,16,0.4489795918367347,0.43243243243243246,0.6122448979591837,0.7551020408163265,3.7,Cleveland Cavaliers
Danny Green,2024,2024-25,2,2,0,1,0,0,0,0,0.5,0.5,Philadelphia 76ers
Dante Cunningham,2013,2013-14,80,671,314,6,0,0.46795827123695977,0,0.46795827123695977,0.00894187779433681,0.075,Minnesota Timberwolves
Dante Cunningham,2014,2014-15,81,509,236,5,0,0.4636542239685658,0,0.4636542239685658,0.009823182711198428,0.06172839506172839,Minnesota Timberwolves
Dante Cunningham,2015,2015-16,65,339,155,10,1,0.45722713864306785,0.1,0.45870206489675514,0.029498525073746312,0.15384615384615385,New Orleans Pelicans
Dante Cunningham,2016,2016-17,78,412,186,174,55,0.45145631067961167,0.3160919540229885,0.5182038834951457,0.4223300970873786,2.230769230769231,New Orleans Pelicans
Dante Cunningham,2017,2017-18,65,358,173,180,70,0.48324022346368717,0.3888888888888889,0.5810055865921788,0.5027932960893855,2.769230769230769,New Orleans Pelicans
Dante Cunningham,2018,2018-19,70,364,164,168,58,0.45054945054945056,0.34523809523809523,0.5302197802197802,0.46153846153846156,2.4,New Orleans Pelicans
Dante Cunningham,2019,2019-20,55,158,75,65,30,0.47468354430379744,0.46153846153846156,0.569620253164557,0.41139240506329117,1.1818181818181819,San Antonio Spurs
Dante Exum,2015,2015-16,82,416,145,264,83,0.3485576923076923,0.3143939393939394,0.4483173076923077,0.6346153846153846,3.2195121951219514,Utah Jazz
Dante Exum,2017,2017-18,65,363,155,149,44,0.42699724517906334,0.2953020134228188,0.48760330578512395,0.41046831955922863,2.292307692307692,Utah Jazz
Dante Exum,2018,2018-19,14,87,42,18,5,0.4827586206896552,0.2777777777777778,0.5114942528735632,0.20689655172413793,1.2857142857142858,Utah Jazz
Dante Exum,2019,2019-20,40,241,101,62,18,0.4190871369294606,0.2903225806451613,0.45643153526970953,0.2572614107883817,1.55,Utah Jazz
Dante Exum,2020,2020-21,33,119,56,43,15,0.47058823529411764,0.3488372093023256,0.5336134453781513,0.36134453781512604,1.303030303030303,Cleveland Cavaliers
Dante Exum,2021,2021-22,5,26,10,11,2,0.38461538461538464,0.18181818181818182,0.4230769230769231,0.4230769230769231,2.2,Cleveland Cavaliers
Dante Exum,2024,2024-25,53,302,161,108,53,0.5331125827814569,0.49074074074074076,0.6208609271523179,0.3576158940397351,2.0377358490566038,Dallas Mavericks
Danuel House Jr.,2018,2018-19,22,129,56,58,15,0.43410852713178294,0.25862068965517243,0.49224806201550386,0.4496124031007752,2.6363636363636362,Phoenix Suns
Danuel House Jr.,2019,2019-20,39,252,118,178,74,0.46825396825396826,0.4157303370786517,0.6150793650793651,0.7063492063492064,4.564102564102564,Houston Rockets
Danuel House Jr.,2020,2020-21,63,539,230,355,129,0.4267161410018553,0.36338028169014086,0.5463821892393321,0.6586270871985158,5.634920634920635,Houston Rockets
Danuel House Jr.,2021,2021-22,36,272,110,156,54,0.40441176470588236,0.34615384615384615,0.5036764705882353,0.5735294117647058,4.333333333333333,Houston Rockets
Danuel House Jr.,2022,2022-23,40,198,80,117,44,0.40404040404040403,0.37606837606837606,0.5151515151515151,0.5909090909090909,2.925,Utah Jazz
Danuel House Jr.,2023,2023-24,50,197,93,110,37,0.4720812182741117,0.33636363636363636,0.565989847715736,0.5583756345177665,2.2,Philadelphia 76ers
Danuel House Jr.,2024,2024-25,31,105,47,50,15,0.44761904761904764,0.3,0.5190476190476191,0.47619047619047616,1.6129032258064515,Philadelphia 76ers
Dario Saric,2017,2017-18,81,926,380,340,105,0.4103671706263499,0.3088235294117647,0.46706263498920086,0.367170626349892,4.197530864197531,Philadelphia 76ers
Dario Saric,2018,2018-19,77,890,403,399,157,0.45280898876404496,0.39348370927318294,0.5410112359550562,0.44831460674157303,5.181818181818182,Philadelphia 76ers
Dario Saric,2019,2019-20,81,696,304,323,118,0.4367816091954023,0.3653250773993808,0.521551724137931,0.4640804597701149,3.9876543209876543,Minnesota Timberwolves
Dario Saric,2020,2020-21,64,538,256,235,84,0.4758364312267658,0.3574468085106383,0.5539033457249071,0.4368029739776952,3.671875,Phoenix Suns
Dario Saric,2021,2021-22,50,342,153,135,47,0.4473684210526316,0.34814814814814815,0.5160818713450293,0.39473684210526316,2.7,Phoenix Suns
Dario Saric,2023,2023-24,54,277,127,115,45,0.4584837545126354,0.391304347826087,0.5397111913357401,0.4151624548736462,2.1296296296296298,Phoenix Suns
Dario Saric,2024,2024-25,62,388,181,197,74,0.46649484536082475,0.3756345177664975,0.5618556701030928,0.5077319587628866,3.1774193548387095,Golden State Warriors
Darius Bazley,2020,2020-21,59,317,125,141,49,0.3943217665615142,0.3475177304964539,0.471608832807571,0.444794952681388,2.389830508474576,Oklahoma City Thunder
Darius Bazley,2021,2021-22,55,690,273,286,83,0.39565217391304347,0.2902097902097902,0.4557971014492754,0.4144927536231884,5.2,Oklahoma City Thunder
Darius Bazley,2022,2022-23,69,649,274,269,80,0.4221879815100154,0.29739776951672864,0.48382126348228044,0.41448382126348227,3.898550724637681,Oklahoma City Thunder
Darius Bazley,2023,2023-24,37,183,83,53,20,0.453551912568306,0.37735849056603776,0.5081967213114754,0.2896174863387978,1.4324324324324325,Oklahoma City Thunder
Darius Bazley,2024,2024-25,7,30,18,8,2,0.6,0.25,0.6333333333333333,0.26666666666666666,1.1428571428571428,Utah Jazz
Darius Garland,2020,2020-21,59,699,280,296,105,0.4005722460658083,0.3547297297297297,0.47567954220314734,0.4234620886981402,5.016949152542373,Cleveland Cavaliers
Darius Garland,2021,2021-22,54,802,362,266,105,0.4513715710723192,0.39473684210526316,0.5168329177057357,0.3316708229426434,4.925925925925926,Cleveland Cavaliers
Darius Garland,2022,2022-23,68,1173,542,454,174,0.4620630861040068,0.3832599118942731,0.5362318840579711,0.38704177323103156,6.676470588235294,Cleveland Cavaliers
Darius Garland,2023,2023-24,69,1129,522,412,169,0.46235606731620904,0.41019417475728154,0.5372010628875111,0.3649247121346324,5.971014492753623,Cleveland Cavaliers
Darius Garland,2024,2024-25,57,841,375,356,132,0.44589774078478,0.3707865168539326,0.5243757431629013,0.4233055885850178,6.245614035087719,Cleveland Cavaliers
Darius Miller,2013,2013-14,41,108,44,56,22,0.4074074074074074,0.39285714285714285,0.5092592592592593,0.5185185185185185,1.3658536585365855,New Orleans Hornets
Darius Miller,2014,2014-15,39,166,73,77,25,0.4397590361445783,0.3246753246753247,0.5150602409638554,0.463855421686747,1.9743589743589745,New Orleans Pelicans
Darius Miller,2015,2015-16,3,7,1,1,0,0.14285714285714285,0,0.14285714285714285,0.14285714285714285,0.3333333333333333,New Orleans Pelicans
Darius Miller,2018,2018-19,82,487,216,358,147,0.44353182751540043,0.4106145251396648,0.5944558521560575,0.7351129363449692,4.365853658536586,New Orleans Pelicans
Darius Miller,2019,2019-20,69,484,189,364,133,0.390495867768595,0.36538461538461536,0.5278925619834711,0.7520661157024794,5.27536231884058,New Orleans Pelicans
Darius Miller,2021,2021-22,15,48,22,42,17,0.4583333333333333,0.40476190476190477,0.6354166666666666,0.875,2.8,Oklahoma City Thunder
Darrell Arthur,2013,2013-14,59,359,162,18,5,0.45125348189415043,0.2777777777777778,0.4582172701949861,0.05013927576601671,0.3050847457627119,Memphis Grizzlies
Darrell Arthur,2014,2014-15,66,410,162,64,24,0.3951219512195122,0.375,0.424390243902439,0.15609756097560976,0.9696969696969697,Denver Nuggets
Darrell Arthur,2015,2015-16,58,384,155,110,26,0.4036458333333333,0.23636363636363636,0.4375,0.2864583333333333,1.896551724137931,Denver Nuggets
Darrell Arthur,2016,2016-17,70,489,221,117,45,0.45194274028629855,0.38461538461538464,0.49795501022494887,0.2392638036809816,1.6714285714285715,Denver Nuggets
Darrell Arthur,2017,2017-18,40,215,95,117,53,0.4418604651162791,0.452991452991453,0.5651162790697675,0.5441860465116279,2.925,Denver Nuggets
Darrell Arthur,2018,2018-19,16,47,22,23,8,0.46808510638297873,0.34782608695652173,0.5531914893617021,0.48936170212765956,1.4375,Denver Nuggets
Darren Collison,2013,2013-14,81,724,341,136,48,0.47099447513812154,0.35294117647058826,0.5041436464088398,0.1878453038674033,1.6790123456790123,Dallas Mavericks
Darren Collison,2014,2014-15,80,693,324,188,71,0.4675324675324675,0.3776595744680851,0.5187590187590188,0.2712842712842713,2.35,Los Angeles Clippers
Darren Collison,2015,2015-16,45,550,260,161,60,0.4727272727272727,0.37267080745341613,0.5272727272727272,0.2927272727272727,3.577777777777778,Sacramento Kings
Darren Collison,2016,2016-17,74,776,377,217,87,0.48582474226804123,0.4009216589861751,0.541881443298969,0.27963917525773196,2.9324324324324325,Sacramento Kings
Darren Collison,2017,2017-18,68,714,340,175,73,0.47619047619047616,0.41714285714285715,0.5273109243697479,0.24509803921568626,2.573529411764706,Sacramento Kings
Darren Collison,2018,2018-19,69,638,316,205,96,0.4952978056426332,0.4682926829268293,0.5705329153605015,0.3213166144200627,2.971014492753623,Indiana Pacers
Darren Collison,2019,2019-20,76,659,308,194,79,0.4673748103186646,0.4072164948453608,0.5273141122913505,0.2943854324734446,2.5526315789473686,Indiana Pacers
Darren Collison,2022,2022-23,3,7,2,3,0,0.2857142857142857,0,0.2857142857142857,0.42857142857142855,1,Los Angeles Lakers
David Lee,2013,2013-14,79,1160,602,4,0,0.5189655172413793,0,0.5189655172413793,0.0034482758620689655,0.05063291139240506,Golden State Warriors
David Lee,2014,2014-15,69,981,513,1,0,0.5229357798165137,0,0.5229357798165137,0.0010193679918450561,0.014492753623188406,Golden State Warriors
David Lee,2015,2015-16,49,313,160,2,0,0.5111821086261981,0,0.5111821086261981,0.006389776357827476,0.04081632653061224,Golden State Warriors
David Lee,2016,2016-17,54,335,178,1,0,0.5313432835820896,0,0.5313432835820896,0.0029850746268656717,0.018518518518518517,Boston Celtics
David Lee,2017,2017-18,78,420,248,0,0,0.5904761904761905,NA,0.5904761904761905,0,0,San Antonio Spurs
David Nwaba,2017,2017-18,19,80,47,4,1,0.5875,0.25,0.59375,0.05,0.21052631578947367,Los Angeles Lakers
David Nwaba,2018,2018-19,69,423,202,52,18,0.47754137115839246,0.34615384615384615,0.4988179669030733,0.12293144208037825,0.7536231884057971,Chicago Bulls
David Nwaba,2019,2019-20,49,262,126,75,24,0.48091603053435117,0.32,0.5267175572519084,0.2862595419847328,1.530612244897959,Cleveland Cavaliers
David Nwaba,2020,2020-21,14,71,37,28,12,0.5211267605633803,0.42857142857142855,0.6056338028169014,0.39436619718309857,2,Brooklyn Nets
David Nwaba,2021,2021-22,29,218,106,63,17,0.48623853211009177,0.2698412698412698,0.5252293577981652,0.2889908256880734,2.1724137931034484,Houston Rockets
David Nwaba,2022,2022-23,42,176,85,49,15,0.48295454545454547,0.30612244897959184,0.5255681818181818,0.2784090909090909,1.1666666666666667,Houston Rockets
David West,2013,2013-14,73,1008,502,18,4,0.498015873015873,0.2222222222222222,0.5,0.017857142857142856,0.2465753424657534,Indiana Pacers
David West,2014,2014-15,80,939,458,15,4,0.48775292864749736,0.26666666666666666,0.4898828541001065,0.01597444089456869,0.1875,Indiana Pacers
David West,2015,2015-16,66,686,323,20,4,0.4708454810495627,0.2,0.4737609329446064,0.029154518950437316,0.30303030303030304,Indiana Pacers
David West,2016,2016-17,78,448,244,7,3,0.5446428571428571,0.42857142857142855,0.5479910714285714,0.015625,0.08974358974358974,San Antonio Spurs
David West,2017,2017-18,68,252,135,8,3,0.5357142857142857,0.375,0.5416666666666666,0.031746031746031744,0.11764705882352941,Golden State Warriors
David West,2018,2018-19,73,378,216,8,3,0.5714285714285714,0.375,0.5753968253968254,0.021164021164021163,0.1095890410958904,Golden State Warriors
Davion Mitchell,2022,2022-23,75,843,352,320,101,0.41755634638196915,0.315625,0.4774614472123369,0.37959667852906287,4.266666666666667,Sacramento Kings
Davion Mitchell,2023,2023-24,80,399,181,197,63,0.45363408521303256,0.3197969543147208,0.5325814536340853,0.49373433583959897,2.4625,Sacramento Kings
Davion Mitchell,2024,2024-25,68,323,146,158,57,0.4520123839009288,0.36075949367088606,0.5402476780185759,0.4891640866873065,2.323529411764706,Sacramento Kings
Davis Bertans,2017,2017-18,55,234,103,173,69,0.44017094017094016,0.3988439306358382,0.5876068376068376,0.7393162393162394,3.1454545454545455,San Antonio Spurs
Davis Bertans,2018,2018-19,68,366,161,252,94,0.43989071038251365,0.373015873015873,0.5683060109289617,0.6885245901639344,3.7058823529411766,San Antonio Spurs
Davis Bertans,2019,2019-20,76,453,204,338,145,0.4503311258278146,0.4289940828402367,0.6103752759381899,0.7461368653421634,4.447368421052632,San Antonio Spurs
Davis Bertans,2020,2020-21,54,610,265,472,200,0.4344262295081967,0.423728813559322,0.5983606557377049,0.7737704918032787,8.74074074074074,Washington Wizards
Davis Bertans,2021,2021-22,57,478,193,428,169,0.40376569037656906,0.39485981308411217,0.5805439330543933,0.895397489539749,7.508771929824562,Washington Wizards
Davis Bertans,2022,2022-23,55,275,99,230,77,0.36,0.3347826086956522,0.5,0.8363636363636363,4.181818181818182,Washington Wizards
Davis Bertans,2023,2023-24,43,160,69,141,55,0.43125,0.3900709219858156,0.603125,0.88125,3.2790697674418605,Dallas Mavericks
Davis Bertans,2024,2024-25,40,234,92,200,76,0.39316239316239315,0.38,0.5555555555555556,0.8547008547008547,5,Charlotte Hornets
De'Aaron Fox,2018,2018-19,73,797,328,153,47,0.411543287327478,0.30718954248366015,0.4410288582183187,0.191969887076537,2.095890410958904,Sacramento Kings
De'Aaron Fox,2019,2019-20,81,1102,505,232,86,0.45825771324863884,0.3706896551724138,0.49727767695099817,0.21052631578947367,2.8641975308641974,Sacramento Kings
De'Aaron Fox,2020,2020-21,51,815,391,185,54,0.47975460122699387,0.2918918918918919,0.5128834355828221,0.22699386503067484,3.627450980392157,Sacramento Kings
De'Aaron Fox,2021,2021-22,58,1110,529,320,103,0.4765765765765766,0.321875,0.522972972972973,0.2882882882882883,5.517241379310345,Sacramento Kings
De'Aaron Fox,2022,2022-23,59,1092,516,249,74,0.4725274725274725,0.2971887550200803,0.5064102564102564,0.22802197802197802,4.220338983050848,Sacramento Kings
De'Aaron Fox,2023,2023-24,73,1331,682,367,119,0.512396694214876,0.3242506811989101,0.5570999248685199,0.27573253193087904,5.027397260273973,Sacramento Kings
De'Aaron Fox,2024,2024-25,74,1549,720,580,214,0.4648160103292447,0.3689655172413793,0.5338928340865075,0.37443511943189156,7.837837837837838,Sacramento Kings
De'Andre Hunter,2020,2020-21,63,683,280,304,108,0.40995607613469986,0.35526315789473684,0.4890190336749634,0.445095168374817,4.825396825396825,Atlanta Hawks
De'Andre Hunter,2021,2021-22,23,248,120,95,31,0.4838709677419355,0.3263157894736842,0.5463709677419355,0.38306451612903225,4.130434782608695,Atlanta Hawks
De'Andre Hunter,2022,2022-23,53,575,254,195,74,0.44173913043478263,0.37948717948717947,0.5060869565217392,0.3391304347826087,3.6792452830188678,Atlanta Hawks
De'Andre Hunter,2023,2023-24,67,822,379,286,100,0.4610705596107056,0.34965034965034963,0.5218978102189781,0.34793187347931875,4.268656716417911,Atlanta Hawks
De'Andre Hunter,2024,2024-25,57,663,304,304,117,0.45852187028657615,0.3848684210526316,0.5467571644042232,0.45852187028657615,5.333333333333333,Atlanta Hawks
De'Anthony Melton,2019,2019-20,46,256,100,95,29,0.390625,0.30526315789473685,0.447265625,0.37109375,2.0652173913043477,Phoenix Suns
De'Anthony Melton,2020,2020-21,58,401,161,140,40,0.4014962593516209,0.2857142857142857,0.4513715710723192,0.3491271820448878,2.413793103448276,Memphis Grizzlies
De'Anthony Melton,2021,2021-22,52,393,172,211,87,0.43765903307888043,0.41232227488151657,0.5483460559796438,0.5368956743002544,4.0576923076923075,Memphis Grizzlies
De'Anthony Melton,2022,2022-23,73,695,281,372,139,0.40431654676258993,0.3736559139784946,0.50431654676259,0.5352517985611511,5.095890410958904,Memphis Grizzlies
De'Anthony Melton,2023,2023-24,77,651,277,403,157,0.4254992319508449,0.38957816377171217,0.5460829493087558,0.6190476190476191,5.233766233766234,Philadelphia 76ers
De'Anthony Melton,2024,2024-25,38,360,139,214,77,0.3861111111111111,0.3598130841121495,0.4930555555555556,0.5944444444444444,5.631578947368421,Philadelphia 76ers
DeAndre Jordan,2013,2013-14,80,488,314,0,0,0.6434426229508197,NA,0.6434426229508197,0,0,Los Angeles Clippers
DeAndre Jordan,2014,2014-15,81,515,348,0,0,0.6757281553398058,NA,0.6757281553398058,0,0,Los Angeles Clippers
DeAndre Jordan,2015,2015-16,82,534,379,4,1,0.7097378277153558,0.25,0.7106741573033708,0.00749063670411985,0.04878048780487805,Los Angeles Clippers
DeAndre Jordan,2016,2016-17,77,508,357,1,0,0.702755905511811,0,0.702755905511811,0.001968503937007874,0.012987012987012988,LA Clippers
DeAndre Jordan,2017,2017-18,81,577,412,2,0,0.7140381282495667,0,0.7140381282495667,0.0034662045060658577,0.024691358024691357,LA Clippers
DeAndre Jordan,2018,2018-19,77,578,373,0,0,0.6453287197231834,NA,0.6453287197231834,0,0,LA Clippers
DeAndre Jordan,2019,2019-20,69,446,286,0,0,0.6412556053811659,NA,0.6412556053811659,0,0,Dallas Mavericks
DeAndre Jordan,2020,2020-21,56,287,191,0,0,0.6655052264808362,NA,0.6655052264808362,0,0,Brooklyn Nets
DeAndre Jordan,2021,2021-22,56,249,190,1,0,0.7630522088353414,0,0.7630522088353414,0.004016064257028112,0.017857142857142856,Brooklyn Nets
DeAndre Jordan,2022,2022-23,43,143,92,0,0,0.6433566433566433,NA,0.6433566433566433,0,0,Los Angeles Lakers
DeAndre Jordan,2023,2023-24,37,115,88,1,1,0.7652173913043478,1,0.7695652173913043,0.008695652173913044,0.02702702702702703,Denver Nuggets
DeAndre Jordan,2024,2024-25,30,93,58,0,0,0.6236559139784946,NA,0.6236559139784946,0,0,Denver Nuggets
DeAndre' Bembry,2017,2017-18,30,98,47,18,1,0.47959183673469385,0.05555555555555555,0.4846938775510204,0.1836734693877551,0.6,Atlanta Hawks
DeAndre' Bembry,2018,2018-19,25,128,53,30,11,0.4140625,0.36666666666666664,0.45703125,0.234375,1.2,Atlanta Hawks
DeAndre' Bembry,2019,2019-20,82,616,275,173,50,0.44642857142857145,0.28901734104046245,0.487012987012987,0.28084415584415584,2.1097560975609757,Atlanta Hawks
DeAndre' Bembry,2020,2020-21,41,228,104,65,15,0.45614035087719296,0.23076923076923078,0.48903508771929827,0.2850877192982456,1.5853658536585367,Atlanta Hawks
DeAndre' Bembry,2021,2021-22,44,228,117,53,14,0.5131578947368421,0.2641509433962264,0.543859649122807,0.2324561403508772,1.2045454545454546,Toronto Raptors
DeAndre' Bembry,2022,2022-23,47,221,124,36,15,0.5610859728506787,0.4166666666666667,0.5950226244343891,0.16289592760180996,0.7659574468085106,Brooklyn Nets
DeMar DeRozan,2013,2013-14,82,1231,548,120,34,0.44516653127538586,0.2833333333333333,0.45897644191714054,0.09748172217709179,1.4634146341463414,Toronto Raptors
DeMar DeRozan,2014,2014-15,79,1407,604,210,64,0.4292821606254442,0.3047619047619048,0.4520255863539446,0.14925373134328357,2.6582278481012658,Toronto Raptors
DeMar DeRozan,2015,2015-16,60,990,409,88,25,0.4131313131313131,0.2840909090909091,0.4257575757575758,0.08888888888888889,1.4666666666666666,Toronto Raptors
DeMar DeRozan,2016,2016-17,78,1376,614,138,47,0.44622093023255816,0.34057971014492755,0.4632994186046512,0.1002906976744186,1.7692307692307692,Toronto Raptors
DeMar DeRozan,2017,2017-18,74,1545,721,124,33,0.4666666666666667,0.2661290322580645,0.4773462783171521,0.08025889967637541,1.6756756756756757,Toronto Raptors
DeMar DeRozan,2018,2018-19,80,1413,645,287,89,0.4564755838641189,0.31010452961672474,0.48796886058032557,0.20311394196744514,3.5875,Toronto Raptors
DeMar DeRozan,2019,2019-20,77,1313,631,45,7,0.4805788271134806,0.15555555555555556,0.48324447829398326,0.03427265803503427,0.5844155844155844,San Antonio Spurs
DeMar DeRozan,2020,2020-21,68,1049,557,35,9,0.5309818875119161,0.2571428571428571,0.5352716873212583,0.03336510962821735,0.5147058823529411,San Antonio Spurs
DeMar DeRozan,2021,2021-22,61,920,455,74,19,0.4945652173913043,0.25675675675675674,0.5048913043478261,0.08043478260869565,1.2131147540983607,San Antonio Spurs
DeMar DeRozan,2022,2022-23,76,1535,774,142,50,0.5042345276872964,0.352112676056338,0.5205211726384364,0.09250814332247558,1.868421052631579,Chicago Bulls
DeMar DeRozan,2023,2023-24,74,1303,657,142,46,0.5042210283960092,0.323943661971831,0.5218726016884113,0.10897927858787414,1.9189189189189189,Chicago Bulls
DeMar DeRozan,2024,2024-25,79,1355,650,225,75,0.4797047970479705,0.3333333333333333,0.507380073800738,0.16605166051660517,2.848101265822785,Chicago Bulls
DeMarcus Cousins,2013,2013-14,75,1036,482,22,4,0.46525096525096526,0.18181818181818182,0.4671814671814672,0.021235521235521235,0.29333333333333333,Sacramento Kings
DeMarcus Cousins,2014,2014-15,71,1191,591,7,0,0.49622166246851385,0,0.49622166246851385,0.005877413937867338,0.09859154929577464,Sacramento Kings
DeMarcus Cousins,2015,2015-16,59,1066,498,8,2,0.46716697936210133,0.25,0.46810506566604126,0.0075046904315197,0.13559322033898305,Sacramento Kings
DeMarcus Cousins,2016,2016-17,65,1332,601,210,70,0.4512012012012012,0.3333333333333333,0.4774774774774775,0.15765765765765766,3.230769230769231,Sacramento Kings
DeMarcus Cousins,2017,2017-18,72,1432,647,363,131,0.4518156424581006,0.3608815426997245,0.4975558659217877,0.2534916201117318,5.041666666666667,Sacramento Kings
DeMarcus Cousins,2018,2018-19,48,864,406,294,104,0.4699074074074074,0.35374149659863946,0.5300925925925926,0.3402777777777778,6.125,New Orleans Pelicans
DeMarcus Cousins,2019,2019-20,30,371,178,95,26,0.4797843665768194,0.2736842105263158,0.5148247978436657,0.2560646900269542,3.1666666666666665,Golden State Warriors
DeMarcus Cousins,2021,2021-22,41,305,130,135,47,0.4262295081967213,0.34814814814814815,0.5032786885245901,0.4426229508196721,3.292682926829268,Houston Rockets
DeMarcus Cousins,2022,2022-23,47,324,149,122,37,0.45987654320987653,0.30327868852459017,0.5169753086419753,0.3765432098765432,2.595744680851064,Denver Nuggets
DeMarre Carroll,2013,2013-14,63,324,149,70,20,0.45987654320987653,0.2857142857142857,0.49074074074074076,0.21604938271604937,1.1111111111111112,Utah Jazz
DeMarre Carroll,2014,2014-15,73,642,302,268,97,0.470404984423676,0.3619402985074627,0.5459501557632399,0.4174454828660436,3.671232876712329,Atlanta Hawks
DeMarre Carroll,2015,2015-16,70,653,318,304,120,0.4869831546707504,0.39473684210526316,0.5788667687595712,0.4655436447166922,4.3428571428571425,Atlanta Hawks
DeMarre Carroll,2016,2016-17,26,270,105,118,46,0.3888888888888889,0.3898305084745763,0.4740740740740741,0.43703703703703706,4.538461538461538,Toronto Raptors
DeMarre Carroll,2017,2017-18,72,548,220,318,109,0.40145985401459855,0.34276729559748426,0.5009124087591241,0.5802919708029197,4.416666666666667,Toronto Raptors
DeMarre Carroll,2018,2018-19,73,785,325,391,145,0.4140127388535032,0.37084398976982097,0.5063694267515924,0.4980891719745223,5.3561643835616435,Brooklyn Nets
DeMarre Carroll,2019,2019-20,67,575,227,310,106,0.3947826086956522,0.3419354838709677,0.48695652173913045,0.5391304347826087,4.626865671641791,Brooklyn Nets
DeMarre Carroll,2020,2020-21,21,66,25,33,8,0.3787878787878788,0.24242424242424243,0.4393939393939394,0.5,1.5714285714285714,Houston Rockets
Deandre Ayton,2019,2019-20,71,870,509,4,0,0.5850574712643678,0,0.5850574712643678,0.004597701149425287,0.056338028169014086,Phoenix Suns
Deandre Ayton,2020,2020-21,38,568,310,13,3,0.545774647887324,0.23076923076923078,0.5484154929577465,0.022887323943661973,0.34210526315789475,Phoenix Suns
Deandre Ayton,2021,2021-22,69,687,430,20,4,0.6259097525473072,0.2,0.62882096069869,0.02911208151382824,0.2898550724637681,Phoenix Suns
Deandre Ayton,2022,2022-23,58,697,442,19,7,0.6341463414634146,0.3684210526315789,0.639167862266858,0.027259684361549498,0.3275862068965517,Phoenix Suns
Deandre Ayton,2023,2023-24,67,887,522,24,7,0.588500563697858,0.2916666666666667,0.5924464487034949,0.02705749718151071,0.3582089552238806,Phoenix Suns
Deandre Ayton,2024,2024-25,55,749,427,10,1,0.5700934579439252,0.1,0.5707610146862483,0.01335113484646195,0.18181818181818182,Portland Trail Blazers
Dejounte Murray,2017,2017-18,31,116,50,23,9,0.43103448275862066,0.391304347826087,0.4698275862068966,0.19827586206896552,0.7419354838709677,San Antonio Spurs
Dejounte Murray,2018,2018-19,78,609,270,34,9,0.4433497536945813,0.2647058823529412,0.45073891625615764,0.05582922824302135,0.4358974358974359,San Antonio Spurs
Dejounte Murray,2020,2020-21,66,637,294,111,41,0.46153846153846156,0.36936936936936937,0.4937205651491366,0.17425431711145997,1.6818181818181819,San Antonio Spurs
Dejounte Murray,2021,2021-22,66,974,441,199,63,0.4527720739219713,0.3165829145728643,0.4851129363449692,0.20431211498973306,3.015151515151515,San Antonio Spurs
Dejounte Murray,2022,2022-23,68,1241,573,294,96,0.46172441579371476,0.32653061224489793,0.500402900886382,0.23690572119258663,4.323529411764706,San Antonio Spurs
Dejounte Murray,2023,2023-24,73,1319,612,387,133,0.46398786959818045,0.34366925064599485,0.5144048521607278,0.2934040940106141,5.301369863013699,Atlanta Hawks
Dejounte Murray,2024,2024-25,78,1463,672,554,201,0.45933014354066987,0.3628158844765343,0.5280246069719754,0.37867395762132605,7.102564102564102,Atlanta Hawks
Delon Wright,2016,2016-17,20,80,36,13,5,0.45,0.38461538461538464,0.48125,0.1625,0.65,Toronto Raptors
Delon Wright,2017,2017-18,24,116,49,30,10,0.4224137931034483,0.3333333333333333,0.46551724137931033,0.25862068965517243,1.25,Toronto Raptors
Delon Wright,2018,2018-19,68,432,201,153,56,0.4652777777777778,0.3660130718954248,0.5300925925925926,0.3541666666666667,2.25,Toronto Raptors
Delon Wright,2019,2019-20,73,558,242,168,50,0.4336917562724014,0.2976190476190476,0.478494623655914,0.3010752688172043,2.3013698630136985,Toronto Raptors
Delon Wright,2020,2020-21,71,411,190,127,47,0.46228710462287104,0.3700787401574803,0.5194647201946472,0.30900243309002434,1.7887323943661972,Dallas Mavericks
Delon Wright,2021,2021-22,62,518,240,172,64,0.46332046332046334,0.37209302325581395,0.525096525096525,0.33204633204633205,2.774193548387097,Detroit Pistons
Delon Wright,2022,2022-23,76,269,122,116,44,0.45353159851301117,0.3793103448275862,0.5353159851301115,0.4312267657992565,1.5263157894736843,Atlanta Hawks
Delon Wright,2023,2023-24,50,291,138,119,41,0.4742268041237113,0.3445378151260504,0.5446735395189003,0.40893470790378006,2.38,Washington Wizards
Delon Wright,2024,2024-25,45,188,74,68,25,0.39361702127659576,0.36764705882352944,0.4601063829787234,0.3617021276595745,1.511111111111111,Washington Wizards
Deni Avdija,2021,2021-22,53,312,130,168,53,0.4166666666666667,0.31547619047619047,0.5016025641025641,0.5384615384615384,3.169811320754717,Washington Wizards
Deni Avdija,2022,2022-23,81,579,250,259,82,0.4317789291882556,0.3166023166023166,0.5025906735751295,0.4473229706390328,3.197530864197531,Washington Wizards
Deni Avdija,2023,2023-24,76,579,253,232,69,0.4369602763385147,0.2974137931034483,0.49654576856649396,0.4006908462867012,3.0526315789473686,Washington Wizards
Deni Avdija,2024,2024-25,75,803,406,235,88,0.5056039850560399,0.37446808510638296,0.5603985056039851,0.29265255292652553,3.1333333333333333,Washington Wizards
Dennis Schroder,2014,2014-15,41,188,72,42,10,0.3829787234042553,0.23809523809523808,0.4095744680851064,0.22340425531914893,1.024390243902439,Atlanta Hawks
Dennis Schroder,2015,2015-16,76,665,284,148,52,0.4270676691729323,0.35135135135135137,0.46616541353383456,0.22255639097744362,1.9473684210526316,Atlanta Hawks
Dennis Schroder,2016,2016-17,80,781,329,239,77,0.4212548015364917,0.32217573221757323,0.470550576184379,0.3060179257362356,2.9875,Atlanta Hawks
Dennis Schroder,2017,2017-18,79,1213,548,293,100,0.4517724649629019,0.3412969283276451,0.49299258037922505,0.24154987633965375,3.7088607594936707,Atlanta Hawks
Dennis Schroder,2018,2018-19,67,1146,500,262,76,0.4363001745200698,0.2900763358778626,0.4694589877835951,0.2286212914485166,3.91044776119403,Atlanta Hawks
Dennis Schroder,2019,2019-20,79,1104,457,364,124,0.41394927536231885,0.34065934065934067,0.4701086956521739,0.32971014492753625,4.6075949367088604,Oklahoma City Thunder
Dennis Schroder,2020,2020-21,65,965,453,325,125,0.4694300518134715,0.38461538461538464,0.5341968911917099,0.33678756476683935,5,Oklahoma City Thunder
Dennis Schroder,2021,2021-22,61,760,332,212,71,0.4368421052631579,0.33490566037735847,0.48355263157894735,0.2789473684210526,3.4754098360655736,Los Angeles Lakers
Dennis Schroder,2022,2022-23,64,724,312,250,86,0.430939226519337,0.344,0.4903314917127072,0.3453038674033149,3.90625,Boston Celtics
Dennis Schroder,2023,2023-24,66,650,270,225,74,0.4153846153846154,0.3288888888888889,0.4723076923076923,0.34615384615384615,3.409090909090909,Los Angeles Lakers
Dennis Schroder,2024,2024-25,80,927,403,368,138,0.43473570658036675,0.375,0.5091693635382956,0.3969795037756203,4.6,Toronto Raptors
Dennis Smith Jr.,2018,2018-19,69,1024,404,339,106,0.39453125,0.31268436578171094,0.4462890625,0.3310546875,4.913043478260869,Dallas Mavericks
Dennis Smith Jr.,2019,2019-20,53,650,278,208,67,0.4276923076923077,0.32211538461538464,0.47923076923076924,0.32,3.9245283018867925,Dallas Mavericks
Dennis Smith Jr.,2020,2020-21,34,211,72,54,16,0.3412322274881517,0.2962962962962963,0.3791469194312796,0.2559241706161137,1.588235294117647,New York Knicks
Dennis Smith Jr.,2021,2021-22,23,145,58,58,19,0.4,0.3275862068965517,0.46551724137931033,0.4,2.5217391304347827,Detroit Pistons
Dennis Smith Jr.,2022,2022-23,34,189,79,27,6,0.41798941798941797,0.2222222222222222,0.43386243386243384,0.14285714285714285,0.7941176470588235,Portland Trail Blazers
Dennis Smith Jr.,2023,2023-24,54,452,186,111,24,0.41150442477876104,0.21621621621621623,0.43805309734513276,0.24557522123893805,2.0555555555555554,Charlotte Hornets
Dennis Smith Jr.,2024,2024-25,56,338,147,109,32,0.4349112426035503,0.29357798165137616,0.4822485207100592,0.3224852071005917,1.9464285714285714,Brooklyn Nets
Denzel Valentine,2017,2017-18,52,288,102,208,73,0.3541666666666667,0.35096153846153844,0.4809027777777778,0.7222222222222222,4,Chicago Bulls
Denzel Valentine,2018,2018-19,77,721,301,370,143,0.4174757281553398,0.3864864864864865,0.5166435506241331,0.5131761442441054,4.805194805194805,Chicago Bulls
Denzel Valentine,2020,2020-21,34,237,97,137,46,0.4092827004219409,0.3357664233576642,0.5063291139240507,0.5780590717299579,4.029411764705882,Chicago Bulls
Denzel Valentine,2021,2021-22,60,416,155,242,80,0.37259615384615385,0.3305785123966942,0.46875,0.5817307692307693,4.033333333333333,Chicago Bulls
Denzel Valentine,2022,2022-23,18,66,25,47,19,0.3787878787878788,0.40425531914893614,0.5227272727272727,0.7121212121212122,2.611111111111111,Cleveland Cavaliers
Deron Williams,2013,2013-14,78,1124,495,447,169,0.4403914590747331,0.378076062639821,0.5155693950177936,0.39768683274021355,5.730769230769231,Brooklyn Nets
Deron Williams,2014,2014-15,64,716,322,268,98,0.44972067039106145,0.3656716417910448,0.5181564245810056,0.3743016759776536,4.1875,Brooklyn Nets
Deron Williams,2015,2015-16,68,771,298,237,87,0.3865110246433204,0.3670886075949367,0.44293125810635536,0.30739299610894943,3.485294117647059,Brooklyn Nets
Deron Williams,2016,2016-17,65,775,321,282,97,0.41419354838709677,0.34397163120567376,0.47677419354838707,0.3638709677419355,4.338461538461538,Dallas Mavericks
Deron Williams,2017,2017-18,64,600,263,234,85,0.43833333333333335,0.36324786324786323,0.5091666666666667,0.39,3.65625,Dallas Mavericks
Derrick Favors,2013,2013-14,77,568,274,5,0,0.4823943661971831,0,0.4823943661971831,0.008802816901408451,0.06493506493506493,Utah Jazz
Derrick Favors,2014,2014-15,73,747,390,1,0,0.5220883534136547,0,0.5220883534136547,0.0013386880856760374,0.0136986301369863,Utah Jazz
Derrick Favors,2015,2015-16,74,918,482,6,1,0.5250544662309368,0.16666666666666666,0.525599128540305,0.006535947712418301,0.08108108108108109,Utah Jazz
Derrick Favors,2016,2016-17,62,811,418,4,0,0.5154130702836005,0,0.5154130702836005,0.004932182490752158,0.06451612903225806,Utah Jazz
Derrick Favors,2017,2017-18,50,417,203,10,3,0.486810551558753,0.3,0.4904076738609113,0.023980815347721823,0.2,Utah Jazz
Derrick Favors,2018,2018-19,77,702,395,63,14,0.5626780626780626,0.2222222222222222,0.5726495726495726,0.08974358974358974,0.8181818181818182,Utah Jazz
Derrick Favors,2019,2019-20,75,619,363,78,17,0.5864297253634895,0.21794871794871795,0.6001615508885298,0.1260096930533118,1.04,Utah Jazz
Derrick Favors,2020,2020-21,51,339,209,7,1,0.616519174041298,0.14285714285714285,0.6179941002949852,0.02064896755162242,0.13725490196078433,New Orleans Pelicans
Derrick Favors,2021,2021-22,67,243,155,2,0,0.6378600823045267,0,0.6378600823045267,0.00823045267489712,0.029850746268656716,Utah Jazz
Derrick Favors,2022,2022-23,37,182,94,16,2,0.5164835164835165,0.125,0.521978021978022,0.08791208791208792,0.43243243243243246,Oklahoma City Thunder
Derrick Jones Jr.,2017,2017-18,27,121,68,11,3,0.5619834710743802,0.2727272727272727,0.5743801652892562,0.09090909090909091,0.4074074074074074,Phoenix Suns
Derrick Jones Jr.,2018,2018-19,16,53,21,18,3,0.39622641509433965,0.16666666666666666,0.42452830188679247,0.33962264150943394,1.125,Miami Heat
Derrick Jones Jr.,2019,2019-20,58,324,160,91,28,0.49382716049382713,0.3076923076923077,0.5370370370370371,0.2808641975308642,1.5689655172413792,Miami Heat
Derrick Jones Jr.,2020,2020-21,56,349,184,132,37,0.5272206303724928,0.2803030303030303,0.5802292263610315,0.37822349570200575,2.357142857142857,Miami Heat
Derrick Jones Jr.,2021,2021-22,56,304,147,136,43,0.48355263157894735,0.3161764705882353,0.5542763157894737,0.4473684210526316,2.4285714285714284,Portland Trail Blazers
Derrick Jones Jr.,2022,2022-23,48,195,105,61,20,0.5384615384615384,0.32786885245901637,0.5897435897435898,0.3128205128205128,1.2708333333333333,Chicago Bulls
Derrick Jones Jr.,2023,2023-24,57,230,115,80,27,0.5,0.3375,0.558695652173913,0.34782608695652173,1.4035087719298245,Chicago Bulls
Derrick Jones Jr.,2024,2024-25,75,495,239,239,82,0.48282828282828283,0.34309623430962344,0.5656565656565656,0.48282828282828283,3.1866666666666665,Dallas Mavericks
Derrick Rose,2014,2014-15,10,164,58,47,16,0.35365853658536583,0.3404255319148936,0.4024390243902439,0.2865853658536585,4.7,Chicago Bulls
Derrick Rose,2015,2015-16,51,835,338,271,76,0.40479041916167663,0.28044280442804426,0.4502994011976048,0.32455089820359284,5.313725490196078,Chicago Bulls
Derrick Rose,2016,2016-17,65,1048,447,150,44,0.4265267175572519,0.29333333333333333,0.44751908396946566,0.1431297709923664,2.3076923076923075,Chicago Bulls
Derrick Rose,2017,2017-18,64,977,460,60,13,0.47082906857727735,0.21666666666666667,0.477482088024565,0.06141248720573183,0.9375,New York Knicks
Derrick Rose,2018,2018-19,25,186,81,30,7,0.43548387096774194,0.23333333333333334,0.4543010752688172,0.16129032258064516,1.2,Cleveland Cavaliers
Derrick Rose,2019,2019-20,51,753,363,146,54,0.4820717131474104,0.3698630136986301,0.5179282868525896,0.19389110225763612,2.8627450980392157,Minnesota Timberwolves
Derrick Rose,2020,2020-21,50,753,369,147,45,0.4900398406374502,0.30612244897959184,0.5199203187250996,0.1952191235059761,2.94,Detroit Pistons
Derrick Rose,2021,2021-22,50,611,287,129,50,0.469721767594108,0.3875968992248062,0.5106382978723404,0.21112929623567922,2.58,New York Knicks
Derrick Rose,2022,2022-23,26,274,122,92,37,0.44525547445255476,0.40217391304347827,0.5127737226277372,0.3357664233576642,3.5384615384615383,New York Knicks
Derrick Rose,2023,2023-24,27,159,61,63,19,0.3836477987421384,0.30158730158730157,0.44339622641509435,0.39622641509433965,2.3333333333333335,New York Knicks
Derrick Rose,2024,2024-25,24,165,76,41,15,0.46060606060606063,0.36585365853658536,0.5060606060606061,0.24848484848484848,1.7083333333333333,Memphis Grizzlies
Derrick White,2018,2018-19,10,33,16,13,8,0.48484848484848486,0.6153846153846154,0.6060606060606061,0.3939393939393939,1.3,San Antonio Spurs
Derrick White,2019,2019-20,65,543,260,142,48,0.47882136279926335,0.3380281690140845,0.5230202578268877,0.26151012891344383,2.1846153846153844,San Antonio Spurs
Derrick White,2020,2020-21,68,552,253,216,79,0.4583333333333333,0.36574074074074076,0.529891304347826,0.391304347826087,3.176470588235294,San Antonio Spurs
Derrick White,2021,2021-22,36,453,186,243,84,0.4105960264900662,0.345679012345679,0.5033112582781457,0.5364238410596026,6.75,San Antonio Spurs
Derrick White,2022,2022-23,75,800,337,369,115,0.42125,0.3116531165311653,0.493125,0.46125,4.92,San Antonio Spurs
Derrick White,2023,2023-24,82,758,350,391,149,0.46174142480211083,0.38107416879795397,0.5600263852242744,0.5158311345646438,4.7682926829268295,Boston Celtics
Derrick White,2024,2024-25,73,839,387,495,196,0.4612634088200238,0.39595959595959596,0.5780691299165673,0.5899880810488677,6.780821917808219,Boston Celtics
Derrick Williams,2013,2013-14,78,786,338,196,65,0.4300254452926209,0.33163265306122447,0.4713740458015267,0.24936386768447838,2.5128205128205128,Minnesota Timberwolves
Derrick Williams,2014,2014-15,77,482,206,99,26,0.42738589211618255,0.26262626262626265,0.45435684647302904,0.2053941908713693,1.2857142857142858,Sacramento Kings
Derrick Williams,2015,2015-16,69,485,217,156,49,0.44742268041237115,0.3141025641025641,0.4979381443298969,0.3216494845360825,2.260869565217391,Sacramento Kings
Derrick Williams,2016,2016-17,79,564,253,149,43,0.44858156028368795,0.28859060402684567,0.4867021276595745,0.2641843971631206,1.8860759493670887,New York Knicks
Derrick Williams,2017,2017-18,45,244,108,97,30,0.4426229508196721,0.30927835051546393,0.5040983606557377,0.3975409836065574,2.1555555555555554,Miami Heat
Derrick Williams,2018,2018-19,1,4,1,2,0,0.25,0,0.25,0.5,2,Los Angeles Lakers
Desmond Bane,2021,2021-22,68,499,234,271,117,0.46893787575150303,0.4317343173431734,0.5861723446893787,0.5430861723446894,3.985294117647059,Memphis Grizzlies
Desmond Bane,2022,2022-23,76,1101,508,523,228,0.46139872842870117,0.4359464627151052,0.5649409627611263,0.4750227066303361,6.881578947368421,Memphis Grizzlies
Desmond Bane,2023,2023-24,58,939,450,407,166,0.4792332268370607,0.40786240786240785,0.5676251331203408,0.4334398296059638,7.017241379310345,Memphis Grizzlies
Desmond Bane,2024,2024-25,42,776,360,360,137,0.4639175257731959,0.38055555555555554,0.5521907216494846,0.4639175257731959,8.571428571428571,Memphis Grizzlies
Devin Booker,2016,2016-17,74,867,367,289,99,0.4232987312572088,0.34256055363321797,0.4803921568627451,0.3333333333333333,3.9054054054054053,Phoenix Suns
Devin Booker,2017,2017-18,78,1431,606,405,147,0.42348008385744235,0.362962962962963,0.4748427672955975,0.2830188679245283,5.1923076923076925,Phoenix Suns
Devin Booker,2018,2018-19,54,1054,455,384,147,0.4316888045540797,0.3828125,0.5014231499051234,0.36432637571157495,7.111111111111111,Phoenix Suns
Devin Booker,2019,2019-20,64,1255,586,414,135,0.46693227091633466,0.32608695652173914,0.5207171314741036,0.3298804780876494,6.46875,Phoenix Suns
Devin Booker,2020,2020-21,70,1283,627,398,141,0.4886983632112237,0.3542713567839196,0.5436477007014809,0.3102104442712393,5.685714285714286,Phoenix Suns
Devin Booker,2021,2021-22,67,1287,623,371,126,0.4840714840714841,0.33962264150943394,0.533022533022533,0.28826728826728826,5.537313432835821,Phoenix Suns
Devin Booker,2022,2022-23,68,1421,662,478,183,0.46586910626319494,0.38284518828451886,0.5302603800140746,0.33638282899366645,7.029411764705882,Phoenix Suns
Devin Booker,2023,2023-24,53,1067,527,316,111,0.4939081537019681,0.3512658227848101,0.5459231490159325,0.29615745079662603,5.962264150943396,Phoenix Suns
Devin Booker,2024,2024-25,68,1305,642,418,152,0.49195402298850577,0.36363636363636365,0.55019157088122606,0.3203065134099617,6.147058823529412,Phoenix Suns
Devin Harris,2013,2013-14,58,443,194,230,77,0.43792325056433407,0.3347826086956522,0.5248306997742663,0.5191873589164786,3.9655172413793105,Atlanta Hawks
Devin Harris,2014,2014-15,40,254,96,101,31,0.3779527559055118,0.3069306930693069,0.4389763779527559,0.39763779527559057,2.525,Dallas Mavericks
Devin Harris,2015,2015-16,76,524,219,266,95,0.4179389312977099,0.35714285714285715,0.5085877862595419,0.5076335877862596,3.5,Dallas Mavericks
Devin Harris,2016,2016-17,62,373,166,157,51,0.4450402144772118,0.3248407643312102,0.5134048257372654,0.42091152815013405,2.532258064516129,Dallas Mavericks
Devin Harris,2017,2017-18,64,341,136,177,58,0.39882697947214074,0.327683615819209,0.4838709677419355,0.5190615835777126,2.765625,Dallas Mavericks
Devin Harris,2018,2018-19,71,454,187,227,79,0.4118942731277533,0.34801762114537443,0.4988986784140969,0.5,3.1971830985915495,Dallas Mavericks
Devin Harris,2019,2019-20,68,347,132,200,62,0.3804034582132565,0.31,0.4697406340057637,0.57636887608069165,2.9411764705882355,Dallas Mavericks
Devin Vassell,2021,2021-22,61,303,123,150,52,0.40594059405940597,0.3466666666666667,0.49174917491749176,0.49504950495049505,2.459016393442623,San Antonio Spurs
Devin Vassell,2022,2022-23,71,764,326,380,137,0.42670157068062825,0.3605263157894737,0.5163612565445026,0.4973821989528796,5.352112676056338,San Antonio Spurs
Devin Vassell,2023,2023-24,38,595,261,266,103,0.43865546218487395,0.38721804511278196,0.5252100840336135,0.4470588235294118,7,San Antonio Spurs
Devin Vassell,2024,2024-25,68,1056,498,446,166,0.4715909090909091,0.3721973094170404,0.5501893939393939,0.42234848484848486,6.5588235294117645,San Antonio Spurs
Devonte' Graham,2019,2019-20,42,216,74,121,34,0.3425925925925926,0.2809917355371901,0.4212962962962963,0.5601851851851852,2.880952380952381,Charlotte Hornets
Devonte' Graham,2020,2020-21,63,963,368,585,218,0.3821391484942887,0.37264957264957266,0.4953271028037383,0.6074766355140186,9.285714285714286,Charlotte Hornets
Devonte' Graham,2021,2021-22,55,669,252,477,179,0.37668161434977576,0.3752620545073375,0.5104633781763827,0.7130044843049327,8.672727272727272,Charlotte Hornets
Devonte' Graham,2022,2022-23,76,815,296,563,192,0.36319018404907977,0.3410301953818828,0.48098159509202454,0.69079754601227,7.407894736842105,New Orleans Pelicans
Devonte' Graham,2023,2023-24,73,431,161,338,119,0.37354988399071926,0.3520710059171598,0.511600928074246,0.7842227378190255,4.63013698630137,New Orleans Pelicans
Devonte' Graham,2024,2024-25,23,108,38,83,25,0.35185185185185186,0.30120481927710846,0.4675925925925926,0.7685185185185185,3.608695652173913,San Antonio Spurs
Dewayne Dedmon,2014,2014-15,27,83,38,0,0,0.4578313253012048,NA,0.4578313253012048,0,0,Orlando Magic
Dewayne Dedmon,2015,2015-16,56,162,91,1,0,0.5617283950617284,0,0.5617283950617284,0.006172839506172839,0.017857142857142856,Orlando Magic
Dewayne Dedmon,2016,2016-17,47,177,99,0,0,0.559322033898305,NA,0.559322033898305,0,0,Orlando Magic
Dewayne Dedmon,2017,2017-18,70,259,161,0,0,0.6216216216216216,NA,0.6216216216216216,0,0,San Antonio Spurs
Dewayne Dedmon,2018,2018-19,62,477,250,141,50,0.5241090146750524,0.3546099290780142,0.5765199161425576,0.29559748427672955,2.274193548387097,Atlanta Hawks
Dewayne Dedmon,2019,2019-20,64,526,259,217,83,0.4923954372623574,0.3824884792626728,0.5712927756653993,0.41254752851711024,3.390625,Atlanta Hawks
Dewayne Dedmon,2020,2020-21,42,255,102,107,22,0.4,0.205607476635514,0.44313725490196076,0.4196078431372549,2.5476190476190474,Sacramento Kings
Dewayne Dedmon,2021,2021-22,16,65,46,5,1,0.7076923076923077,0.2,0.7153846153846154,0.07692307692307693,0.3125,Miami Heat
Dewayne Dedmon,2022,2022-23,63,290,164,47,19,0.5655172413793104,0.40425531914893614,0.5982758620689655,0.16206896551724137,0.746031746031746,Miami Heat
Dewayne Dedmon,2023,2023-24,37,151,77,39,12,0.5099337748344371,0.3076923076923077,0.5496688741721855,0.2582781456953642,1.054054054054054,Miami Heat
Dillon Brooks,2018,2018-19,82,772,340,264,94,0.44041450777202074,0.3560606060606061,0.5012953367875648,0.34196891191709844,3.2195121951219514,Memphis Grizzlies
Dillon Brooks,2019,2019-20,18,122,49,40,15,0.4016393442622951,0.375,0.46311475409836067,0.32786885245901637,2.2222222222222223,Memphis Grizzlies
Dillon Brooks,2020,2020-21,73,1068,435,411,147,0.40730337078651685,0.35766423357664234,0.476123595505618,0.3848314606741573,5.63013698630137,Memphis Grizzlies
Dillon Brooks,2021,2021-22,67,1031,432,372,128,0.4190106692531523,0.34408602150537637,0.481086323957323,0.36081474296799226,5.552238805970149,Memphis Grizzlies
Dillon Brooks,2022,2022-23,32,526,227,149,46,0.43155893536121676,0.3087248322147651,0.4752851711026616,0.2832699619771863,4.65625,Memphis Grizzlies
Dillon Brooks,2023,2023-24,73,991,392,439,143,0.3955600403632694,0.32574031890660593,0.46770938446014126,0.4429868819374369,6.013698630136986,Memphis Grizzlies
Dillon Brooks,2024,2024-25,72,768,329,370,133,0.4283854166666667,0.35945945945945945,0.5149739583333334,0.4817708333333333,5.138888888888889,Houston Rockets
Dion Waiters,2013,2013-14,61,815,336,203,63,0.41226993865030676,0.3103448275862069,0.450920245398773,0.249079754601227,3.3278688524590163,Cleveland Cavaliers
Dion Waiters,2014,2014-15,70,993,430,250,92,0.43303121852970794,0.368,0.47935548841893255,0.25176233635448136,3.5714285714285716,Cleveland Cavaliers
Dion Waiters,2015,2015-16,80,946,375,246,73,0.3964059196617336,0.2967479674796748,0.4349894291754757,0.26004228329809725,3.075,Oklahoma City Thunder
Dion Waiters,2016,2016-17,78,705,282,239,86,0.4,0.3598326359832636,0.46099290780141844,0.33900709219858155,3.0641025641025643,Oklahoma City Thunder
Dion Waiters,2017,2017-18,46,663,281,215,85,0.4238310708898944,0.3953488372093023,0.4879336349924585,0.32428355957767724,4.673913043478261,Miami Heat
Dion Waiters,2018,2018-19,30,410,163,170,52,0.3975609756097561,0.3058823529411765,0.4609756097560976,0.4146341463414634,5.666666666666667,Miami Heat
Dion Waiters,2019,2019-20,44,478,198,289,109,0.41422594142259417,0.3771626297577855,0.5282426778242678,0.604602510460251,6.568181818181818,Miami Heat
Dion Waiters,2020,2020-21,10,99,41,47,15,0.41414141414141414,0.3191489361702128,0.4898989898989899,0.47474747474747475,4.7,Los Angeles Lakers
Dirk Nowitzki,2013,2013-14,53,728,343,157,65,0.47115384615384615,0.4140127388535032,0.5157967032967034,0.21565934065934067,2.9622641509433962,Dallas Mavericks
Dirk Nowitzki,2014,2014-15,80,1273,633,329,131,0.49725058915946585,0.3981762917933131,0.5487038491751768,0.2584446190102121,4.1125,Dallas Mavericks
Dirk Nowitzki,2015,2015-16,77,1062,487,274,104,0.4585687382297552,0.3795620437956204,0.507532956685499,0.2580037664783427,3.5584415584415585,Dallas Mavericks
Dirk Nowitzki,2016,2016-17,75,1112,498,342,126,0.447841726618705,0.3684210526315789,0.5044964028776978,0.30755395683453235,4.56,Dallas Mavericks
Dirk Nowitzki,2017,2017-18,54,678,296,209,79,0.4365781710914454,0.37799043062200954,0.4948377581120944,0.308259587020649,3.8703703703703702,Dallas Mavericks
Dirk Nowitzki,2018,2018-19,77,758,346,337,138,0.45646437994722955,0.4094955489614243,0.5474934036939314,0.4445910290237467,4.376623376623376,Dallas Mavericks
Dirk Nowitzki,2019,2019-20,50,376,135,205,64,0.35904255319148937,0.3121951219512195,0.4441489361702128,0.5452127659574468,4.1,Dallas Mavericks
Domantas Sabonis,2017,2017-18,81,481,192,159,51,0.3991683991683992,0.32075471698113206,0.4521829521829522,0.3305613305613306,1.962962962962963,Oklahoma City Thunder
Domantas Sabonis,2018,2018-19,74,661,340,37,13,0.5143721633888049,0.35135135135135137,0.5242057488653555,0.05597579425113464,0.5,Indiana Pacers
Domantas Sabonis,2019,2019-20,74,700,413,17,9,0.59,0.5294117647058824,0.5964285714285714,0.024285714285714285,0.22972972972972974,Indiana Pacers
Domantas Sabonis,2020,2020-21,62,848,458,67,17,0.5400943396226415,0.2537313432835821,0.5501179245283019,0.07900943396226415,1.0806451612903225,Indiana Pacers
Domantas Sabonis,2021,2021-22,62,904,484,162,52,0.5353982300884956,0.32098765432098764,0.5641592920353983,0.17920353982300885,2.6129032258064515,Indiana Pacers
Domantas Sabonis,2022,2022-23,62,773,443,125,39,0.5730918499353169,0.312,0.5983182406209573,0.16170763260025872,2.0161290322580645,Indiana Pacers
Domantas Sabonis,2023,2023-24,79,938,577,83,31,0.6151385927505331,0.37349397590361444,0.6316631130063965,0.08848614072494669,1.0506329113924051,Sacramento Kings
Domantas Sabonis,2024,2024-25,82,1068,634,87,33,0.5936329588014981,0.3793103448275862,0.6090823970037453,0.08146067415730338,1.0609756097560976,Sacramento Kings
Donatas Motiejunas,2013,2013-14,41,213,97,83,24,0.45539906103286387,0.2891566265060241,0.5117370892018779,0.38967136150234744,2.024390243902439,Houston Rockets
Donatas Motiejunas,2014,2014-15,60,296,131,84,21,0.44256756756756754,0.25,0.4780405405405405,0.28378378378378377,1.4,Houston Rockets
Donatas Motiejunas,2015,2015-16,70,700,353,133,49,0.5042857142857143,0.3684210526315789,0.5392857142857143,0.19,1.9,Houston Rockets
Donatas Motiejunas,2016,2016-17,36,205,90,57,16,0.43902439024390244,0.2807017543859649,0.47804878048780486,0.2780487804878049,1.5833333333333333,Houston Rockets
Donatas Motiejunas,2017,2017-18,30,138,57,47,11,0.41304347826086957,0.23404255319148937,0.4528985507246377,0.34057971014492755,1.5666666666666667,New Orleans Pelicans
Donatas Motiejunas,2019,2019-20,3,6,3,0,0,0.5,NA,0.5,0,0,San Antonio Spurs
Donovan Mitchell,2018,2018-19,79,1362,595,550,187,0.4368575624082232,0.34,0.5055066079295154,0.40381791483113066,6.962025316455696,Utah Jazz
Donovan Mitchell,2019,2019-20,77,1530,661,519,188,0.4320261437908497,0.3622350674373796,0.4934640522875817,0.3392156862745098,6.740259740259741,Utah Jazz
Donovan Mitchell,2020,2020-21,69,1342,602,473,173,0.4485842026825633,0.3657505285412262,0.5130402384500745,0.3524590163934426,6.855072463768116,Utah Jazz
Donovan Mitchell,2021,2021-22,53,1091,478,461,178,0.4381301558203483,0.38611713665943603,0.5197066911090742,0.4225481209899175,8.69811320754717,Utah Jazz
Donovan Mitchell,2022,2022-23,67,1376,617,654,232,0.4484011627906977,0.3547400611620795,0.532703488372093,0.4752906976744186,9.761194029850746,Utah Jazz
Donovan Mitchell,2023,2023-24,68,1402,679,635,245,0.4843081312410842,0.3858267716535433,0.5716833095577746,0.4529243937232525,9.338235294117647,Cleveland Cavaliers
Donovan Mitchell,2024,2024-25,55,1089,503,494,182,0.46189164370982555,0.3684210526315789,0.5454545454545454,0.45362718089990817,8.981818181818182,Cleveland Cavaliers
Donte DiVincenzo,2019,2019-20,25,124,50,83,22,0.4032258064516129,0.26506024096385544,0.49193548387096775,0.6693548387096774,3.32,Milwaukee Bucks
Donte DiVincenzo,2020,2020-21,65,510,232,247,83,0.4549019607843137,0.3360323886639676,0.5362745098039216,0.4843137254901961,3.8,Milwaukee Bucks
Donte DiVincenzo,2021,2021-22,66,603,253,346,131,0.41956882255389716,0.3786127167630058,0.5281923714759535,0.5737976782752903,5.242424242424242,Milwaukee Bucks
Donte DiVincenzo,2022,2022-23,42,336,118,218,74,0.35119047619047616,0.3394495412844037,0.46130952380952384,0.6488095238095238,5.190476190476191,Sacramento Kings
Donte DiVincenzo,2023,2023-24,72,540,235,378,150,0.4351851851851852,0.3968253968253968,0.5740740740740741,0.7,5.25,Golden State Warriors
Donte DiVincenzo,2024,2024-25,81,1004,445,705,283,0.44322709163346613,0.4014184397163121,0.5841633466135459,0.702191235059761,8.703703703703704,New York Knicks
Dorell Wright,2013,2013-14,78,599,237,361,135,0.39565943238731216,0.3739612188365651,0.508347245409015,0.6026711185308848,4.628205128205129,Philadelphia 76ers
Dorell Wright,2014,2014-15,62,297,111,202,69,0.37373737373737376,0.3415841584158416,0.4898989898989899,0.6801346801346801,3.2580645161290325,Portland Trail Blazers
Dorell Wright,2015,2015-16,45,190,72,108,41,0.37894736842105264,0.37962962962962965,0.4868421052631579,0.5684210526315789,2.4,Portland Trail Blazers
Dorian Finney-Smith,2017,2017-18,74,333,124,191,56,0.37237237237237236,0.2931937172774869,0.45645645645645644,0.5735735735735735,2.581081081081081,Dallas Mavericks
Dorian Finney-Smith,2018,2018-19,19,121,46,67,20,0.38016528925619836,0.29850746268656714,0.4628099173553719,0.5537190082644629,3.526315789473684,Dallas Mavericks
Dorian Finney-Smith,2019,2019-20,80,528,228,254,79,0.4318181818181818,0.3110236220472441,0.5066287878787878,0.4810606060606061,3.175,Dallas Mavericks
Dorian Finney-Smith,2020,2020-21,71,522,243,303,114,0.46551724137931033,0.37623762376237624,0.5747126436781609,0.5804597701149425,4.267605633802817,Dallas Mavericks
Dorian Finney-Smith,2021,2021-22,60,466,220,302,119,0.4721030042918455,0.39403973509933776,0.5997854077253219,0.648068669527897,5.033333333333333,Dallas Mavericks
Dorian Finney-Smith,2022,2022-23,80,692,326,435,172,0.47109826589595377,0.3954022988505747,0.5953757225433526,0.6286127167630058,5.4375,Dallas Mavericks
Dorian Finney-Smith,2023,2023-24,66,501,196,338,114,0.3912175648702595,0.33727810650887574,0.5049900199600799,0.6746506986027944,5.121212121212121,Dallas Mavericks
Dorian Finney-Smith,2024,2024-25,68,511,215,336,117,0.4207436399217221,0.3482142857142857,0.5352250489236791,0.6575342465753424,4.9411764705882355,Brooklyn Nets
Doug McDermott,2015,2015-16,28,107,43,41,13,0.40186915887850466,0.3170731707317073,0.46261682242990654,0.38317757009345793,1.4642857142857142,Chicago Bulls
Doug McDermott,2016,2016-17,81,644,291,259,110,0.4518633540372671,0.4247104247104247,0.5372670807453416,0.40217391304347827,3.197530864197531,Chicago Bulls
Doug McDermott,2017,2017-18,64,497,222,208,77,0.44668008048289737,0.3701923076923077,0.5241448692152918,0.41851106639839036,3.25,Chicago Bulls
Doug McDermott,2018,2018-19,79,508,237,216,92,0.46653543307086615,0.42592592592592593,0.5570866141732284,0.4251968503937008,2.7341772151898733,New York Knicks
Doug McDermott,2019,2019-20,77,422,207,206,84,0.490521327014218,0.4077669902912621,0.590047393364929,0.4881516587677725,2.675324675324675,Indiana Pacers
Doug McDermott,2020,2020-21,69,547,267,294,128,0.48811700182815354,0.43537414965986393,0.6051188299817185,0.5374771480804388,4.260869565217392,Indiana Pacers
Doug McDermott,2021,2021-22,66,665,354,286,111,0.5323308270676692,0.3881118881118881,0.6157894736842106,0.43007518796992483,4.333333333333333,Indiana Pacers
Doug McDermott,2022,2022-23,51,465,215,256,108,0.46236559139784944,0.421875,0.578494623655914,0.55053763440860215,5.019607843137255,San Antonio Spurs
Doug McDermott,2023,2023-24,64,523,239,298,123,0.4569789674952199,0.412751677852349,0.5745697896749522,0.5697896749521989,4.65625,San Antonio Spurs
Doug McDermott,2024,2024-25,62,284,123,229,94,0.43309859154929575,0.4104803493449782,0.5985915492957746,0.8063380281690141,3.693548387096774,San Antonio Spurs
Draymond Green,2013,2013-14,71,257,84,67,14,0.32684824902723736,0.208955223880597,0.3540856031128405,0.2607003891050584,0.9436619718309859,Golden State Warriors
Draymond Green,2014,2014-15,82,459,187,165,55,0.4074074074074074,0.3333333333333333,0.4673202614379085,0.35947712418300654,2.0121951219512195,Golden State Warriors
Draymond Green,2015,2015-16,79,765,339,329,111,0.44313725490196076,0.3373860182370821,0.515686274509804,0.4300653594771242,4.1645569620253164,Golden State Warriors
Draymond Green,2016,2016-17,81,819,401,258,100,0.4896214896214896,0.3875968992248062,0.5506715506715507,0.315018315018315,3.185185185185185,Golden State Warriors
Draymond Green,2017,2017-18,76,650,272,263,81,0.41846153846153844,0.30798479087452474,0.4807692307692308,0.4046153846153846,3.460526315789474,Golden State Warriors
Draymond Green,2018,2018-19,70,619,281,256,77,0.45395799676898224,0.30078125,0.5161550888529887,0.4135702746365105,3.657142857142857,Golden State Warriors
Draymond Green,2019,2019-20,66,422,188,165,47,0.44549763033175355,0.28484848484848485,0.5011848341232228,0.3909952606635071,2.5,Golden State Warriors
Draymond Green,2020,2020-21,43,316,123,129,36,0.38924050632911394,0.27906976744186046,0.4462025316455696,0.40822784810126583,3,Golden State Warriors
Draymond Green,2021,2021-22,62,380,170,126,34,0.4473684210526316,0.2698412698412698,0.4921052631578947,0.33157894736842103,2.032258064516129,Golden State Warriors
Draymond Green,2022,2022-23,45,257,135,54,16,0.5252918287937743,0.2962962962962963,0.556420233463035,0.21011673151750973,1.2,Golden State Warriors
Draymond Green,2023,2023-24,73,474,250,131,40,0.5274261603375527,0.3053435114503817,0.569620253164557,0.27637130801687765,1.7945205479452055,Golden State Warriors
Draymond Green,2024,2024-25,53,372,185,129,51,0.49731182795698925,0.3953488372093023,0.5658602150537635,0.3467741935483871,2.4339622641509435,Golden State Warriors
Drew Eubanks,2019,2019-20,14,26,15,0,0,0.5769230769230769,NA,0.5769230769230769,0,0,San Antonio Spurs
Drew Eubanks,2020,2020-21,20,67,43,1,1,0.6417910447761194,1,0.6492537313432836,0.014925373134328358,0.05,San Antonio Spurs
Drew Eubanks,2021,2021-22,51,205,116,2,2,0.5658536585365853,1,0.5707317073170731,0.00975609756097561,0.0392156862745098,San Antonio Spurs
Drew Eubanks,2022,2022-23,66,371,221,23,5,0.5956873315363881,0.21739130434782608,0.6024258760107817,0.06199460916442048,0.3484848484848485,Portland Trail Blazers
Drew Eubanks,2023,2023-24,75,334,214,18,7,0.6407185628742516,0.3888888888888889,0.6511976047904192,0.05389221556886228,0.24,Portland Trail Blazers
Drew Eubanks,2024,2024-25,70,253,152,3,3,0.6007905138339921,1,0.6067193675889329,0.011857707509881422,0.04285714285714286,Phoenix Suns
Duncan Robinson,2019,2019-20,12,46,18,35,10,0.391304347826087,0.2857142857142857,0.5,0.7608695652173914,2.9166666666666665,Miami Heat
Duncan Robinson,2020,2020-21,72,687,323,606,270,0.47016011644832606,0.44554455445544555,0.6666666666666666,0.8820960698689956,8.416666666666666,Miami Heat
Duncan Robinson,2021,2021-22,72,717,315,613,250,0.4393305439330544,0.4078303425774878,0.6136680613668062,0.8549511854951185,8.51388888888889,Miami Heat
Duncan Robinson,2022,2022-23,79,726,290,624,232,0.39944903581267216,0.3717948717948718,0.559228650137741,0.859504132231405,7.89873417721519,Miami Heat
Duncan Robinson,2023,2023-24,41,237,88,192,63,0.37130801687763715,0.328125,0.5042194092827004,0.810126582278481,4.682926829268292,Miami Heat
Duncan Robinson,2024,2024-25,68,675,304,473,187,0.45037037037037037,0.3953488372093023,0.5888888888888889,0.7007407407407408,6.955882352941177,Miami Heat
Dwayne Bacon,2018,2018-19,42,192,72,43,11,0.375,0.2558139534883721,0.4036458333333333,0.22395833333333334,1.0238095238095237,Charlotte Hornets
Dwayne Bacon,2019,2019-20,36,257,122,87,38,0.47470817120622566,0.4367816091954023,0.5486381322957199,0.33852140077821014,2.4166666666666665,Charlotte Hornets
Dwayne Bacon,2020,2020-21,35,244,85,67,19,0.3483606557377049,0.2835820895522388,0.38729508196721313,0.27459016393442626,1.9142857142857144,Charlotte Hornets
Dwayne Bacon,2021,2021-22,71,726,292,207,59,0.4022038567493113,0.28502415458937197,0.4428374655647383,0.28512396694214875,2.915492957746479,Orlando Magic
Dwight Howard,2013,2013-14,76,813,470,6,1,0.5781057810578106,0.16666666666666666,0.5787207872078721,0.007380073800738007,0.07894736842105263,Los Angeles Lakers
Dwight Howard,2014,2014-15,71,800,473,7,2,0.59125,0.2857142857142857,0.5925,0.00875,0.09859154929577464,Houston Rockets
Dwight Howard,2015,2015-16,41,423,251,2,1,0.5933806146572104,0.5,0.5945626477541371,0.004728132387706856,0.04878048780487805,Houston Rockets
Dwight Howard,2016,2016-17,71,600,372,6,0,0.62,0,0.62,0.01,0.08450704225352113,Houston Rockets
Dwight Howard,2017,2017-18,74,613,388,2,0,0.632952691680261,0,0.632952691680261,0.0032626427406199023,0.02702702702702703,Atlanta Hawks
Dwight Howard,2018,2018-19,81,911,506,7,1,0.5554335894621295,0.14285714285714285,0.5559824368825467,0.007683863885839737,0.08641975308641975,Charlotte Hornets
Dwight Howard,2019,2019-20,9,69,43,0,0,0.6231884057971014,NA,0.6231884057971014,0,0,Washington Wizards
Dwight Howard,2020,2020-21,66,277,202,5,3,0.7292418772563177,0.6,0.7346570397111913,0.018050541516245487,0.07575757575757576,Los Angeles Lakers
Dwight Howard,2021,2021-22,66,303,178,20,5,0.5874587458745875,0.25,0.5957095709570958,0.066006600660066,0.30303030303030304,Philadelphia 76ers
Dwight Howard,2022,2022-23,57,219,134,15,8,0.6118721461187214,0.5333333333333333,0.6301369863013698,0.0684931506849315,0.2631578947368421,Los Angeles Lakers
Dwight Powell,2015,2015-16,20,67,31,11,3,0.4626865671641791,0.2727272727272727,0.48507462686567165,0.16417910447761194,0.55,Dallas Mavericks
Dwight Powell,2016,2016-17,61,296,146,16,2,0.49324324324324326,0.125,0.4966216216216216,0.05405405405405406,0.26229508196721313,Dallas Mavericks
Dwight Powell,2017,2017-18,73,377,194,74,21,0.5145888594164456,0.28378378378378377,0.5424403183023873,0.1962864721485411,1.0136986301369864,Dallas Mavericks
Dwight Powell,2018,2018-19,78,430,255,84,28,0.5930232558139535,0.3333333333333333,0.6255813953488372,0.19534883720930232,1.0769230769230769,Dallas Mavericks
Dwight Powell,2019,2019-20,77,486,290,127,39,0.5967078189300411,0.30708661417322836,0.6368312757201646,0.2613168724279835,1.6493506493506493,Dallas Mavericks
Dwight Powell,2020,2020-21,40,229,146,39,10,0.6375545851528385,0.2564102564102564,0.6593886462882096,0.1703056768558952,0.975,Dallas Mavericks
Dwight Powell,2021,2021-22,53,194,120,21,5,0.6185567010309279,0.23809523809523808,0.6314432989690721,0.10824742268041238,0.39622641509433965,Dallas Mavericks
Dwight Powell,2022,2022-23,80,401,269,37,13,0.6708229426433915,0.35135135135135137,0.6870324189526185,0.09226932668329177,0.4625,Dallas Mavericks
Dwight Powell,2023,2023-24,71,269,197,5,0,0.7323420074349443,0,0.7323420074349443,0.01858736059479554,0.07042253521126761,Dallas Mavericks
Dwight Powell,2024,2024-25,43,106,72,3,1,0.6792452830188679,0.3333333333333333,0.6839622641509434,0.02830188679245283,0.06976744186046512,Dallas Mavericks
Dwyane Wade,2013,2013-14,69,1093,569,66,17,0.5205855443732845,0.25757575757575757,0.5283623055809699,0.06038426349496798,0.9565217391304348,Miami Heat
Dwyane Wade,2014,2014-15,54,761,415,32,9,0.545335085413929,0.28125,0.5512483574244416,0.04204993429697766,0.5925925925925926,Miami Heat
Dwyane Wade,2015,2015-16,62,1084,509,102,29,0.46955719557195574,0.28431372549019607,0.48293357933579334,0.0940959409594096,1.6451612903225807,Miami Heat
Dwyane Wade,2016,2016-17,74,1183,540,44,7,0.45646661031276414,0.1590909090909091,0.45942519019442096,0.037193575655114115,0.5945945945945946,Miami Heat
Dwyane Wade,2017,2017-18,60,954,414,144,45,0.4339622641509434,0.3125,0.45754716981132076,0.1509433962264151,2.4,Chicago Bulls
Dwyane Wade,2018,2018-19,67,682,299,111,32,0.43841642228739003,0.2882882882882883,0.46187683284457476,0.1627565982404692,1.6567164179104477,Cleveland Cavaliers
Dwyane Wade,2019,2019-20,72,960,416,261,86,0.43333333333333335,0.32950191570881227,0.478125,0.271875,3.625,Miami Heat
E'Twaun Moore,2013,2013-14,74,598,237,197,67,0.3963210702341137,0.3401015228426396,0.4523411371237458,0.3294314381270903,2.6621621621621623,Orlando Magic
E'Twaun Moore,2014,2014-15,78,456,195,161,57,0.4276315789473684,0.35403726708074534,0.4901315789473684,0.3530701754385965,2.0641025641025643,Orlando Magic
E'Twaun Moore,2015,2015-16,43,139,62,38,13,0.4460431654676259,0.34210526315789475,0.49280575539568344,0.2733812949640288,0.8837209302325582,Chicago Bulls
E'Twaun Moore,2016,2016-17,58,389,187,104,47,0.480719794344473,0.4519230769230769,0.5411311053984575,0.26735218508997427,1.793103448275862,Chicago Bulls
E'Twaun Moore,2017,2017-18,73,618,283,207,77,0.45792880258899676,0.3719806763285024,0.5202265372168284,0.33495145631067963,2.835616438356164,New Orleans Pelicans
E'Twaun Moore,2018,2018-19,82,832,423,301,128,0.5084134615384616,0.42524916943521596,0.5853365384615384,0.36177884615384615,3.6707317073170733,New Orleans Pelicans
E'Twaun Moore,2019,2019-20,53,532,256,176,76,0.48120300751879697,0.4318181818181818,0.5526315789473685,0.3308270676691729,3.3207547169811322,New Orleans Pelicans
E'Twaun Moore,2020,2020-21,56,437,186,167,63,0.425629290617849,0.3772455089820359,0.4977116704805492,0.38215102974828374,2.982142857142857,New Orleans Pelicans
E'Twaun Moore,2021,2021-22,26,121,55,35,11,0.45454545454545453,0.3142857142857143,0.5,0.2892561983471074,1.3461538461538463,Phoenix Suns
Ed Davis,2013,2013-14,78,482,260,0,0,0.5394190871369294,NA,0.5394190871369294,0,0,Toronto Raptors
Ed Davis,2014,2014-15,61,290,155,0,0,0.5344827586206896,NA,0.5344827586206896,0,0,Memphis Grizzlies
Ed Davis,2015,2015-16,78,469,282,0,0,0.6012793176972282,NA,0.6012793176972282,0,0,Los Angeles Lakers
Ed Davis,2016,2016-17,80,337,206,0,0,0.6112759643916914,NA,0.6112759643916914,0,0,Portland Trail Blazers
Ed Davis,2017,2017-18,42,142,75,0,0,0.528169014084507,NA,0.528169014084507,0,0,Portland Trail Blazers
Ed Davis,2018,2018-19,78,292,170,1,0,0.5821917808219178,0,0.5821917808219178,0.003424657534246575,0.01282051282051282,Portland Trail Blazers
Ed Davis,2019,2019-20,80,302,186,2,0,0.6158940397350994,0,0.6158940397350994,0.006622516556291391,0.025,Brooklyn Nets
Ed Davis,2020,2020-21,22,46,22,0,0,0.4782608695652174,NA,0.4782608695652174,0,0,Utah Jazz
Ed Davis,2021,2021-22,17,44,19,0,0,0.4318181818181818,NA,0.4318181818181818,0,0,Minnesota Timberwolves
Ed Davis,2022,2022-23,7,16,11,0,0,0.6875,NA,0.6875,0,0,Cleveland Cavaliers
Elfrid Payton,2015,2015-16,82,708,301,42,11,0.4251412429378531,0.2619047619047619,0.432909604519774,0.059322033898305086,0.5121951219512195,Orlando Magic
Elfrid Payton,2016,2016-17,72,729,318,91,30,0.43621399176954734,0.32967032967032966,0.4567901234567901,0.12482853223593965,1.2638888888888888,Orlando Magic
Elfrid Payton,2017,2017-18,82,912,430,146,40,0.47149122807017546,0.273972602739726,0.4934210526315789,0.1600877192982456,1.7804878048780488,Orlando Magic
Elfrid Payton,2018,2018-19,63,667,329,92,30,0.49325337331334335,0.32608695652173914,0.5157421289355323,0.13793103448275862,1.4603174603174602,Orlando Magic
Elfrid Payton,2019,2019-20,42,412,179,105,33,0.4344660194174757,0.3142857142857143,0.47451456310679613,0.25485436893203883,2.5,New Orleans Pelicans
Elfrid Payton,2020,2020-21,45,440,193,69,14,0.43863636363636366,0.2028985507246377,0.45454545454545453,0.15681818181818183,1.5333333333333334,New York Knicks
Elfrid Payton,2021,2021-22,63,622,269,98,28,0.432475884244373,0.2857142857142857,0.454983922829582,0.15755627009646303,1.5555555555555556,New York Knicks
Elfrid Payton,2022,2022-23,45,175,67,18,4,0.38285714285714284,0.2222222222222222,0.3942857142857143,0.10285714285714286,0.4,Phoenix Suns
Emmanuel Mudiay,2016,2016-17,68,905,329,232,74,0.36353591160220994,0.31896551724137934,0.4044198895027624,0.256353591160221,3.411764705882353,Denver Nuggets
Emmanuel Mudiay,2017,2017-18,54,551,208,178,56,0.37749546279491836,0.3146067415730337,0.4283121597096189,0.32304900181488205,3.2962962962962963,Denver Nuggets
Emmanuel Mudiay,2018,2018-19,64,526,204,148,47,0.38783269961977185,0.31756756756756754,0.43250950570342206,0.2813688212927757,2.3125,Denver Nuggets
Emmanuel Mudiay,2019,2019-20,58,740,330,210,69,0.44594594594594594,0.32857142857142857,0.4925675675675676,0.28378378378378377,3.6206896551724137,New York Knicks
Emmanuel Mudiay,2020,2020-21,54,327,151,87,30,0.4617737003058104,0.3448275862068966,0.5076452599388379,0.26605504587155965,1.6111111111111112,Utah Jazz
Emmanuel Mudiay,2022,2022-23,1,2,0,0,0,0,NA,0,0,0,Sacramento Kings
Enes Freedom,2013,2013-14,70,379,206,1,1,0.5435356200527705,1,0.5448548812664907,0.002638522427440633,0.014285714285714285,Utah Jazz
Enes Freedom,2014,2014-15,80,853,419,1,0,0.4912075029308324,0,0.4912075029308324,0.0011723329425556857,0.0125,Utah Jazz
Enes Freedom,2015,2015-16,75,928,482,45,16,0.5193965517241379,0.35555555555555557,0.5280172413793104,0.04849137931034483,0.6,Utah Jazz
Enes Freedom,2016,2016-17,82,719,414,21,10,0.5757997218358831,0.47619047619047616,0.5827538247566064,0.02920723226703755,0.25609756097560976,Oklahoma City Thunder
Enes Freedom,2017,2017-18,72,737,402,38,5,0.5454545454545454,0.13157894736842105,0.5488466757123474,0.051560379918588875,0.5277777777777778,Oklahoma City Thunder
Enes Freedom,2018,2018-19,71,713,422,2,0,0.5918653576437588,0,0.5918653576437588,0.002805049088359046,0.028169014084507043,New York Knicks
Enes Freedom,2019,2019-20,67,683,375,34,10,0.5490483162518301,0.29411764705882354,0.5563689604685212,0.04978038067349927,0.5074626865671642,New York Knicks
Enes Freedom,2020,2020-21,57,348,199,7,1,0.5718390804597702,0.14285714285714285,0.5732758620689655,0.020114942528735632,0.12280701754385964,Boston Celtics
Enes Freedom,2021,2021-22,72,561,339,4,1,0.6042780748663101,0.25,0.6051693404634582,0.0071301247771836,0.05555555555555555,Portland Trail Blazers
Enes Freedom,2022,2022-23,28,97,51,5,2,0.5257731958762887,0.4,0.5360824742268041,0.05154639175257732,0.17857142857142858,Boston Celtics
Eric Bledsoe,2013,2013-14,76,568,253,78,31,0.4454225352112676,0.3974358974358974,0.4727112676056338,0.13732394366197184,1.0263157894736843,Los Angeles Clippers
Eric Bledsoe,2014,2014-15,43,556,265,140,50,0.4766187050359712,0.35714285714285715,0.5215827338129496,0.2517985611510791,3.255813953488372,Phoenix Suns
Eric Bledsoe,2015,2015-16,81,1046,468,272,88,0.4474187380497132,0.3235294117647059,0.4894837476099426,0.26003824091778205,3.3580246913580245,Phoenix Suns
Eric Bledsoe,2016,2016-17,31,492,223,129,48,0.4532520325203252,0.37209302325581395,0.5020325203252033,0.2621951219512195,4.161290322580645,Phoenix Suns
Eric Bledsoe,2017,2017-18,66,1034,449,310,104,0.43423597678916825,0.33548387096774196,0.48452611218568664,0.29980657640232106,4.696969696969697,Phoenix Suns
Eric Bledsoe,2018,2018-19,74,989,468,360,125,0.47320525783619816,0.3472222222222222,0.5364004044489383,0.3640040444893832,4.864864864864865,Milwaukee Bucks
Eric Bledsoe,2019,2019-20,77,971,470,377,124,0.4840370751802266,0.32891246684350134,0.5478887744593203,0.388259526261586,4.896103896103896,Milwaukee Bucks
Eric Bledsoe,2020,2020-21,61,703,334,215,74,0.4751066856330014,0.34418604651162793,0.5277382645803699,0.3058321479374111,3.5245901639344264,Milwaukee Bucks
Eric Bledsoe,2021,2021-22,71,730,307,355,121,0.42054794520547945,0.3408450704225352,0.5034246575342466,0.4863013698630137,5,New Orleans Pelicans
Eric Bledsoe,2022,2022-23,54,468,197,163,51,0.42094017094017094,0.3128834355828221,0.4754273504273504,0.3482905982905983,3.0185185185185186,Los Angeles Clippers
Eric Gordon,2013,2013-14,42,584,235,173,56,0.4023972602739726,0.3236994219653179,0.4503424657534247,0.2962328767123288,4.119047619047619,New Orleans Hornets
Eric Gordon,2014,2014-15,64,817,356,258,101,0.4357405140758874,0.39147286821705424,0.4975520195838433,0.3157894736842105,4.03125,New Orleans Pelicans
Eric Gordon,2015,2015-16,61,694,285,315,141,0.4106628242074928,0.44761904761904764,0.5122478386167147,0.4538904899135447,5.163934426229508,New Orleans Pelicans
Eric Gordon,2016,2016-17,45,551,231,293,113,0.4192377495462795,0.38566552901023893,0.5217785843920145,0.5317604355716878,6.511111111111111,New Orleans Pelicans
Eric Gordon,2017,2017-18,75,1015,411,660,245,0.40492610837438425,0.3712121212121212,0.5256157635467981,0.6502463054187192,8.8,Houston Rockets
Eric Gordon,2018,2018-19,69,970,415,608,218,0.42783505154639173,0.35855263157894735,0.5402061855670103,0.6268041237113402,8.81159420289855,Houston Rockets
Eric Gordon,2019,2019-20,68,938,384,600,216,0.4093816631130064,0.36,0.5245202558635395,0.6396588486140725,8.823529411764707,Houston Rockets
Eric Gordon,2020,2020-21,36,463,171,303,96,0.3693304535637149,0.31683168316831684,0.47300215982721383,0.6544276457883369,8.416666666666666,Houston Rockets
Eric Gordon,2021,2021-22,27,367,159,210,69,0.4332425068119891,0.32857142857142857,0.5272479564032697,0.5722070844686649,7.777777777777778,Houston Rockets
Eric Gordon,2022,2022-23,57,564,268,301,124,0.475177304964539,0.4119601328903654,0.5851063829787234,0.5336879432624113,5.280701754385965,Houston Rockets
Eric Gordon,2023,2023-24,69,653,291,356,132,0.445635528330781,0.3707865168539326,0.5467075038284839,0.5451761102603369,5.159420289855072,Houston Rockets
Eric Gordon,2024,2024-25,68,618,274,397,150,0.44336569579288027,0.3778337531486146,0.5647249190938511,0.6423948220064725,5.838235294117647,Phoenix Suns
Eric Paschall,2020,2020-21,60,640,318,129,37,0.496875,0.2868217054263566,0.52578125,0.2015625,2.15,Golden State Warriors
Eric Paschall,2021,2021-22,40,298,148,54,18,0.49664429530201343,0.3333333333333333,0.5268456375838926,0.18120805369127516,1.35,Golden State Warriors
Eric Paschall,2022,2022-23,51,235,114,108,40,0.4851063829787234,0.37037037037037035,0.5702127659574469,0.4595744680851064,2.1176470588235294,Utah Jazz
Ersan Ilyasova,2013,2013-14,73,803,371,214,95,0.46201743462017436,0.4439252336448598,0.5211706102117061,0.26650062266500624,2.9315068493150687,Milwaukee Bucks
Ersan Ilyasova,2014,2014-15,55,579,237,131,37,0.40932642487046633,0.2824427480916031,0.44127806563039723,0.22625215889464595,2.381818181818182,Milwaukee Bucks
Ersan Ilyasova,2015,2015-16,58,557,263,190,74,0.47217235188509876,0.3894736842105263,0.5385996409335727,0.34111310592459604,3.2758620689655173,Milwaukee Bucks
Ersan Ilyasova,2016,2016-17,74,661,280,259,96,0.4236006051437216,0.37065637065637064,0.4962178517397882,0.3918305597579425,3.5,Detroit Pistons
Ersan Ilyasova,2017,2017-18,82,890,384,402,142,0.4314606741573034,0.35323383084577115,0.5112359550561798,0.451685393258427,4.902439024390244,Philadelphia 76ers
Ersan Ilyasova,2018,2018-19,69,613,277,253,91,0.45187601957585644,0.35968379446640314,0.5261011419249593,0.41272430668841764,3.6666666666666665,Atlanta Hawks
Ersan Ilyasova,2019,2019-20,66,381,167,160,58,0.43832020997375326,0.3625,0.5144356955380578,0.4199475065616798,2.4242424242424243,Milwaukee Bucks
Ersan Ilyasova,2020,2020-21,60,313,146,137,50,0.46645367412140576,0.36496350364963503,0.5463258785942492,0.43769968051118213,2.283333333333333,Milwaukee Bucks
Ersan Ilyasova,2021,2021-22,16,54,21,41,18,0.3888888888888889,0.43902439024390244,0.5555555555555556,0.7592592592592593,2.5625,Utah Jazz
Evan Fournier,2013,2013-14,34,152,75,54,22,0.4934210526315789,0.4074074074074074,0.5657894736842105,0.35526315789473684,1.588235294117647,Denver Nuggets
Evan Fournier,2014,2014-15,74,544,228,237,89,0.41911764705882354,0.3755274261603376,0.5009191176470589,0.43566176470588236,3.2027027027027026,Denver Nuggets
Evan Fournier,2015,2015-16,58,575,253,225,85,0.44,0.37777777777777777,0.5139130434782608,0.391304347826087,3.8793103448275863,Orlando Magic
Evan Fournier,2016,2016-17,79,928,429,389,156,0.46228448275862066,0.40102827763496146,0.5463362068965517,0.4191810344827586,4.924050632911392,Orlando Magic
Evan Fournier,2017,2017-18,68,927,407,357,127,0.43905070118662354,0.3557422969187675,0.5075512405609492,0.3851132686084142,5.25,Orlando Magic
Evan Fournier,2018,2018-19,57,802,368,335,127,0.45885286783042395,0.37910447761194027,0.5380299251870324,0.4177057356608479,5.87719298245614,Orlando Magic
Evan Fournier,2019,2019-20,81,1069,468,450,153,0.43779232927970063,0.34,0.509354536950421,0.42095416276894293,5.555555555555555,Orlando Magic
Evan Fournier,2020,2020-21,66,929,434,434,173,0.4671689989235737,0.3986175115207373,0.5602798708288482,0.4671689989235737,6.575757575757576,Orlando Magic
Evan Fournier,2021,2021-22,42,541,247,283,117,0.4565619223659889,0.4134275618374558,0.5646950092421442,0.5231053604436229,6.738095238095238,Orlando Magic
Evan Fournier,2022,2022-23,80,965,402,619,241,0.41658031088082903,0.3893376413570275,0.5414507772020726,0.6414507772020726,7.7375,New York Knicks
Evan Fournier,2023,2023-24,27,166,56,114,35,0.3373493975903614,0.30701754385964913,0.4427710843373494,0.6867469879518072,4.222222222222222,New York Knicks
Evan Fournier,2024,2024-25,31,221,79,130,33,0.3574660633484163,0.25384615384615383,0.4321266968325792,0.5882352941176471,4.193548387096774,Detroit Pistons
Evan Mobley,2022,2022-23,69,830,422,92,23,0.5084337349397591,0.25,0.522289156626506,0.1108433734939759,1.3333333333333333,Cleveland Cavaliers
Evan Mobley,2023,2023-24,79,947,525,102,22,0.5543822597676874,0.21568627450980393,0.5659978880675819,0.10770855332629356,1.2911392405063291,Cleveland Cavaliers
Evan Mobley,2024,2024-25,50,553,320,59,22,0.5786618444846293,0.3728813559322034,0.5985533453887885,0.10669077757685352,1.18,Cleveland Cavaliers
Evan Turner,2013,2013-14,82,1052,441,158,58,0.41920152091254753,0.3670886075949367,0.4467680608365019,0.15019011406844107,1.9268292682926829,Philadelphia 76ers
Evan Turner,2014,2014-15,81,1020,434,155,50,0.42549019607843136,0.3225806451612903,0.45,0.15196078431372548,1.9135802469135803,Philadelphia 76ers
Evan Turner,2015,2015-16,82,746,320,119,33,0.4289544235924933,0.2773109243697479,0.45107238605898126,0.15951742627345844,1.451219512195122,Boston Celtics
Evan Turner,2016,2016-17,81,753,343,83,20,0.4555112881806109,0.24096385542168675,0.46879150066401065,0.1102257636122178,1.0246913580246915,Boston Celtics
Evan Turner,2017,2017-18,64,552,235,118,31,0.4257246376811594,0.2627118644067797,0.453804347826087,0.213768115942029,1.84375,Portland Trail Blazers
Evan Turner,2018,2018-19,79,577,258,132,42,0.44714038128249567,0.3181818181818182,0.48353552859618715,0.22876949740034663,1.6708860759493671,Portland Trail Blazers
Evan Turner,2019,2019-20,71,443,204,52,11,0.4604966139954853,0.21153846153846154,0.4729119638826185,0.11738148984198646,0.7323943661971831,Portland Trail Blazers
Evan Turner,2020,2020-21,19,67,25,5,0,0.373134328358209,0,0.373134328358209,0.07462686567164178,0.2631578947368421,Atlanta Hawks
Frank Jackson,2019,2019-20,57,447,194,169,53,0.43400447427293065,0.3136094674556213,0.49328859060402686,0.378076062639821,2.9649122807017543,New Orleans Pelicans
Frank Jackson,2020,2020-21,53,331,134,144,47,0.40483383685800606,0.3263888888888889,0.47583081570996977,0.4350453172205438,2.7169811320754715,New Orleans Pelicans
Frank Jackson,2021,2021-22,39,293,134,150,61,0.45733788395904434,0.4066666666666667,0.5614334470989761,0.5119453924914675,3.8461538461538463,Detroit Pistons
Frank Jackson,2022,2022-23,53,483,194,279,86,0.40165631469979296,0.30824372759856633,0.4906832298136646,0.577639751552795,5.264150943396227,Detroit Pistons
Frank Jackson,2023,2023-24,1,3,0,1,0,0,0,0,0.3333333333333333,1,Utah Jazz
Frank Kaminsky,2016,2016-17,79,525,215,202,68,0.4095238095238095,0.33663366336633666,0.4742857142857143,0.38476190476190475,2.5569620253164556,Charlotte Hornets
Frank Kaminsky,2017,2017-18,75,802,320,354,116,0.39900249376558605,0.327683615819209,0.4713216957605985,0.44139650872817954,4.72,Charlotte Hornets
Frank Kaminsky,2018,2018-19,79,716,307,274,104,0.42877094972067037,0.3795620437956204,0.5013966480446927,0.38268156424581007,3.4683544303797467,Charlotte Hornets
Frank Kaminsky,2019,2019-20,44,298,138,139,50,0.46308724832214765,0.3597122302158273,0.5469798657718121,0.4664429530201342,3.159090909090909,Charlotte Hornets
Frank Kaminsky,2020,2020-21,39,307,138,124,41,0.4495114006514658,0.33064516129032256,0.5162866449511401,0.40390879478827363,3.1794871794871793,Phoenix Suns
Frank Kaminsky,2021,2021-22,45,257,121,85,31,0.4708171206225681,0.36470588235294116,0.5311284046692607,0.33073929961089493,1.8888888888888888,Phoenix Suns
Frank Kaminsky,2022,2022-23,9,66,36,15,5,0.5454545454545454,0.3333333333333333,0.5833333333333334,0.22727272727272727,1.6666666666666667,Phoenix Suns
Frank Kaminsky,2023,2023-24,24,63,31,33,13,0.49206349206349204,0.3939393939393939,0.5952380952380952,0.5238095238095238,1.375,Atlanta Hawks
Frank Ntilikina,2018,2018-19,77,500,182,157,50,0.364,0.3184713375796178,0.414,0.314,2.038961038961039,New York Knicks
Frank Ntilikina,2019,2019-20,42,282,95,115,33,0.33687943262411346,0.28695652173913044,0.3953900709219858,0.4078014184397163,2.738095238095238,New York Knicks
Frank Ntilikina,2020,2020-21,56,333,131,137,44,0.3933933933933934,0.32116788321167883,0.4594594594594595,0.4114114114114114,2.4464285714285716,New York Knicks
Frank Ntilikina,2021,2021-22,22,79,29,48,23,0.3670886075949367,0.4791666666666667,0.5126582278481012,0.6075949367088608,2.1818181818181817,New York Knicks
Frank Ntilikina,2022,2022-23,51,223,89,111,38,0.3991031390134529,0.34234234234234234,0.484304932735426,0.4977578475336323,2.176470588235294,Dallas Mavericks
Frank Ntilikina,2023,2023-24,38,132,48,67,17,0.36363636363636365,0.2537313432835821,0.42803030303030304,0.5075757575757576,1.763157894736842,Dallas Mavericks
Frank Ntilikina,2024,2024-25,5,9,1,8,1,0.1111111111111111,0.125,0.16666666666666666,0.8888888888888888,1.6,Charlotte Hornets
Franz Wagner,2022,2022-23,78,975,456,271,96,0.4676923076923077,0.35424354243542433,0.5169230769230769,0.27794871794871795,3.4743589743589745,Orlando Magic
Franz Wagner,2023,2023-24,80,1118,542,360,130,0.4847942754919499,0.3611111111111111,0.5429338103756708,0.3220035778175313,4.5,Orlando Magic
Franz Wagner,2024,2024-25,72,1096,528,334,94,0.48175182481751827,0.281437125748503,0.5246350364963503,0.30474452554744524,4.638888888888889,Orlando Magic
Fred VanVleet,2017,2017-18,28,111,39,29,11,0.35135135135135137,0.3793103448275862,0.4009009009009009,0.26126126126126126,1.0357142857142858,Toronto Raptors
Fred VanVleet,2018,2018-19,75,545,232,261,108,0.42568807339449544,0.41379310344827586,0.5247706422018349,0.47889908256880737,3.48,Toronto Raptors
Fred VanVleet,2019,2019-20,64,600,246,296,112,0.41,0.3783783783783784,0.5033333333333333,0.49333333333333335,4.625,Toronto Raptors
Fred VanVleet,2020,2020-21,54,773,319,374,146,0.4126778783958603,0.39037433155080214,0.5071151358344114,0.48382923673997413,6.925925925925926,Toronto Raptors
Fred VanVleet,2021,2021-22,52,870,338,476,174,0.38850574712643676,0.36554621848739494,0.4885057471264368,0.5471264367816092,9.153846153846153,Toronto Raptors
Fred VanVleet,2022,2022-23,65,1097,442,642,242,0.4029170464904284,0.37694704049844235,0.5132178669097539,0.585232452142206,9.876923076923077,Toronto Raptors
Fred VanVleet,2023,2023-24,69,1112,437,606,207,0.39298561151079137,0.3415841584158416,0.48606115107913667,0.5449640287769785,8.782608695652174,Toronto Raptors
Fred VanVleet,2024,2024-25,73,1018,423,586,227,0.4155206286836935,0.3873720136518771,0.5270137524557956,0.5756385068762279,8.027397260273972,Houston Rockets
Furkan Korkmaz,2018,2018-19,11,28,8,17,5,0.2857142857142857,0.29411764705882354,0.375,0.6071428571428571,1.5454545454545454,Philadelphia 76ers
Furkan Korkmaz,2019,2019-20,45,245,98,144,47,0.4,0.3263888888888889,0.4959183673469388,0.5877551020408164,3.2,Philadelphia 76ers
Furkan Korkmaz,2020,2020-21,72,563,242,356,143,0.42984014209591476,0.40168539325842695,0.5568383658969804,0.6323268206039077,4.944444444444445,Philadelphia 76ers
Furkan Korkmaz,2021,2021-22,55,424,170,269,101,0.4009433962264151,0.3754646840148699,0.5200471698113207,0.6344339622641509,4.890909090909091,Philadelphia 76ers
Furkan Korkmaz,2022,2022-23,64,470,182,266,77,0.3872340425531915,0.2894736842105263,0.46914893617021275,0.5659574468085107,4.15625,Philadelphia 76ers
Furkan Korkmaz,2023,2023-24,30,111,48,46,18,0.43243243243243246,0.391304347826087,0.5135135135135135,0.4144144144144144,1.5333333333333334,Philadelphia 76ers
Furkan Korkmaz,2024,2024-25,28,76,30,40,14,0.39473684210526316,0.35,0.4868421052631579,0.5263157894736842,1.4285714285714286,Philadelphia 76ers
Gabe Vincent,2020,2020-21,6,37,8,27,6,0.21621621621621623,0.2222222222222222,0.2972972972972973,0.7297297297297297,4.5,Miami Heat
Gabe Vincent,2021,2021-22,44,233,88,149,46,0.3776824034334764,0.3087248322147651,0.47639484978540775,0.6394849785407726,3.3863636363636362,Miami Heat
Gabe Vincent,2022,2022-23,63,513,214,323,119,0.4171539961013645,0.3684210526315789,0.5331384015594542,0.6296296296296297,5.126984126984127,Miami Heat
Gabe Vincent,2023,2023-24,68,567,228,350,117,0.4021164021164021,0.3342857142857143,0.5052910052910053,0.6172839506172839,5.147058823529412,Miami Heat
Gabe Vincent,2024,2024-25,11,49,15,28,3,0.30612244897959184,0.10714285714285714,0.336734693877551,0.5714285714285714,2.5454545454545454,Los Angeles Lakers
Garrett Temple,2013,2013-14,44,258,105,80,26,0.4069767441860465,0.325,0.4573643410852713,0.31007751937984496,1.8181818181818181,Washington Wizards
Garrett Temple,2014,2014-15,51,141,51,29,6,0.3617021276595745,0.20689655172413793,0.3829787234042553,0.20567375886524822,0.5686274509803921,Washington Wizards
Garrett Temple,2015,2015-16,36,170,68,88,33,0.4,0.375,0.4970588235294118,0.5176470588235295,2.4444444444444446,Washington Wizards
Garrett Temple,2016,2016-17,77,505,201,258,89,0.39801980198019804,0.3449612403100775,0.4861386138613861,0.5108910891089109,3.3506493506493507,Washington Wizards
Garrett Temple,2017,2017-18,64,432,183,220,82,0.4236111111111111,0.37272727272727274,0.5185185185185185,0.5092592592592593,3.4375,Sacramento Kings
Garrett Temple,2018,2018-19,64,476,199,227,89,0.4180672268907563,0.3920704845814978,0.5115546218487395,0.47689075630252103,3.546875,Sacramento Kings
Garrett Temple,2019,2019-20,75,493,208,264,90,0.42190669371196754,0.3409090909090909,0.513184584178499,0.5354969574036511,3.52,Memphis Grizzlies
Garrett Temple,2020,2020-21,62,587,222,386,127,0.3781942078364566,0.3290155440414508,0.48637137989778534,0.6575809199318569,6.225806451612903,Brooklyn Nets
Garrett Temple,2021,2021-22,55,381,158,200,67,0.4146981627296588,0.335,0.5026246719160105,0.5249343832020997,3.6363636363636362,Chicago Bulls
Garrett Temple,2022,2022-23,56,295,111,185,59,0.376271186440678,0.31891891891891894,0.47627118644067795,0.6271186440677966,3.3035714285714284,New Orleans Pelicans
Garrett Temple,2023,2023-24,21,45,18,26,11,0.4,0.4230769230769231,0.5222222222222223,0.5777777777777777,1.2380952380952381,New Orleans Pelicans
Garrett Temple,2024,2024-25,24,78,29,40,12,0.3717948717948718,0.3,0.44871794871794873,0.5128205128205128,1.6666666666666667,Toronto Raptors
Garrison Mathews,2020,2020-21,15,56,24,46,19,0.42857142857142855,0.41304347826086957,0.5982142857142857,0.8214285714285714,3.066666666666667,Washington Wizards
Garrison Mathews,2021,2021-22,58,237,97,198,76,0.4092827004219409,0.3838383838383838,0.569620253164557,0.8354430379746836,3.413793103448276,Washington Wizards
Garrison Mathews,2022,2022-23,65,461,184,386,139,0.39913232104121477,0.3601036269430052,0.5498915401301518,0.8373101952277657,5.938461538461539,Houston Rockets
Garrison Mathews,2023,2023-24,51,201,73,180,63,0.36318407960199006,0.35,0.5199004975124378,0.8955223880597015,3.5294117647058822,Houston Rockets
Garrison Mathews,2024,2024-25,60,226,103,193,85,0.4557522123893805,0.44041450777202074,0.6438053097345132,0.8539823008849557,3.216666666666667,Atlanta Hawks
Gary Harris,2015,2015-16,48,217,66,103,21,0.30414746543778803,0.20388349514563106,0.35253456221198154,0.47465437788018433,2.1458333333333335,Denver Nuggets
Gary Harris,2016,2016-17,76,765,359,297,105,0.469281045751634,0.35353535353535354,0.5379084967320261,0.38823529411764707,3.9078947368421053,Denver Nuggets
Gary Harris,2017,2017-18,57,636,320,254,107,0.5031446540880503,0.421259842519685,0.5872641509433962,0.39937106918238996,4.456140350877193,Denver Nuggets
Gary Harris,2018,2018-19,67,908,440,394,156,0.4845814977973568,0.39593908629441626,0.5704845814977973,0.43392070484581496,5.880597014925373,Denver Nuggets
Gary Harris,2019,2019-20,57,637,270,242,82,0.423861852433281,0.33884297520661155,0.48822605965463106,0.37990580847723704,4.245614035087719,Denver Nuggets
Gary Harris,2020,2020-21,56,519,218,210,70,0.42003853564547206,0.3333333333333333,0.48747591522157996,0.4046242774566474,3.75,Denver Nuggets
Gary Harris,2021,2021-22,38,345,138,141,48,0.4,0.3404255319148936,0.46956521739130436,0.40869565217391307,3.710526315789474,Orlando Magic
Gary Harris,2022,2022-23,61,553,240,302,116,0.43399638336347196,0.3841059602649007,0.538878842676311,0.546112115732369,4.950819672131147,Orlando Magic
Gary Harris,2023,2023-24,48,307,138,218,94,0.4495114006514658,0.43119266055045874,0.6026058631921825,0.7100977198697068,4.541666666666667,Orlando Magic
Gary Harris,2024,2024-25,54,297,131,205,76,0.44107744107744107,0.37073170731707317,0.569023569023569,0.6902356902356902,3.7962962962962963,Orlando Magic
Gary Neal,2013,2013-14,67,597,246,251,89,0.4120603015075377,0.3545816733067729,0.48659966499162477,0.4204355108877722,3.746268656716418,San Antonio Spurs
Gary Neal,2014,2014-15,52,471,193,180,68,0.40976645435244163,0.37777777777777777,0.4819532908704883,0.3821656050955414,3.4615384615384617,Milwaukee Bucks
Gary Neal,2015,2015-16,54,503,188,164,50,0.37375745526838966,0.3048780487804878,0.4234592445328032,0.3260437375745527,3.037037037037037,Charlotte Hornets
Gary Neal,2016,2016-17,40,324,151,99,41,0.4660493827160494,0.41414141414141414,0.529320987654321,0.3055555555555556,2.475,Washington Wizards
Gary Neal,2017,2017-18,2,7,0,2,0,0,0,0,0.2857142857142857,1,Atlanta Hawks
Gary Trent Jr.,2019,2019-20,12,50,16,21,5,0.32,0.23809523809523808,0.37,0.42,1.75,Portland Trail Blazers
Gary Trent Jr.,2020,2020-21,58,441,196,268,112,0.4444444444444444,0.417910447761194,0.5714285714285714,0.6077097505668935,4.620689655172414,Portland Trail Blazers
Gary Trent Jr.,2021,2021-22,58,785,320,429,165,0.40764331210191085,0.38461538461538464,0.5127388535031847,0.5464968152866242,7.396551724137931,Portland Trail Blazers
Gary Trent Jr.,2022,2022-23,70,1086,450,545,209,0.4143646408839779,0.3834862385321101,0.5105893186003683,0.501841620626151,7.785714285714286,Toronto Raptors
Gary Trent Jr.,2023,2023-24,66,935,405,450,166,0.43315508021390375,0.3688888888888889,0.5219251336898396,0.48128342245989303,6.818181818181818,Toronto Raptors
Gary Trent Jr.,2024,2024-25,71,847,361,453,178,0.42621015348288077,0.39293598233995586,0.5312868949232585,0.5348288075560803,6.380281690140845,Toronto Raptors
George Hill,2013,2013-14,76,871,386,353,130,0.4431687715269805,0.36827195467422097,0.5177956371986223,0.4052812858783008,4.644736842105263,Indiana Pacers
George Hill,2014,2014-15,75,616,272,260,95,0.44155844155844154,0.36538461538461536,0.5186688311688312,0.42207792207792205,3.466666666666667,Indiana Pacers
George Hill,2015,2015-16,43,535,255,193,69,0.4766355140186916,0.35751295336787564,0.5411214953271029,0.36074766355140186,4.488372093023256,Indiana Pacers
George Hill,2016,2016-17,74,736,325,311,127,0.44157608695652173,0.40836012861736337,0.5278532608695652,0.422554347826087,4.202702702702703,Indiana Pacers
George Hill,2017,2017-18,49,606,289,233,94,0.4768976897689769,0.4034334763948498,0.5544554455445545,0.3844884488448845,4.755102040816326,Utah Jazz
George Hill,2018,2018-19,67,513,236,205,85,0.4600389863547758,0.4146341463414634,0.5428849902534113,0.3996101364522417,3.0597014925373136,Sacramento Kings
George Hill,2019,2019-20,60,376,170,153,48,0.4521276595744681,0.3137254901960784,0.5159574468085106,0.40691489361702127,2.55,Milwaukee Bucks
George Hill,2020,2020-21,59,376,194,176,81,0.5159574468085106,0.4602272727272727,0.6236702127659575,0.46808510638297873,2.983050847457627,Milwaukee Bucks
George Hill,2021,2021-22,30,197,95,80,31,0.48223350253807107,0.3875,0.5609137055837563,0.40609137055837563,2.6666666666666665,Oklahoma City Thunder
George Hill,2022,2022-23,52,275,118,134,41,0.4290909090909091,0.30597014925373134,0.5036363636363637,0.48727272727272725,2.576923076923077,Milwaukee Bucks
George Hill,2023,2023-24,40,166,78,95,34,0.46987951807228917,0.35789473684210527,0.572289156626506,0.572289156626506,2.375,Milwaukee Bucks
Georges Niang,2017,2017-18,17,36,9,12,1,0.25,0.08333333333333333,0.2638888888888889,0.3333333333333333,0.7058823529411765,Indiana Pacers
Georges Niang,2018,2018-19,6,11,4,4,0,0.36363636363636365,0,0.36363636363636365,0.36363636363636365,0.6666666666666666,Utah Jazz
Georges Niang,2019,2019-20,53,181,86,105,43,0.47513812154696133,0.4095238095238095,0.5939226519337016,0.580110497237569,1.9811320754716981,Utah Jazz
Georges Niang,2020,2020-21,62,322,141,225,90,0.43788819875776397,0.4,0.577639751552795,0.6987577639751553,3.629032258064516,Utah Jazz
Georges Niang,2021,2021-22,68,405,177,292,124,0.43703703703703706,0.4246575342465753,0.5901234567901235,0.7209876543209877,4.294117647058823,Utah Jazz
Georges Niang,2022,2022-23,76,563,246,387,156,0.4369449378330373,0.40310077519379844,0.5754884547069272,0.6873889875666075,5.092105263157895,Philadelphia 76ers
Georges Niang,2023,2023-24,78,502,222,384,154,0.44223107569721115,0.4010416666666667,0.5956175298804781,0.7649402390438247,4.923076923076923,Philadelphia 76ers
Georges Niang,2024,2024-25,82,632,284,396,149,0.44936708860759494,0.37626262626262624,0.567246835443038,0.6265822784810127,4.829268292682927,Cleveland Cavaliers
Gerald Green,2013,2013-14,57,424,155,188,59,0.36556603773584906,0.31382978723404253,0.43514150943396224,0.44339622641509435,3.2982456140350878,Indiana Pacers
Gerald Green,2014,2014-15,82,1005,447,509,203,0.44477611940298506,0.3988212180746562,0.545771144278607,0.5064676616915423,6.2073170731707314,Phoenix Suns
Gerald Green,2015,2015-16,73,778,324,387,137,0.41645244215938304,0.35400516795865633,0.5044987146529563,0.4974293059125964,5.301369863013699,Phoenix Suns
Gerald Green,2016,2016-17,67,586,229,259,83,0.39078498293515357,0.3204633204633205,0.4616040955631399,0.44197952218430037,3.8656716417910446,Miami Heat
Gerald Green,2017,2017-18,45,232,95,111,39,0.40948275862068967,0.35135135135135137,0.49353448275862066,0.47844827586206895,2.466666666666667,Boston Celtics
Gerald Green,2018,2018-19,41,413,168,298,110,0.4067796610169492,0.3691275167785235,0.5399515738498789,0.7215496368038741,7.2682926829268295,Houston Rockets
Gerald Green,2019,2019-20,72,578,231,441,156,0.39965397923875434,0.35374149659863946,0.5346020761245674,0.7629757785467128,6.125,Houston Rockets
Gerald Henderson,2013,2013-14,68,855,382,100,33,0.44678362573099417,0.33,0.46608187134502926,0.11695906432748537,1.4705882352941178,Charlotte Bobcats
Gerald Henderson,2014,2014-15,77,929,403,114,40,0.43379978471474706,0.3508771929824561,0.45532831001076424,0.12271259418729817,1.4805194805194806,Charlotte Bobcats
Gerald Henderson,2015,2015-16,80,847,370,136,45,0.43683589138134593,0.33088235294117646,0.46340023612750886,0.16056670602125148,1.7,Charlotte Hornets
Gerald Henderson,2016,2016-17,72,529,232,136,48,0.43856332703213613,0.35294117647058826,0.4839319470699433,0.2570888468809074,1.8888888888888888,Portland Trail Blazers
Gerald Henderson,2017,2017-18,72,551,233,171,60,0.42286751361161523,0.3508771929824561,0.47731397459165154,0.3103448275862069,2.375,Philadelphia 76ers
Giannis Antetokounmpo,2014,2014-15,76,418,173,118,41,0.4138755980861244,0.3474576271186441,0.46291866028708134,0.2822966507177033,1.5526315789473684,Milwaukee Bucks
Giannis Antetokounmpo,2015,2015-16,81,780,383,44,7,0.491025641025641,0.1590909090909091,0.49551282051282053,0.05641025641025641,0.5432098765432098,Milwaukee Bucks
Giannis Antetokounmpo,2016,2016-17,80,1011,512,107,27,0.506429277942631,0.2523364485981308,0.5197823936696341,0.10583580613254204,1.3375,Milwaukee Bucks
Giannis Antetokounmpo,2017,2017-18,80,1258,656,179,49,0.5214626391096979,0.2737430167597765,0.5409379968203497,0.1422893481717011,2.2375,Milwaukee Bucks
Giannis Antetokounmpo,2018,2018-19,75,1402,742,140,43,0.5292439372325249,0.30714285714285716,0.5445791726105563,0.09985734664764621,1.8666666666666667,Milwaukee Bucks
Giannis Antetokounmpo,2019,2019-20,72,1247,721,203,52,0.5781876503608661,0.2561576354679803,0.599037690457097,0.16279069767441862,2.8194444444444446,Milwaukee Bucks
Giannis Antetokounmpo,2020,2020-21,63,1238,685,293,89,0.5533117932148627,0.3037542662116041,0.5892568659127625,0.23667205169628433,4.650793650793651,Milwaukee Bucks
Giannis Antetokounmpo,2021,2021-22,60,1100,626,221,67,0.5690909090909091,0.3031674208144796,0.5995454545454545,0.2009090909090909,3.683333333333333,Milwaukee Bucks
Giannis Antetokounmpo,2022,2022-23,67,1245,689,242,71,0.5534136546184739,0.29338842975206614,0.5819277108433735,0.19437751004016066,3.611940298507463,Milwaukee Bucks
Giannis Antetokounmpo,2023,2023-24,63,1278,707,171,47,0.55320813771518,0.27485380116959063,0.5715962441314554,0.13380281690140844,2.7142857142857144,Milwaukee Bucks
Giannis Antetokounmpo,2024,2024-25,73,1369,837,124,34,0.6113951789627465,0.27419354838709675,0.6238130021913806,0.09057706355003653,1.6986301369863013,Milwaukee Bucks
Glen Davis,2013,2013-14,34,478,214,2,0,0.4476987447698745,0,0.4476987447698745,0.0041841004184100415,0.058823529411764705,Orlando Magic
Glen Davis,2014,2014-15,65,593,271,11,4,0.45699831365935917,0.36363636363636365,0.46037099494097805,0.01854974704890388,0.16923076923076924,Orlando Magic
Glen Davis,2015,2015-16,68,255,117,4,0,0.4588235294117647,0,0.4588235294117647,0.01568627450980392,0.058823529411764705,Los Angeles Clippers
Glenn Robinson III,2015,2015-16,24,67,26,19,5,0.3880597014925373,0.2631578947368421,0.4253731343283582,0.2835820895522388,0.7916666666666666,Philadelphia 76ers
Glenn Robinson III,2016,2016-17,38,151,65,37,14,0.4304635761589404,0.3783783783783784,0.4768211920529801,0.24503311258278146,0.9736842105263158,Indiana Pacers
Glenn Robinson III,2017,2017-18,67,337,158,124,49,0.4688427299703264,0.3951612903225806,0.5415430267062314,0.36795252225519287,1.8507462686567164,Indiana Pacers
Glenn Robinson III,2018,2018-19,22,85,36,34,14,0.4235294117647059,0.4117647058823529,0.5058823529411764,0.4,1.5454545454545454,Indiana Pacers
Glenn Robinson III,2019,2019-20,42,176,74,62,18,0.42045454545454547,0.2903225806451613,0.4715909090909091,0.3522727272727273,1.4761904761904763,Detroit Pistons
Glenn Robinson III,2020,2020-21,62,592,288,197,77,0.4864864864864865,0.39086294416243655,0.5515202702702703,0.3327702702702703,3.1774193548387095,Golden State Warriors
Glenn Robinson III,2021,2021-22,23,99,42,44,16,0.42424242424242425,0.36363636363636365,0.5050505050505051,0.4444444444444444,1.9130434782608696,Sacramento Kings
Goran Dragic,2013,2013-14,77,906,401,276,88,0.44260485651214126,0.3188405797101449,0.4911699779249448,0.304635761589404,3.5844155844155843,Phoenix Suns
Goran Dragic,2014,2014-15,76,1093,552,299,122,0.505032021957914,0.4080267558528428,0.5608417200365965,0.2735590118938701,3.9342105263157894,Phoenix Suns
Goran Dragic,2015,2015-16,78,1002,502,259,90,0.500998003992016,0.3474903474903475,0.5459081836327345,0.25848303393213573,3.3205128205128207,Phoenix Suns
Goran Dragic,2016,2016-17,72,875,417,205,64,0.4765714285714286,0.3121951219512195,0.5131428571428571,0.2342857142857143,2.8472222222222223,Miami Heat
Goran Dragic,2017,2017-18,73,1123,534,288,117,0.4755120213713268,0.40625,0.5276046304541407,0.25645592163846836,3.9452054794520546,Miami Heat
Goran Dragic,2018,2018-19,75,1075,484,300,111,0.4502325581395349,0.37,0.501860465116279,0.27906976744186046,4,Miami Heat
Goran Dragic,2019,2019-20,36,433,179,164,57,0.4133949191685912,0.3475609756097561,0.4792147806004619,0.3787528868360277,4.555555555555555,Miami Heat
Goran Dragic,2020,2020-21,59,724,319,338,124,0.44060773480662985,0.3668639053254438,0.5262430939226519,0.46685082872928174,5.728813559322034,Miami Heat
Goran Dragic,2021,2021-22,50,555,240,244,91,0.43243243243243246,0.3729508196721312,0.5144144144144144,0.43963963963963965,4.88,Miami Heat
Goran Dragic,2022,2022-23,21,151,57,63,16,0.37748344370860926,0.25396825396825395,0.4304635761589404,0.41721854304635764,3,Brooklyn Nets
Goran Dragic,2023,2023-24,57,335,141,145,52,0.4208955223880597,0.3586206896551724,0.49850746268656715,0.43283582089552236,2.543859649122807,Chicago Bulls
Gordon Hayward,2013,2013-14,72,773,336,246,102,0.4346701164294955,0.4146341463414634,0.500646830530401,0.3182406209573092,3.4166666666666665,Utah Jazz
Gordon Hayward,2014,2014-15,77,1032,426,280,85,0.4127906976744186,0.30357142857142855,0.45397286821705424,0.2713178294573643,3.6363636363636362,Utah Jazz
Gordon Hayward,2015,2015-16,76,1087,484,330,120,0.4452621895124195,0.36363636363636365,0.500459981600736,0.30358785648574055,4.342105263157895,Utah Jazz
Gordon Hayward,2016,2016-17,80,1202,521,410,143,0.4334442595673877,0.348780487804878,0.49292845257903495,0.3410981697171381,5.125,Utah Jazz
Gordon Hayward,2017,2017-18,73,1156,545,374,149,0.47145328719723184,0.3983957219251337,0.5358996539792388,0.3235294117647059,5.123287671232877,Utah Jazz
Gordon Hayward,2018,2018-19,1,2,1,1,0,0.5,0,0.5,0.5,1,Boston Celtics
Gordon Hayward,2019,2019-20,71,635,296,231,77,0.46614173228346456,0.3333333333333333,0.5267716535433071,0.3637795275590551,3.2535211267605635,Boston Celtics
Gordon Hayward,2020,2020-21,52,700,350,222,85,0.5,0.38288288288288286,0.5607142857142857,0.3171428571428571,4.269230769230769,Boston Celtics
Gordon Hayward,2021,2021-22,44,658,311,205,85,0.4726443768996961,0.4146341463414634,0.5372340425531915,0.31155015197568386,4.659090909090909,Charlotte Hornets
Gordon Hayward,2022,2022-23,49,617,283,220,86,0.4586709886547812,0.39090909090909093,0.5283630470016207,0.3565640194489465,4.489795918367347,Charlotte Hornets
Gordon Hayward,2023,2023-24,50,581,276,160,52,0.4750430292598967,0.325,0.5197934595524957,0.27538726333907054,3.2,Charlotte Hornets
Gordon Hayward,2024,2024-25,51,403,187,90,37,0.4640198511166253,0.4111111111111111,0.5099255583126551,0.22332506203473945,1.7647058823529411,Charlotte Hornets
Gorgui Dieng,2014,2014-15,52,227,113,1,1,0.4977973568281938,1,0.5,0.004405286343612335,0.019230769230769232,Minnesota Timberwolves
Gorgui Dieng,2015,2015-16,73,512,259,6,1,0.505859375,0.16666666666666666,0.5068359375,0.01171875,0.0821917808219178,Minnesota Timberwolves
Gorgui Dieng,2016,2016-17,82,579,308,20,6,0.531951640759931,0.3,0.5371329879101899,0.03454231433506045,0.24390243902439024,Minnesota Timberwolves
Gorgui Dieng,2017,2017-18,82,661,332,43,16,0.5022692889561271,0.37209302325581395,0.5143721633888049,0.06505295007564296,0.524390243902439,Minnesota Timberwolves
Gorgui Dieng,2018,2018-19,78,388,186,61,19,0.4793814432989691,0.3114754098360656,0.5038659793814433,0.15721649484536082,0.782051282051282,Minnesota Timberwolves
Gorgui Dieng,2019,2019-20,74,377,189,56,19,0.5013262599469496,0.3392857142857143,0.5265251989389921,0.14854111405835543,0.7567567567567568,Minnesota Timberwolves
Gorgui Dieng,2020,2020-21,62,364,166,152,54,0.45604395604395603,0.35526315789473684,0.5302197802197802,0.4175824175824176,2.4516129032258065,Minnesota Timberwolves
Gorgui Dieng,2021,2021-22,32,163,85,70,30,0.5214723926380368,0.42857142857142855,0.6134969325153374,0.4294478527607362,2.1875,Memphis Grizzlies
Gorgui Dieng,2022,2022-23,39,112,53,68,29,0.4732142857142857,0.4264705882352941,0.6026785714285714,0.6071428571428571,1.7435897435897436,Atlanta Hawks
Gorgui Dieng,2023,2023-24,27,117,45,75,21,0.38461538461538464,0.28,0.47435897435897434,0.6410256410256411,2.7777777777777777,San Antonio Spurs
Grant Williams,2020,2020-21,60,211,87,96,24,0.41232227488151657,0.25,0.46919431279620855,0.4549763033175355,1.6,Boston Celtics
Grant Williams,2021,2021-22,59,247,108,129,48,0.43724696356275305,0.37209302325581395,0.5344129554655871,0.5222672064777328,2.1864406779661016,Boston Celtics
Grant Williams,2022,2022-23,77,432,205,258,106,0.47453703703703703,0.4108527131782946,0.5972222222222222,0.5972222222222222,3.3506493506493507,Boston Celtics
Grant Williams,2023,2023-24,77,476,216,291,115,0.453781512605042,0.3951890034364261,0.5745798319327731,0.6113445378151261,3.779220779220779,Boston Celtics
Grant Williams,2024,2024-25,76,605,276,336,126,0.456198347107438,0.375,0.5603305785123966,0.5553719008264463,4.421052631578948,Dallas Mavericks
Grayson Allen,2019,2019-20,35,178,67,99,32,0.37640449438202245,0.32323232323232326,0.46629213483146065,0.5561797752808989,2.8285714285714287,Utah Jazz
Grayson Allen,2020,2020-21,38,251,117,141,57,0.46613545816733065,0.40425531914893614,0.5796812749003984,0.5617529880478087,3.710526315789474,Memphis Grizzlies
Grayson Allen,2021,2021-22,49,414,173,274,107,0.4178743961352657,0.3905109489051095,0.5471014492753623,0.6618357487922706,5.591836734693878,Memphis Grizzlies
Grayson Allen,2022,2022-23,66,569,255,389,159,0.44815465729349735,0.4087403598971722,0.5878734622144113,0.6836555360281195,5.893939393939394,Milwaukee Bucks
Grayson Allen,2023,2023-24,72,557,245,366,146,0.4398563734290844,0.3989071038251366,0.5709156193895871,0.6570915619389587,5.083333333333333,Milwaukee Bucks
Grayson Allen,2024,2024-25,75,682,340,445,205,0.49853372434017595,0.4606741573033708,0.6488269794721407,0.6524926686217009,5.933333333333334,Phoenix Suns
Greg Monroe,2013,2013-14,81,1058,514,4,0,0.48582230623818523,0,0.48582230623818523,0.003780718336483932,0.04938271604938271,Detroit Pistons
Greg Monroe,2014,2014-15,82,1015,504,1,0,0.496551724137931,0,0.496551724137931,9.852216748768472e-4,0.012195121951219513,Detroit Pistons
Greg Monroe,2015,2015-16,69,853,423,0,0,0.4958968347010551,NA,0.4958968347010551,0,0,Detroit Pistons
Greg Monroe,2016,2016-17,79,941,491,1,0,0.5217853347502657,0,0.5217853347502657,0.0010626992561105207,0.012658227848101266,Milwaukee Bucks
Greg Monroe,2017,2017-18,81,726,387,4,0,0.5330578512396694,0,0.5330578512396694,0.005509641873278237,0.04938271604938271,Milwaukee Bucks
Greg Monroe,2018,2018-19,50,386,218,0,0,0.56476683937823835,NA,0.56476683937823835,0,0,Boston Celtics
Greg Monroe,2019,2019-20,38,189,92,5,1,0.48677248677248675,0.2,0.4894179894179894,0.026455026455026454,0.13157894736842105,Toronto Raptors
Greg Monroe,2022,2022-23,14,57,32,0,0,0.5614035087719298,NA,0.5614035087719298,0,0,Milwaukee Bucks
Greivis Vasquez,2013,2013-14,78,1012,438,243,83,0.43280632411067194,0.34156378600823045,0.47381422924901184,0.24011857707509882,3.1153846153846154,New Orleans Hornets
Greivis Vasquez,2014,2014-15,78,658,277,289,109,0.4209726443768997,0.3771626297577855,0.5037993920972644,0.439209726443769,3.7051282051282053,Toronto Raptors
Greivis Vasquez,2015,2015-16,82,725,296,351,133,0.40827586206896554,0.3789173789173789,0.5,0.48413793103448277,4.280487804878049,Toronto Raptors
Greivis Vasquez,2016,2016-17,23,138,45,73,18,0.32608695652173914,0.2465753424657534,0.391304347826087,0.5289855072463768,3.1739130434782608,Milwaukee Bucks
Greivis Vasquez,2017,2017-18,3,8,2,3,1,0.25,0.3333333333333333,0.3125,0.375,1,Brooklyn Nets
Hamidou Diallo,2019,2019-20,47,165,75,24,4,0.45454545454545453,0.16666666666666666,0.4666666666666667,0.14545454545454545,0.5106382978723404,Oklahoma City Thunder
Hamidou Diallo,2020,2020-21,46,296,132,57,16,0.44594594594594594,0.2807017543859649,0.47297297297297297,0.19256756756756757,1.2391304347826086,Oklahoma City Thunder
Hamidou Diallo,2021,2021-22,52,470,224,82,28,0.4765957446808511,0.34146341463414637,0.5063829787234042,0.17446808510638298,1.5769230769230769,Oklahoma City Thunder
Hamidou Diallo,2022,2022-23,57,526,261,93,23,0.49619771863117873,0.24731182795698925,0.5180608365019012,0.17680608365019013,1.631578947368421,Detroit Pistons
Hamidou Diallo,2023,2023-24,56,375,215,21,5,0.5733333333333334,0.23809523809523808,0.58,0.056,0.375,Detroit Pistons
Hamidou Diallo,2024,2024-25,1,2,1,0,0,0.5,NA,0.5,0,0,Washington Wizards
Harrison Barnes,2013,2013-14,81,628,276,145,52,0.4394904458598726,0.3586206896551724,0.48089171974522293,0.23089171974522293,1.7901234567901234,Golden State Warriors
Harrison Barnes,2014,2014-15,77,679,271,190,66,0.39911634756995584,0.3473684210526316,0.4477172312223859,0.27982326951399117,2.4675324675324677,Golden State Warriors
Harrison Barnes,2015,2015-16,82,656,316,215,87,0.4817073170731707,0.4046511627906977,0.5480182926829268,0.3277439024390244,2.6219512195121952,Golden State Warriors
Harrison Barnes,2016,2016-17,66,633,295,214,82,0.4660347551342812,0.38317757009345793,0.5308056872037915,0.3380726698262243,3.242424242424242,Golden State Warriors
Harrison Barnes,2017,2017-18,79,1279,598,221,77,0.46755277560594216,0.34841628959276016,0.49765441751368256,0.17279124315871774,2.7974683544303796,Dallas Mavericks
Harrison Barnes,2018,2018-19,77,1208,537,333,119,0.4445364238410596,0.35735735735735735,0.49379139072847683,0.27566225165562913,4.324675324675325,Dallas Mavericks
Harrison Barnes,2019,2019-20,77,1027,431,441,174,0.4196689386562804,0.3945578231292517,0.5043816942551119,0.4294060370009737,5.7272727272727275,Dallas Mavericks
Harrison Barnes,2020,2020-21,72,793,365,268,102,0.46027742749054223,0.3805970149253731,0.5245901639344263,0.3379571248423707,3.7222222222222223,Sacramento Kings
Harrison Barnes,2021,2021-22,58,642,319,256,100,0.4968847352024922,0.390625,0.5747663551401869,0.3987538940809969,4.413793103448276,Sacramento Kings
Harrison Barnes,2022,2022-23,77,834,391,360,142,0.46882494004796166,0.39444444444444443,0.5539568345323741,0.4316546762589928,4.675324675324675,Sacramento Kings
Harrison Barnes,2023,2023-24,82,791,374,353,132,0.47281921618204803,0.37393767705382436,0.5562579013906448,0.44627054361567636,4.304878048780488,Sacramento Kings
Harrison Barnes,2024,2024-25,82,732,347,385,149,0.47404371584699456,0.38701298701298703,0.5758196721311475,0.5259562841530054,4.695121951219512,Sacramento Kings
Hassan Whiteside,2015,2015-16,46,387,243,0,0,0.627906976744186,NA,0.627906976744186,0,0,Miami Heat
Hassan Whiteside,2016,2016-17,73,682,413,0,0,0.6055718475073314,NA,0.6055718475073314,0,0,Miami Heat
Hassan Whiteside,2017,2017-18,77,973,542,0,0,0.5570400822199383,NA,0.5570400822199383,0,0,Miami Heat
Hassan Whiteside,2018,2018-19,54,578,312,2,2,0.5397923875432526,1,0.5415224913494809,0.0034602076124567475,0.037037037037037035,Miami Heat
Hassan Whiteside,2019,2019-20,72,680,388,16,2,0.5705882352941176,0.125,0.5720588235294117,0.023529411764705882,0.2222222222222222,Miami Heat
Hassan Whiteside,2020,2020-21,67,702,436,7,4,0.6210826210826211,0.5714285714285714,0.6239316239316239,0.009971509971509971,0.1044776119402985,Portland Trail Blazers
Hassan Whiteside,2021,2021-22,34,224,126,1,0,0.5625,0,0.5625,0.004464285714285714,0.029411764705882353,Sacramento Kings
Hassan Whiteside,2022,2022-23,63,330,215,0,0,0.6515151515151515,NA,0.6515151515151515,0,0,Utah Jazz
Herbert Jones,2022,2022-23,77,576,274,169,57,0.4756944444444444,0.33727810650887574,0.5251736111111112,0.2934027777777778,2.1948051948051948,New Orleans Pelicans
Herbert Jones,2023,2023-24,66,501,235,167,56,0.469061876247505,0.33532934131736525,0.5249500998003992,0.3333333333333333,2.5303030303030303,New Orleans Pelicans
Herbert Jones,2024,2024-25,75,588,293,273,114,0.49829931972789115,0.4175824175824176,0.5952380952380952,0.4642857142857143,3.64,New Orleans Pelicans
Hollis Thompson,2014,2014-15,72,372,171,167,67,0.4596774193548387,0.40119760479041916,0.5497311827956989,0.4489247311827957,2.3194444444444446,Philadelphia 76ers
Hollis Thompson,2015,2015-16,71,543,224,287,115,0.4125230202578269,0.40069686411149824,0.5184162062615101,0.5285451197053407,4.042253521126761,Philadelphia 76ers
Hollis Thompson,2016,2016-17,77,679,270,391,149,0.39764359351988215,0.38107416879795397,0.5073637702503682,0.5758468335787923,5.077922077922078,Philadelphia 76ers
Hollis Thompson,2017,2017-18,40,200,77,95,32,0.385,0.3368421052631579,0.465,0.475,2.375,Philadelphia 76ers
Ian Clark,2014,2014-15,22,67,26,31,11,0.3880597014925373,0.3548387096774194,0.4701492537313433,0.4626865671641791,1.4090909090909092,Utah Jazz
Ian Clark,2015,2015-16,26,55,19,30,10,0.34545454545454546,0.3333333333333333,0.43636363636363634,0.5454545454545454,1.1538461538461537,Utah Jazz
Ian Clark,2016,2016-17,56,201,88,83,29,0.43781094527363185,0.3493975903614458,0.5099502487562189,0.4129353233830846,1.4821428571428572,Golden State Warriors
Ian Clark,2017,2017-18,75,433,211,163,61,0.48729792147806006,0.37423312883435583,0.5577367205542725,0.37644341801385683,2.1733333333333333,Golden State Warriors
Ian Clark,2018,2018-19,73,495,222,195,62,0.4484848484848485,0.31794871794871793,0.5111111111111111,0.3939393939393939,2.671232876712329,New Orleans Pelicans
Ian Clark,2019,2019-20,52,383,151,202,66,0.39425587467362927,0.32673267326732675,0.4804177545691906,0.5274151436031331,3.8846153846153846,New Orleans Pelicans
Ian Mahinmi,2013,2013-14,77,329,149,2,0,0.45288753799392095,0,0.45288753799392095,0.0060790273556231,0.025974025974025976,Indiana Pacers
Ian Mahinmi,2014,2014-15,66,189,91,1,0,0.48148148148148145,0,0.48148148148148145,0.005291005291005291,0.015151515151515152,Indiana Pacers
Ian Mahinmi,2015,2015-16,56,212,117,0,0,0.5518867924528302,NA,0.5518867924528302,0,0,Indiana Pacers
Ian Mahinmi,2016,2016-17,69,448,264,0,0,0.5892857142857143,NA,0.5892857142857143,0,0,Indiana Pacers
Ian Mahinmi,2017,2017-18,28,111,65,0,0,0.5855855855855856,NA,0.5855855855855856,0,0,Washington Wizards
Ian Mahinmi,2018,2018-19,71,248,138,2,0,0.5564516129032258,0,0.5564516129032258,0.008064516129032258,0.028169014084507043,Washington Wizards
Ian Mahinmi,2019,2019-20,33,104,47,16,3,0.4519230769230769,0.1875,0.46634615384615385,0.15384615384615385,0.48484848484848486,Washington Wizards
Ian Mahinmi,2020,2020-21,37,210,104,26,5,0.49523809523809526,0.19230769230769232,0.5071428571428571,0.12380952380952381,0.7027027027027027,Washington Wizards
Iman Shumpert,2013,2013-14,45,275,109,127,51,0.39636363636363636,0.4015748031496063,0.4890909090909091,0.4618181818181818,2.8222222222222224,New York Knicks
Iman Shumpert,2014,2014-15,74,484,183,228,76,0.378099173553719,0.3333333333333333,0.45661157024793386,0.47107438016528924,3.081081081081081,New York Knicks
Iman Shumpert,2015,2015-16,61,471,193,196,67,0.40976645435244163,0.34183673469387754,0.48089171974522293,0.416135881104034,3.2131147540983607,Cleveland Cavaliers
Iman Shumpert,2016,2016-17,54,304,114,145,43,0.375,0.296551724137931,0.4457236842105263,0.4769736842105263,2.685185185185185,Cleveland Cavaliers
Iman Shumpert,2017,2017-18,76,488,200,260,93,0.4098360655737705,0.3576923076923077,0.5051229508196722,0.5327868852459017,3.4210526315789473,Cleveland Cavaliers
Iman Shumpert,2018,2018-19,14,58,22,26,7,0.3793103448275862,0.2692307692307692,0.4396551724137931,0.4482758620689655,1.8571428571428572,Cleveland Cavaliers
Iman Shumpert,2019,2019-20,62,446,167,273,95,0.3744394618834081,0.34798534798534797,0.48094170403587444,0.6121076233183856,4.403225806451613,Sacramento Kings
Iman Shumpert,2020,2020-21,13,64,21,33,8,0.328125,0.24242424242424243,0.390625,0.515625,2.5384615384615383,Brooklyn Nets
Iman Shumpert,2021,2021-22,2,4,1,3,0,0.25,0,0.25,0.75,1.5,Brooklyn Nets
Immanuel Quickley,2021,2021-22,64,580,229,303,118,0.39482758620689656,0.38943894389438943,0.496551724137931,0.5224137931034483,4.734375,New York Knicks
Immanuel Quickley,2022,2022-23,78,724,284,396,137,0.39226519337016574,0.34595959595959597,0.48687845303867405,0.5469613259668509,5.076923076923077,New York Knicks
Immanuel Quickley,2023,2023-24,81,936,419,454,168,0.44764957264957267,0.3700440528634361,0.5373931623931624,0.48504273504273504,5.604938271604938,New York Knicks
Immanuel Quickley,2024,2024-25,68,894,388,433,171,0.43400447427293065,0.394919168591224,0.5296420581655481,0.4843400447427293,6.367647058823529,Toronto Raptors
Isaac Okoro,2021,2021-22,67,559,235,214,62,0.4203935599284436,0.2897196261682243,0.47584973166368516,0.3828264758497317,3.1940298507462686,Cleveland Cavaliers
Isaac Okoro,2022,2022-23,67,431,207,157,55,0.4802784222737819,0.3503184713375796,0.5440835266821346,0.3642691415313225,2.343283582089552,Cleveland Cavaliers
Isaac Okoro,2023,2023-24,74,354,175,171,62,0.4943502824858757,0.36257309941520466,0.5819209039548022,0.4830508474576271,2.310810810810811,Cleveland Cavaliers
Isaac Okoro,2024,2024-25,69,480,235,215,84,0.4895833333333333,0.39069767441860465,0.5770833333333333,0.4479166666666667,3.1159420289855073,Cleveland Cavaliers
Isaiah Canaan,2014,2014-15,18,87,31,55,18,0.3563218390804598,0.32727272727272727,0.45977011494252873,0.632183908045977,3.0555555555555554,Houston Rockets
Isaiah Canaan,2015,2015-16,44,378,146,246,91,0.3862433862433862,0.3699186991869919,0.5066137566137566,0.6507936507936508,5.590909090909091,Philadelphia 76ers
Isaiah Canaan,2016,2016-17,76,722,260,485,176,0.3601108033240997,0.3628865979381443,0.481994459833795,0.6717451523545707,6.381578947368421,Philadelphia 76ers
Isaiah Canaan,2017,2017-18,34,173,63,94,25,0.36416184971098264,0.26595744680851063,0.43641618497109824,0.5433526011560693,2.764705882352941,Chicago Bulls
Isaiah Canaan,2018,2018-19,20,137,52,66,22,0.3795620437956204,0.3333333333333333,0.45985401459854014,0.48175182481751827,3.3,Phoenix Suns
Isaiah Canaan,2019,2019-20,29,164,64,96,34,0.3902439024390244,0.3541666666666667,0.49390243902439024,0.5853658536585366,3.310344827586207,Phoenix Suns
Isaiah Hartenstein,2019,2019-20,18,41,20,6,2,0.4878048780487805,0.3333333333333333,0.5121951219512195,0.14634146341463414,0.3333333333333333,Houston Rockets
Isaiah Hartenstein,2020,2020-21,19,67,44,5,0,0.6567164179104478,0,0.6567164179104478,0.07462686567164178,0.2631578947368421,Houston Rockets
Isaiah Hartenstein,2021,2021-22,40,171,94,6,2,0.5497076023391813,0.3333333333333333,0.5555555555555556,0.03508771929824561,0.15,Cleveland Cavaliers
Isaiah Hartenstein,2022,2022-23,67,366,229,30,14,0.6256830601092896,0.4666666666666667,0.644808743169399,0.08196721311475409,0.44776119402985076,Los Angeles Clippers
Isaiah Hartenstein,2023,2023-24,81,327,175,37,8,0.5351681957186545,0.21621621621621623,0.5474006116207951,0.11314984709480122,0.4567901234567901,New York Knicks
Isaiah Hartenstein,2024,2024-25,74,365,235,3,1,0.6438356164383562,0.3333333333333333,0.6452054794520548,0.00821917808219178,0.04054054054054054,New York Knicks
Isaiah Joe,2021,2021-22,35,133,48,106,39,0.3609022556390977,0.36792452830188677,0.5075187969924813,0.7969924812030075,3.0285714285714285,Philadelphia 76ers
Isaiah Joe,2022,2022-23,50,177,62,135,45,0.3502824858757062,0.3333333333333333,0.4774011299435028,0.7627118644067796,2.7,Philadelphia 76ers
Isaiah Joe,2023,2023-24,69,508,224,394,161,0.4409448818897638,0.4086294416243655,0.5994094488188977,0.7755905511811023,5.7101449275362315,Oklahoma City Thunder
Isaiah Joe,2024,2024-25,77,485,222,353,147,0.4577319587628866,0.4164305949008499,0.6092783505154639,0.7278350515463917,4.584415584415584,Oklahoma City Thunder
Isaiah Stewart,2021,2021-22,68,409,226,63,21,0.5525672371638142,0.3333333333333333,0.578239608801956,0.15403422982885084,0.9264705882352942,Detroit Pistons
Isaiah Stewart,2022,2022-23,70,490,250,46,15,0.5102040816326531,0.32608695652173914,0.5255102040816326,0.09387755102040816,0.6571428571428571,Detroit Pistons
Isaiah Stewart,2023,2023-24,50,441,195,205,67,0.4421768707482993,0.32682926829268294,0.518140589569161,0.46485260770975056,4.1,Detroit Pistons
Isaiah Stewart,2024,2024-25,46,382,186,175,67,0.4869109947643979,0.38285714285714284,0.574607329842932,0.4581151832460733,3.8043478260869565,Detroit Pistons
Isaiah Thomas,2013,2013-14,78,832,366,321,115,0.43990384615384615,0.3582554517133956,0.5090144230769231,0.3858173076923077,4.115384615384615,Sacramento Kings
Isaiah Thomas,2014,2014-15,72,1096,496,364,127,0.45255474452554745,0.3489010989010989,0.510492700729927,0.33211678832116787,5.055555555555555,Sacramento Kings
Isaiah Thomas,2015,2015-16,67,796,335,346,129,0.42085427135678394,0.37283236994219654,0.5018844221105527,0.43467336683417085,5.164179104477612,Phoenix Suns
Isaiah Thomas,2016,2016-17,82,1382,591,465,167,0.4276410998552822,0.35913978494623655,0.4880607814761216,0.33646888567293776,5.670731707317073,Boston Celtics
Isaiah Thomas,2017,2017-18,76,1473,682,646,245,0.46300067888662594,0.37925696594427244,0.5461642905634759,0.43856076035302105,8.5,Boston Celtics
Isaiah Thomas,2018,2018-19,32,421,157,188,55,0.37292161520190026,0.2925531914893617,0.43824228028503565,0.44655581947743467,5.875,Los Angeles Lakers
Isaiah Thomas,2019,2019-20,12,99,34,43,12,0.3434343434343434,0.27906976744186046,0.40404040404040403,0.43434343434343436,3.5833333333333335,Denver Nuggets
Isaiah Thomas,2020,2020-21,40,426,174,189,78,0.4084507042253521,0.4126984126984127,0.5,0.44366197183098594,4.725,Washington Wizards
Isaiah Thomas,2021,2021-22,3,27,9,12,3,0.3333333333333333,0.25,0.3888888888888889,0.4444444444444444,4,New Orleans Pelicans
Isaiah Thomas,2022,2022-23,22,167,67,83,28,0.40119760479041916,0.3373493975903614,0.48502994011976047,0.49700598802395207,3.772727272727273,Charlotte Hornets
Isaiah Thomas,2024,2024-25,5,10,3,4,2,0.3,0.5,0.4,0.4,0.8,Phoenix Suns
Ish Smith,2013,2013-14,41,159,56,27,8,0.3522012578616352,0.2962962962962963,0.37735849056603776,0.16981132075471697,0.6585365853658537,Orlando Magic
Ish Smith,2014,2014-15,60,281,119,23,1,0.4234875444839858,0.043478260869565216,0.42526690391459077,0.08185053380782918,0.38333333333333336,Phoenix Suns
Ish Smith,2015,2015-16,41,367,143,60,18,0.3896457765667575,0.3,0.4141689373297003,0.16348773841961853,1.4634146341463414,Philadelphia 76ers
Ish Smith,2016,2016-17,74,967,397,170,56,0.4105480868665977,0.32941176470588235,0.43950361944157185,0.17580144777662876,2.2972972972972974,Philadelphia 76ers
Ish Smith,2017,2017-18,81,749,329,105,28,0.4392523364485981,0.26666666666666666,0.45794392523364486,0.14018691588785046,1.2962962962962963,Detroit Pistons
Ish Smith,2018,2018-19,82,801,389,101,35,0.48564294631710364,0.3465346534653465,0.5074906367041199,0.12609238451935081,1.2317073170731707,Detroit Pistons
Ish Smith,2019,2019-20,55,489,205,135,44,0.41922290388548056,0.32592592592592595,0.46421267893660534,0.27607361963190186,2.4545454545454546,Detroit Pistons
Ish Smith,2020,2020-21,68,689,308,169,62,0.44702467343976776,0.3668639053254438,0.49201741654571846,0.24528301886792453,2.485294117647059,Washington Wizards
Ish Smith,2021,2021-22,42,297,129,49,18,0.43434343434343436,0.3673469387755102,0.46464646464646464,0.16498316498316498,1.1666666666666667,Washington Wizards
Ish Smith,2022,2022-23,61,430,185,67,25,0.43023255813953487,0.373134328358209,0.45930232558139533,0.1558139534883721,1.098360655737705,Washington Wizards
Ish Smith,2023,2023-24,31,131,52,12,2,0.3969465648854962,0.16666666666666666,0.40458015267175573,0.0916030534351145,0.3870967741935484,Denver Nuggets
Ish Smith,2024,2024-25,39,158,66,8,4,0.4177215189873418,0.5,0.43037974683544306,0.05063291139240506,0.20512820512820512,Charlotte Hornets
Ivica Zubac,2017,2017-18,36,238,126,3,0,0.5294117647058824,0,0.5294117647058824,0.012605042016806723,0.08333333333333333,Los Angeles Lakers
Ivica Zubac,2018,2018-19,33,122,61,1,0,0.5,0,0.5,0.00819672131147541,0.030303030303030304,Los Angeles Lakers
Ivica Zubac,2019,2019-20,57,379,212,0,0,0.5593667546174143,NA,0.5593667546174143,0,0,Los Angeles Lakers
Ivica Zubac,2020,2020-21,72,385,236,2,0,0.612987012987013,0,0.612987012987013,0.005194805194805195,0.027777777777777776,Los Angeles Clippers
Ivica Zubac,2021,2021-22,71,394,257,4,1,0.6522842639593909,0.25,0.6535532994923858,0.01015228426395939,0.056338028169014086,Los Angeles Clippers
Ivica Zubac,2022,2022-23,76,495,310,0,0,0.6262626262626263,NA,0.6262626262626263,0,0,Los Angeles Clippers
Ivica Zubac,2023,2023-24,76,514,326,2,0,0.6342412451361867,0,0.6342412451361867,0.0038910505836575876,0.02631578947368421,LA Clippers
Ivica Zubac,2024,2024-25,68,519,337,0,0,0.649325626204239,NA,0.649325626204239,0,0,LA Clippers
J.J. Barea,2013,2013-14,74,758,316,280,97,0.41688654353562005,0.3464285714285714,0.4808707124010554,0.36939313984168864,3.7837837837837838,Minnesota Timberwolves
J.J. Barea,2014,2014-15,79,656,254,231,73,0.3871951219512195,0.31601731601731603,0.4428353658536585,0.3521341463414634,2.9240506329113924,Minnesota Timberwolves
J.J. Barea,2015,2015-16,77,536,225,167,54,0.4197761194029851,0.32335329341317365,0.4701492537313433,0.31156716417910446,2.168831168831169,Dallas Mavericks
J.J. Barea,2016,2016-17,74,711,317,260,100,0.44585091420534456,0.38461538461538464,0.5161744022503516,0.3656821378340366,3.5135135135135136,Dallas Mavericks
J.J. Barea,2017,2017-18,35,343,142,148,53,0.4139941690962099,0.3581081081081081,0.4912536443148688,0.4314868804664723,4.228571428571429,Dallas Mavericks
J.J. Barea,2018,2018-19,69,690,303,313,115,0.4391304347826087,0.36741214057507987,0.5224637681159421,0.45362318840579713,4.536231884057971,Dallas Mavericks
J.J. Barea,2019,2019-20,38,385,161,128,38,0.41818181818181815,0.296875,0.4675324675324675,0.33246753246753247,3.3684210526315788,Dallas Mavericks
J.J. Barea,2020,2020-21,29,207,85,85,32,0.4106280193236715,0.3764705882352941,0.48792270531400966,0.4106280193236715,2.9310344827586206,Dallas Mavericks
JJ Hickson,2013,2013-14,80,744,418,2,0,0.5618279569892473,0,0.5618279569892473,0.002688172043010753,0.025,Portland Trail Blazers
JJ Hickson,2014,2014-15,69,654,332,8,0,0.5076452599388379,0,0.5076452599388379,0.012232415902140673,0.11594202898550725,Denver Nuggets
JJ Hickson,2015,2015-16,71,459,218,2,0,0.4749455337690632,0,0.4749455337690632,0.004357298474945534,0.028169014084507043,Denver Nuggets
JJ Hickson,2016,2016-17,30,155,80,1,0,0.5161290322580645,0,0.5161290322580645,0.0064516129032258064,0.03333333333333333,Denver Nuggets
JJ Redick,2013,2013-14,78,880,382,451,165,0.4340909090909091,0.36585365853658536,0.5278409090909091,0.5125,5.782051282051282,Orlando Magic
JJ Redick,2014,2014-15,35,398,181,185,73,0.4547738693467337,0.3945945945945946,0.5464824120603015,0.4648241206030151,5.285714285714286,Los Angeles Clippers
JJ Redick,2015,2015-16,78,938,447,458,200,0.47654584221748403,0.4366812227074236,0.5831556503198294,0.488272921108742,5.871794871794871,Los Angeles Clippers
JJ Redick,2016,2016-17,74,872,419,413,197,0.4805045871559633,0.47699757869249393,0.5934633027522935,0.4736238532110092,5.581081081081081,LA Clippers
JJ Redick,2017,2017-18,78,882,389,460,194,0.4410430839002268,0.4217391304347826,0.5510204081632653,0.5215419501133787,5.897435897435898,LA Clippers
JJ Redick,2018,2018-19,70,879,404,460,193,0.459613196814562,0.41956521739130437,0.5693970420932878,0.5233219567690558,6.571428571428571,Philadelphia 76ers
JJ Redick,2019,2019-20,76,1027,452,605,240,0.44011684518013633,0.39669421487603307,0.5569620253164557,0.5890944498539435,7.9605263157894735,Philadelphia 76ers
JJ Redick,2020,2020-21,58,631,286,397,180,0.4532488114104596,0.4534005037783375,0.595879556259905,0.6291600633914421,6.844827586206897,New Orleans Pelicans
JJ Redick,2021,2021-22,44,267,106,178,66,0.3970037453183521,0.3707865168539326,0.5205992509363296,0.6666666666666666,4.045454545454546,New Orleans Pelicans
JR Smith,2013,2013-14,80,1249,527,436,155,0.42193755004003203,0.3555045871559633,0.48398718975180144,0.3490792634107286,5.45,New York Knicks
JR Smith,2014,2014-15,74,955,396,480,189,0.41465968586387436,0.39375,0.5136125654450262,0.5026178010471204,6.486486486486487,New York Knicks
JR Smith,2015,2015-16,70,755,315,426,163,0.41721854304635764,0.3826291079812207,0.5251655629139073,0.5642384105960265,6.085714285714285,Cleveland Cavaliers
JR Smith,2016,2016-17,77,849,352,509,203,0.41460541813898705,0.3988212180746562,0.5341578327444052,0.5995288574793876,6.6103896103896105,Cleveland Cavaliers
JR Smith,2017,2017-18,41,355,123,270,95,0.3464788732394366,0.35185185185185186,0.4802816901408451,0.7605633802816901,6.585365853658536,Cleveland Cavaliers
JR Smith,2018,2018-19,80,595,240,381,143,0.40336134453781514,0.3753280839895013,0.5235294117647059,0.6403361344537815,4.7625,Cleveland Cavaliers
JR Smith,2019,2019-20,10,79,27,39,12,0.34177215189873417,0.3076923076923077,0.4177215189873418,0.4936708860759494,3.9,Cleveland Cavaliers
JR Smith,2020,2020-21,6,22,7,11,1,0.3181818181818182,0.09090909090909091,0.3409090909090909,0.5,1.8333333333333333,Los Angeles Lakers
Ja Morant,2020,2020-21,67,937,447,179,60,0.47705442902881534,0.33519553072625696,0.5090715048025614,0.1910352187833511,2.671641791044776,Memphis Grizzlies
Ja Morant,2021,2021-22,63,957,430,241,73,0.44932079414838033,0.3029045643153527,0.48746081504702193,0.25182863113897597,3.8253968253968256,Memphis Grizzlies
Ja Morant,2022,2022-23,57,1177,580,256,88,0.4927782497875956,0.34375,0.530161427357689,0.21750212404418012,4.491228070175438,Memphis Grizzlies
Ja Morant,2023,2023-24,61,1214,566,300,92,0.46622734761120266,0.30666666666666664,0.5041186161449753,0.2471169686985173,4.918032786885246,Memphis Grizzlies
Ja Morant,2024,2024-25,9,170,80,51,14,0.47058823529411764,0.27450980392156865,0.5117647058823529,0.3,5.666666666666667,Memphis Grizzlies
JaKarr Sampson,2015,2015-16,69,345,146,126,31,0.42318840579710143,0.24603174603174602,0.4681159420289855,0.3652173913043478,1.826086956521739,Philadelphia 76ers
JaKarr Sampson,2016,2016-17,70,316,140,62,14,0.4430379746835443,0.22580645161290322,0.4651898734177215,0.1962025316455696,0.8857142857142857,Philadelphia 76ers
JaKarr Sampson,2018,2018-19,20,81,44,10,5,0.5432098765432098,0.5,0.5740740740740741,0.12345679012345678,0.5,Sacramento Kings
JaKarr Sampson,2019,2019-20,4,54,29,14,5,0.5370370370370371,0.35714285714285715,0.5833333333333334,0.25925925925925924,3.5,Chicago Bulls
JaKarr Sampson,2020,2020-21,29,115,68,13,2,0.591304347826087,0.15384615384615385,0.6,0.11304347826086956,0.4482758620689655,Indiana Pacers
JaKarr Sampson,2021,2021-22,26,113,56,15,3,0.49557522123893805,0.2,0.5088495575221239,0.13274336283185842,0.5769230769230769,Indiana Pacers
JaMychal Green,2015,2015-16,13,47,27,6,0,0.574468085106383,0,0.574468085106383,0.1276595744680851,0.46153846153846156,Memphis Grizzlies
JaMychal Green,2016,2016-17,77,495,230,45,15,0.46464646464646464,0.3333333333333333,0.4797979797979798,0.09090909090909091,0.5844155844155844,Memphis Grizzlies
JaMychal Green,2017,2017-18,77,499,250,144,55,0.501002004008016,0.3819444444444444,0.5561122244488977,0.28857715430861725,1.87012987012987,Memphis Grizzlies
JaMychal Green,2018,2018-19,55,488,223,127,43,0.4569672131147541,0.33858267716535434,0.5010245901639344,0.26024590163934425,2.309090909090909,Memphis Grizzlies
JaMychal Green,2019,2019-20,64,476,230,176,71,0.4831932773109244,0.4034090909090909,0.5577731092436975,0.3697478991596639,2.75,Memphis Grizzlies
JaMychal Green,2020,2020-21,62,352,151,238,92,0.4289772727272727,0.3865546218487395,0.5596590909090909,0.6761363636363636,3.838709677419355,Los Angeles Clippers
JaMychal Green,2021,2021-22,58,374,173,198,79,0.4625668449197861,0.398989898989899,0.5681818181818182,0.5294117647058824,3.413793103448276,Denver Nuggets
JaMychal Green,2022,2022-23,66,327,159,124,33,0.48623853211009177,0.2661290322580645,0.536697247706422,0.37920489296636084,1.878787878787879,Denver Nuggets
JaMychal Green,2023,2023-24,54,252,136,111,42,0.5396825396825397,0.3783783783783784,0.623015873015873,0.44047619047619047,2.0555555555555554,Golden State Warriors
JaVale McGee,2013,2013-14,79,527,303,1,1,0.5749525616698292,1,0.5759013282732448,0.0018975332068311196,0.012658227848101266,Denver Nuggets
JaVale McGee,2014,2014-15,5,38,17,0,0,0.4473684210526316,NA,0.4473684210526316,0,0,Denver Nuggets
JaVale McGee,2015,2015-16,22,79,42,0,0,0.5316455696202531,NA,0.5316455696202531,0,0,Denver Nuggets
JaVale McGee,2016,2016-17,34,134,77,1,0,0.5746268656716418,0,0.5746268656716418,0.007462686567164179,0.029411764705882353,Dallas Mavericks
JaVale McGee,2017,2017-18,72,319,208,3,0,0.6520376175548589,0,0.6520376175548589,0.009404388714733543,0.041666666666666664,Golden State Warriors
JaVale McGee,2018,2018-19,57,219,136,6,0,0.6210045662100456,0,0.6210045662100456,0.0273972602739726,0.10526315789473684,Golden State Warriors
JaVale McGee,2019,2019-20,75,641,400,12,1,0.62402496099844,0.08333333333333333,0.624804992199688,0.0187207488299532,0.16,Los Angeles Lakers
JaVale McGee,2020,2020-21,68,306,195,6,3,0.6372549019607843,0.5,0.6421568627450981,0.0196078431372549,0.08823529411764706,Los Angeles Lakers
JaVale McGee,2021,2021-22,46,282,144,24,5,0.5106382978723404,0.20833333333333334,0.5195035460992907,0.0851063829787234,0.5217391304347826,Cleveland Cavaliers
JaVale McGee,2022,2022-23,74,458,288,9,2,0.62882096069869,0.2222222222222222,0.631004366812227,0.019650655021834062,0.12162162162162163,Phoenix Suns
JaVale McGee,2023,2023-24,39,125,80,5,2,0.64,0.4,0.648,0.04,0.1282051282051282,Dallas Mavericks
JaVale McGee,2024,2024-25,41,132,79,7,1,0.5984848484848485,0.14285714285714285,0.6022727272727273,0.05303030303030303,0.17073170731707318,Sacramento Kings
Jabari Parker,2015,2015-16,25,263,129,16,4,0.49049429657794674,0.25,0.49809885931558934,0.060836501901140684,0.64,Milwaukee Bucks
Jabari Parker,2016,2016-17,76,899,443,35,9,0.492769744160178,0.2571428571428571,0.4977753058954394,0.0389321468298109,0.4605263157894737,Milwaukee Bucks
Jabari Parker,2017,2017-18,51,813,399,177,65,0.4907749077490775,0.3672316384180791,0.5307503075030751,0.2177121771217712,3.4705882352941178,Milwaukee Bucks
Jabari Parker,2018,2018-19,31,332,160,81,31,0.4819277108433735,0.38271604938271603,0.5286144578313253,0.24397590361445784,2.6129032258064515,Milwaukee Bucks
Jabari Parker,2019,2019-20,64,749,369,195,61,0.49265687583444595,0.3128205128205128,0.5333778371161548,0.260347129506008,3.046875,Chicago Bulls
Jabari Parker,2020,2020-21,37,429,219,119,32,0.5104895104895105,0.2689075630252101,0.5477855477855478,0.2773892773892774,3.2162162162162162,Atlanta Hawks
Jabari Parker,2021,2021-22,11,55,30,11,2,0.5454545454545454,0.18181818181818182,0.5636363636363636,0.2,1,Boston Celtics
Jabari Parker,2022,2022-23,10,38,18,16,8,0.47368421052631576,0.5,0.5789473684210527,0.42105263157894735,1.6,Boston Celtics
Jabari Smith Jr.,2023,2023-24,79,892,364,391,120,0.4080717488789238,0.3069053708439898,0.47533632286995514,0.4383408071748879,4.949367088607595,Houston Rockets
Jabari Smith Jr.,2024,2024-25,76,833,378,380,138,0.453781512605042,0.3631578947368421,0.5366146458583433,0.4561824729891957,5,Houston Rockets
Jaden Ivey,2023,2023-24,74,983,409,350,120,0.4160732451678535,0.34285714285714286,0.47711088504577825,0.3560528992878942,4.72972972972973,Detroit Pistons
Jaden Ivey,2024,2024-25,77,973,417,369,124,0.42857142857142855,0.33604336043360433,0.49229188078108943,0.37923946557040084,4.792207792207792,Detroit Pistons
Jaden McDaniels,2021,2021-22,63,367,164,198,72,0.44686648501362397,0.36363636363636365,0.5449591280653951,0.5395095367847411,3.142857142857143,Minnesota Timberwolves
Jaden McDaniels,2022,2022-23,70,554,255,252,80,0.4602888086642599,0.31746031746031744,0.5324909747292419,0.4548736462093863,3.6,Minnesota Timberwolves
Jaden McDaniels,2023,2023-24,79,716,370,269,107,0.5167597765363129,0.39776951672862454,0.5914804469273743,0.3756983240223464,3.4050632911392404,Minnesota Timberwolves
Jaden McDaniels,2024,2024-25,72,628,307,255,86,0.4888535031847134,0.33725490196078434,0.5573248407643312,0.40605095541401276,3.5416666666666665,Minnesota Timberwolves
Jae Crowder,2013,2013-14,73,367,141,192,63,0.38419618528610355,0.328125,0.47002724795640327,0.5231607629427792,2.6301369863013697,Dallas Mavericks
Jae Crowder,2014,2014-15,70,296,130,151,50,0.4391891891891892,0.33112582781456956,0.5236486486486487,0.5101351351351351,2.157142857142857,Dallas Mavericks
Jae Crowder,2015,2015-16,77,544,229,207,61,0.4209558823529412,0.2946859903381642,0.47702205882352944,0.3805147058823529,2.688311688311688,Boston Celtics
Jae Crowder,2016,2016-17,73,812,360,362,122,0.4433497536945813,0.3370165745856354,0.5184729064039408,0.4458128078817734,4.958904109589041,Boston Celtics
Jae Crowder,2017,2017-18,72,720,333,394,157,0.4625,0.39847715736040606,0.5715277777777777,0.5472222222222223,5.472222222222222,Boston Celtics
Jae Crowder,2018,2018-19,80,671,271,341,110,0.4038748137108793,0.3225806451612903,0.4858420268256334,0.5081967213114754,4.2625,Cleveland Cavaliers
Jae Crowder,2019,2019-20,80,797,318,522,173,0.3989962358845671,0.3314176245210728,0.5075282308657465,0.6549560853199499,6.525,Utah Jazz
Jae Crowder,2020,2020-21,65,563,226,394,135,0.40142095914742454,0.3426395939086294,0.5213143872113677,0.6998223801065719,6.061538461538461,Memphis Grizzlies
Jae Crowder,2021,2021-22,60,492,199,380,148,0.40447154471544716,0.3894736842105263,0.5548780487804879,0.7723577235772358,6.333333333333333,Phoenix Suns
Jae Crowder,2022,2022-23,67,544,217,365,127,0.39889705882352944,0.34794520547945207,0.515625,0.6709558823529411,5.447761194029851,Phoenix Suns
Jae Crowder,2023,2023-24,18,94,45,55,24,0.4787234042553192,0.43636363636363634,0.6063829787234043,0.5851063829787234,3.0555555555555554,Milwaukee Bucks
Jae Crowder,2024,2024-25,49,270,114,166,58,0.4222222222222222,0.3493975903614458,0.5296296296296297,0.6148148148148148,3.3877551020408165,Milwaukee Bucks
Jae'Sean Tate,2021,2021-22,70,625,316,195,60,0.5056,0.3076923076923077,0.5536,0.312,2.7857142857142856,Houston Rockets
Jae'Sean Tate,2022,2022-23,78,729,363,202,63,0.49794238683127573,0.3118811881188119,0.5411522633744856,0.27709190672153633,2.58974358974359,Houston Rockets
Jae'Sean Tate,2023,2023-24,31,229,110,46,13,0.48034934497816595,0.2826086956521739,0.5087336244541485,0.20087336244541484,1.4838709677419355,Houston Rockets
Jae'Sean Tate,2024,2024-25,60,229,108,77,23,0.47161572052401746,0.2987012987012987,0.5218340611353712,0.33624454148471616,1.2833333333333334,Houston Rockets
Jahlil Okafor,2016,2016-17,53,781,397,6,1,0.5083226632522407,0.16666666666666666,0.5089628681177977,0.0076824583866837385,0.11320754716981132,Philadelphia 76ers
Jahlil Okafor,2017,2017-18,50,471,242,0,0,0.5138004246284501,NA,0.5138004246284501,0,0,Philadelphia 76ers
Jahlil Okafor,2018,2018-19,27,138,77,4,1,0.5579710144927537,0.25,0.5615942028985508,0.028985507246376812,0.14814814814814814,Brooklyn Nets
Jahlil Okafor,2019,2019-20,50,362,212,5,1,0.585635359116022,0.2,0.5870165745856354,0.013812154696132596,0.1,New Orleans Pelicans
Jahlil Okafor,2020,2020-21,28,162,101,3,1,0.6234567901234568,0.3333333333333333,0.6265432098765432,0.018518518518518517,0.10714285714285714,New Orleans Pelicans
Jahlil Okafor,2021,2021-22,26,102,63,9,2,0.6176470588235294,0.2222222222222222,0.6274509803921569,0.08823529411764706,0.34615384615384615,Detroit Pistons
Jakob Poeltl,2017,2017-18,44,115,67,0,0,0.5826086956521739,NA,0.5826086956521739,0,0,Toronto Raptors
Jakob Poeltl,2018,2018-19,81,384,253,2,1,0.6588541666666666,0.5,0.66015625,0.005208333333333333,0.024691358024691357,Toronto Raptors
Jakob Poeltl,2019,2019-20,71,290,187,0,0,0.6448275862068965,NA,0.6448275862068965,0,0,San Antonio Spurs
Jakob Poeltl,2020,2020-21,64,266,166,0,0,0.6240601503759399,NA,0.6240601503759399,0,0,San Antonio Spurs
Jakob Poeltl,2021,2021-22,69,430,265,0,0,0.6162790697674418,NA,0.6162790697674418,0,0,San Antonio Spurs
Jakob Poeltl,2022,2022-23,68,663,410,1,1,0.6184012066365008,1,0.6191553544494721,0.0015082956259426848,0.014705882352941176,San Antonio Spurs
Jakob Poeltl,2023,2023-24,72,618,389,1,0,0.6294498381877023,0,0.6294498381877023,0.0016181229773462784,0.013888888888888888,San Antonio Spurs
Jakob Poeltl,2024,2024-25,50,378,248,0,0,0.656084656084656,NA,0.656084656084656,0,0,Toronto Raptors
Jalen Brunson,2019,2019-20,68,565,264,181,63,0.4672566371681416,0.34806629834254144,0.5230088495575221,0.32035398230088497,2.661764705882353,Dallas Mavericks
Jalen Brunson,2020,2020-21,57,388,181,120,43,0.46649484536082475,0.35833333333333334,0.5219072164948454,0.30927835051546393,2.1052631578947367,Dallas Mavericks
Jalen Brunson,2021,2021-22,68,627,328,200,81,0.5231259968102073,0.405,0.5877192982456141,0.3189792663476874,2.9411764705882355,Dallas Mavericks
Jalen Brunson,2022,2022-23,79,1008,506,252,94,0.501984126984127,0.373015873015873,0.5486111111111112,0.25,3.189873417721519,Dallas Mavericks
Jalen Brunson,2023,2023-24,68,1195,587,322,134,0.49121338912133894,0.4161490683229814,0.5472803347280335,0.2694560669456067,4.735294117647059,New York Knicks
Jalen Brunson,2024,2024-25,77,1648,790,526,211,0.47936893203883496,0.4011406844106464,0.5433859223300971,0.3191747572815534,6.8311688311688314,New York Knicks
Jalen Green,2022,2022-23,67,954,406,458,157,0.42557651991614254,0.34279475982532753,0.5078616352201258,0.480083857442348,6.835820895522388,Houston Rockets
Jalen Green,2023,2023-24,76,1359,566,554,187,0.41648270787343633,0.33754512635379064,0.4852832965415747,0.40765268579838115,7.2894736842105265,Houston Rockets
Jalen Green,2024,2024-25,82,1332,563,605,201,0.42267267267267267,0.3322314049586777,0.4981231231231231,0.4542042042042042,7.378048780487805,Houston Rockets
Jalen Johnson,2022,2022-23,14,41,22,13,3,0.5365853658536586,0.23076923076923078,0.573170731707317,0.3170731707317073,0.9285714285714286,Atlanta Hawks
Jalen Johnson,2023,2023-24,67,322,158,104,30,0.4906832298136646,0.28846153846153844,0.5372670807453416,0.32298136645962733,1.5522388059701493,Atlanta Hawks
Jalen Johnson,2024,2024-25,56,702,359,200,71,0.5113960113960114,0.355,0.561965811965812,0.2849002849002849,3.5714285714285716,Atlanta Hawks
Jalen McDaniels,2020,2020-21,15,70,33,24,9,0.4714285714285714,0.375,0.5357142857142857,0.34285714285714286,1.6,Charlotte Hornets
Jalen McDaniels,2021,2021-22,46,284,133,105,35,0.46830985915492956,0.3333333333333333,0.5299295774647887,0.36971830985915494,2.282608695652174,Charlotte Hornets
Jalen McDaniels,2022,2022-23,51,254,123,108,41,0.484251968503937,0.37962962962962965,0.5649606299212598,0.4251968503937008,2.1176470588235294,Charlotte Hornets
Jalen McDaniels,2023,2023-24,79,617,281,232,77,0.4554294975688817,0.33189655172413796,0.5178282009724473,0.3760129659643436,2.9367088607594938,Charlotte Hornets
Jalen McDaniels,2024,2024-25,46,189,65,71,12,0.3439153439153439,0.16901408450704225,0.37566137566137564,0.37566137566137564,1.5434782608695652,Toronto Raptors
Jalen Smith,2021,2021-22,20,50,22,17,4,0.44,0.23529411764705882,0.48,0.34,0.85,Phoenix Suns
Jalen Smith,2022,2022-23,47,350,176,122,40,0.5028571428571429,0.32786885245901637,0.56,0.3485714285714286,2.595744680851064,Indiana Pacers
Jalen Smith,2023,2023-24,68,508,242,191,54,0.4763779527559055,0.28272251308900526,0.5295275590551181,0.37598425196850394,2.8088235294117645,Indiana Pacers
Jalen Smith,2024,2024-25,61,395,234,144,61,0.5924050632911393,0.4236111111111111,0.669620253164557,0.36455696202531646,2.360655737704918,Indiana Pacers
Jalen Suggs,2022,2022-23,48,548,198,196,42,0.3613138686131387,0.21428571428571427,0.39963503649635035,0.35766423357664234,4.083333333333333,Orlando Magic
Jalen Suggs,2023,2023-24,53,444,186,202,66,0.4189189189189189,0.32673267326732675,0.49324324324324326,0.45495495495495497,3.811320754716981,Orlando Magic
Jalen Suggs,2024,2024-25,75,714,336,385,153,0.47058823529411764,0.3974025974025974,0.5777310924369747,0.5392156862745098,5.133333333333334,Orlando Magic
Jalen Williams,2023,2023-24,75,794,414,205,73,0.5214105793450882,0.35609756097560974,0.5673803526448362,0.25818639798488663,2.7333333333333334,Oklahoma City Thunder
Jalen Williams,2024,2024-25,71,993,536,241,103,0.5397784491440081,0.42738589211618255,0.5916414904330313,0.24269889224572003,3.3943661971830985,Oklahoma City Thunder
Jamal Crawford,2013,2013-14,76,1015,445,395,149,0.43842364532019706,0.37721518987341773,0.5118226600985222,0.3891625615763547,5.197368421052632,Los Angeles Clippers
Jamal Crawford,2014,2014-15,69,1008,420,443,160,0.4166666666666667,0.3611738148984199,0.49603174603174605,0.439484126984127,6.420289855072464,Los Angeles Clippers
Jamal Crawford,2015,2015-16,64,839,332,364,119,0.3957091775923719,0.3269230769230769,0.466626936829559,0.433849821215733,5.6875,Los Angeles Clippers
Jamal Crawford,2016,2016-17,79,935,378,340,116,0.4042780748663102,0.3411764705882353,0.4663101604278075,0.36363636363636365,4.30379746835443,LA Clippers
Jamal Crawford,2017,2017-18,82,867,358,319,115,0.4129181084198385,0.3605015673981191,0.47923875432525953,0.3679354094579008,3.8902439024390243,LA Clippers
Jamal Crawford,2018,2018-19,80,742,308,314,104,0.41509433962264153,0.33121019108280253,0.48517520215633425,0.42318059299191374,3.925,Minnesota Timberwolves
Jamal Crawford,2019,2019-20,60,438,174,202,67,0.3972602739726027,0.3316831683168317,0.4737442922374429,0.4611872146118721,3.3666666666666667,Phoenix Suns
Jamal Crawford,2020,2020-21,1,4,2,2,1,0.5,0.5,0.625,0.5,2,Brooklyn Nets
Jamal Murray,2017,2017-18,81,728,295,342,115,0.4052197802197802,0.3362573099415205,0.4842032967032967,0.4697802197802198,4.222222222222222,Denver Nuggets
Jamal Murray,2018,2018-19,81,1062,479,436,165,0.4510357815442561,0.37844036697247707,0.5287193973634652,0.4105461393596987,5.382716049382716,Denver Nuggets
Jamal Murray,2019,2019-20,75,1173,513,414,152,0.4373401534526854,0.3671497584541063,0.5021312872975278,0.35294117647058826,5.52,Denver Nuggets
Jamal Murray,2020,2020-21,59,894,408,324,112,0.4563758389261745,0.345679012345679,0.5190156599552572,0.3624161073825503,5.491525423728813,Denver Nuggets
Jamal Murray,2021,2021-22,48,792,378,316,129,0.4772727272727273,0.40822784810126583,0.5587121212121212,0.398989898989899,6.583333333333333,Denver Nuggets
Jamal Murray,2023,2023-24,65,1041,473,432,172,0.4543707973102786,0.39814814814814814,0.5369836695485111,0.414985590778098,6.6461538461538465,Denver Nuggets
Jamal Murray,2024,2024-25,59,986,474,341,145,0.48073022312373226,0.4252199413489736,0.5542596348884381,0.345841784989858,5.779661016949152,Denver Nuggets
Jameer Nelson,2013,2013-14,56,780,306,355,121,0.3923076923076923,0.3408450704225352,0.46987179487179487,0.4551282051282051,6.339285714285714,Orlando Magic
Jameer Nelson,2014,2014-15,68,746,293,390,135,0.39276139410187666,0.34615384615384615,0.4832439678284182,0.5227882037533512,5.735294117647059,Orlando Magic
Jameer Nelson,2015,2015-16,63,504,205,258,89,0.40674603174603174,0.3449612403100775,0.49503968253968256,0.5119047619047619,4.095238095238095,Denver Nuggets
Jameer Nelson,2016,2016-17,39,307,113,144,43,0.36807817589576547,0.2986111111111111,0.4381107491856677,0.46905537459283386,3.6923076923076925,Denver Nuggets
Jameer Nelson,2017,2017-18,75,603,268,272,106,0.4444444444444444,0.3897058823529412,0.5323383084577115,0.45107794361525705,3.6266666666666665,Denver Nuggets
Jameer Nelson,2018,2018-19,50,244,95,124,41,0.38934426229508196,0.33064516129032256,0.4733606557377049,0.5081967213114754,2.48,New Orleans Pelicans
James Anderson,2013,2013-14,30,126,52,60,21,0.4126984126984127,0.35,0.49603174603174605,0.47619047619047616,2,Houston Rockets
James Anderson,2014,2014-15,80,716,309,350,115,0.43156424581005587,0.32857142857142857,0.5118715083798883,0.4888268156424581,4.375,Philadelphia 76ers
James Anderson,2016,2016-17,39,178,67,86,23,0.37640449438202245,0.26744186046511625,0.4410112359550562,0.48314606741573035,2.2051282051282053,Sacramento Kings
James Ennis III,2015,2015-16,56,247,101,95,31,0.4089068825910931,0.3263157894736842,0.4716599190283401,0.38461538461538464,1.6964285714285714,Miami Heat
James Ennis III,2016,2016-17,16,112,54,57,26,0.48214285714285715,0.45614035087719296,0.5982142857142857,0.5089285714285714,3.5625,New Orleans Pelicans
James Ennis III,2017,2017-18,61,320,145,136,50,0.453125,0.36764705882352944,0.53125,0.425,2.2295081967213113,Memphis Grizzlies
James Ennis III,2018,2018-19,72,384,182,153,51,0.4739583333333333,0.3333333333333333,0.5403645833333334,0.3984375,2.125,Memphis Grizzlies
James Ennis III,2019,2019-20,57,294,138,156,55,0.46938775510204084,0.3525641025641026,0.5629251700680272,0.5306122448979592,2.736842105263158,Houston Rockets
James Ennis III,2020,2020-21,67,359,160,169,55,0.4456824512534819,0.3254437869822485,0.5222841225626741,0.47075208913649025,2.5223880597014925,Philadelphia 76ers
James Ennis III,2021,2021-22,41,243,115,104,45,0.4732510288065844,0.4326923076923077,0.565843621399177,0.4279835390946502,2.5365853658536586,Orlando Magic
James Ennis III,2022,2022-23,6,24,11,8,3,0.4583333333333333,0.375,0.5208333333333334,0.3333333333333333,1.3333333333333333,Los Angeles Clippers
James Harden,2013,2013-14,78,1337,585,486,179,0.43754674644727,0.3683127572016461,0.5044876589379207,0.36350037397157814,6.230769230769231,Houston Rockets
James Harden,2014,2014-15,73,1205,549,483,177,0.45560165975103734,0.36645962732919257,0.529045643153527,0.4008298755186722,6.616438356164384,Houston Rockets
James Harden,2015,2015-16,81,1470,647,555,208,0.44013605442176873,0.3747747747747748,0.5108843537414965,0.37755102040816324,6.851851851851852,Houston Rockets
James Harden,2016,2016-17,82,1617,710,657,236,0.4390847247990105,0.3592085235920852,0.5120593692022264,0.40630797773654914,8.012195121951219,Houston Rockets
James Harden,2017,2017-18,81,1531,674,754,262,0.4402351404310908,0.34748010610079577,0.5258001306335728,0.4924885695623775,9.308641975308642,Houston Rockets
James Harden,2018,2018-19,72,1449,651,722,265,0.4492753623188406,0.3670360110803324,0.5407177363699103,0.49827467218771565,10.027777777777779,Houston Rockets
James Harden,2019,2019-20,78,1909,843,1028,378,0.4415924567836564,0.36770428015564205,0.5405971712938711,0.5385018334206391,13.179487179487179,Houston Rockets
James Harden,2020,2020-21,68,1514,672,843,299,0.4438573315719947,0.35468564650059314,0.5426023778071334,0.5568031704095112,12.397058823529411,Houston Rockets
James Harden,2021,2021-22,44,734,342,334,121,0.4659400544959128,0.36227544910179643,0.5483651226158038,0.4550408719346049,7.590909090909091,Brooklyn Nets
James Harden,2022,2022-23,65,992,407,448,148,0.4102822580645161,0.33035714285714285,0.4848790322580645,0.45161290322580644,6.892307692307693,Brooklyn Nets
James Harden,2023,2023-24,58,842,371,418,161,0.44061757719714967,0.38516746411483255,0.5362232779097387,0.49643705463182897,7.206896551724138,Philadelphia 76ers
James Harden,2024,2024-25,72,822,352,488,186,0.4282238442822384,0.38114754098360654,0.5413625304136253,0.5936739659367397,6.777777777777778,LA Clippers
James Johnson,2013,2013-14,52,283,117,21,2,0.4134275618374558,0.09523809523809523,0.4169611307420495,0.07420494699646643,0.40384615384615385,Sacramento Kings
James Johnson,2014,2014-15,47,308,143,87,22,0.4642857142857143,0.25287356321839083,0.5,0.2824675324675325,1.851063829787234,Memphis Grizzlies
James Johnson,2015,2015-16,66,404,238,51,11,0.5891089108910891,0.21568627450980393,0.6027227722772277,0.12623762376237624,0.7727272727272727,Toronto Raptors
James Johnson,2016,2016-17,51,240,114,66,20,0.475,0.30303030303030304,0.5166666666666667,0.275,1.2941176470588236,Toronto Raptors
James Johnson,2017,2017-18,76,768,368,255,87,0.4791666666666667,0.3411764705882353,0.5358072916666666,0.33203125,3.3552631578947367,Miami Heat
James Johnson,2018,2018-19,73,614,309,185,57,0.503257328990228,0.3081081081081081,0.5496742671009772,0.30130293159609123,2.5342465753424657,Miami Heat
James Johnson,2019,2019-20,54,379,164,149,50,0.43271767810026385,0.33557046979865773,0.49868073878627966,0.39313984168865435,2.759259259259259,Miami Heat
James Johnson,2020,2020-21,30,215,103,91,33,0.4790697674418605,0.3626373626373626,0.5558139534883721,0.4232558139534884,3.033333333333333,Minnesota Timberwolves
James Johnson,2021,2021-22,47,327,146,120,31,0.44648318042813456,0.25833333333333336,0.4938837920489297,0.3669724770642202,2.5531914893617023,New Orleans Pelicans
James Johnson,2022,2022-23,60,307,144,85,23,0.46905537459283386,0.27058823529411763,0.506514657980456,0.2768729641693811,1.4166666666666667,Brooklyn Nets
James Johnson,2023,2023-24,14,49,22,15,3,0.4489795918367347,0.2,0.47959183673469385,0.30612244897959184,1.0714285714285714,Indiana Pacers
James Johnson,2024,2024-25,6,10,3,2,0,0.3,0,0.3,0.2,0.3333333333333333,Indiana Pacers
James Wiseman,2021,2021-22,39,368,191,38,12,0.5190217391304348,0.3157894736842105,0.5353260869565217,0.10326086956521739,0.9743589743589743,Golden State Warriors
James Wiseman,2023,2023-24,43,339,189,20,4,0.5575221238938053,0.2,0.5634218289085545,0.058997050147492625,0.46511627906976744,Detroit Pistons
James Wiseman,2024,2024-25,61,305,187,2,0,0.6131147540983607,0,0.6131147540983607,0.006557377049180328,0.03278688524590164,Detroit Pistons
Jared Dudley,2013,2013-14,79,669,313,271,106,0.4678624813153961,0.39114391143911437,0.547085201793722,0.40508221225710017,3.430379746835443,Phoenix Suns
Jared Dudley,2014,2014-15,73,446,196,224,81,0.43946188340807174,0.36160714285714285,0.5302690582959642,0.5022421524663677,3.0684931506849313,Los Angeles Clippers
Jared Dudley,2015,2015-16,71,423,198,192,74,0.46808510638297873,0.3854166666666667,0.5555555555555556,0.45390070921985815,2.704225352112676,Milwaukee Bucks
Jared Dudley,2016,2016-17,81,487,233,238,100,0.4784394250513347,0.42016806722689076,0.5811088295687885,0.4887063655030801,2.9382716049382718,Washington Wizards
Jared Dudley,2017,2017-18,62,345,157,202,77,0.45507246376811594,0.3811881188118812,0.5666666666666667,0.5855072463768116,3.2580645161290325,Phoenix Suns
Jared Dudley,2018,2018-19,40,122,48,80,29,0.39344262295081966,0.3625,0.5122950819672131,0.6557377049180327,2,Phoenix Suns
Jared Dudley,2019,2019-20,55,239,101,151,53,0.4225941422594142,0.3509933774834437,0.5334728033472803,0.6317991631799164,2.7454545454545456,Brooklyn Nets
Jared Dudley,2020,2020-21,26,60,24,42,18,0.4,0.42857142857142855,0.55,0.7,1.6153846153846154,Los Angeles Lakers
Jared Dudley,2021,2021-22,5,9,2,6,2,0.2222222222222222,0.3333333333333333,0.3333333333333333,0.6666666666666666,1.2,Los Angeles Lakers
Jared Sullinger,2013,2013-14,42,225,111,5,1,0.49333333333333335,0.2,0.4955555555555556,0.022222222222222223,0.11904761904761904,Boston Celtics
Jared Sullinger,2014,2014-15,74,899,384,208,56,0.4271412680756396,0.2692307692307692,0.4582869855394883,0.23136818687430477,2.810810810810811,Boston Celtics
Jared Sullinger,2015,2015-16,58,708,311,184,52,0.4392655367231638,0.2826086956521739,0.4759887005649718,0.2598870056497175,3.1724137931034484,Boston Celtics
Jared Sullinger,2016,2016-17,81,806,351,103,29,0.43548387096774194,0.2815533980582524,0.45347394540942926,0.12779156327543426,1.271604938271605,Boston Celtics
Jared Sullinger,2017,2017-18,9,47,15,18,3,0.3191489361702128,0.16666666666666666,0.35106382978723405,0.3829787234042553,2,Toronto Raptors
Jaren Jackson Jr.,2019,2019-20,58,589,298,142,51,0.5059422750424448,0.3591549295774648,0.5492359932088285,0.24108658743633277,2.4482758620689653,Memphis Grizzlies
Jaren Jackson Jr.,2020,2020-21,57,753,353,368,145,0.46879150066401065,0.39402173913043476,0.5650730411686588,0.48871181938911024,6.456140350877193,Memphis Grizzlies
Jaren Jackson Jr.,2021,2021-22,11,125,53,60,17,0.424,0.2833333333333333,0.492,0.48,5.454545454545454,Memphis Grizzlies
Jaren Jackson Jr.,2022,2022-23,78,1036,430,401,128,0.41505791505791506,0.3192019950124688,0.4768339768339768,0.38706563706563707,5.141025641025641,Memphis Grizzlies
Jaren Jackson Jr.,2023,2023-24,63,822,416,282,100,0.5060827250608273,0.3546099290780142,0.5669099756690997,0.34306569343065696,4.476190476190476,Memphis Grizzlies
Jaren Jackson Jr.,2024,2024-25,66,1161,516,366,117,0.4444444444444444,0.319672131147541,0.49483204134366926,0.3152454780361757,5.545454545454546,Memphis Grizzlies
Jarred Vanderbilt,2019,2019-20,10,19,9,1,0,0.47368421052631576,0,0.47368421052631576,0.05263157894736842,0.1,Denver Nuggets
Jarred Vanderbilt,2020,2020-21,6,8,5,1,0,0.625,0,0.625,0.125,0.16666666666666666,Denver Nuggets
Jarred Vanderbilt,2021,2021-22,59,236,143,5,1,0.6059322033898306,0.2,0.6080508474576272,0.0211864406779661,0.0847457627118644,Minnesota Timberwolves
Jarred Vanderbilt,2022,2022-23,72,361,212,14,2,0.5872576177285319,0.14285714285714285,0.590027700831025,0.038781163434903045,0.19444444444444445,Minnesota Timberwolves
Jarred Vanderbilt,2023,2023-24,78,451,247,90,29,0.5476718403547672,0.32222222222222224,0.5798226164079823,0.19955654101995565,1.1538461538461537,Utah Jazz
Jarred Vanderbilt,2024,2024-25,27,114,59,27,8,0.5175438596491229,0.2962962962962963,0.5526315789473685,0.23684210526315788,1,Los Angeles Lakers
Jarrett Allen,2018,2018-19,70,397,234,15,5,0.5894206549118388,0.3333333333333333,0.5957178841309824,0.037783375314861464,0.21428571428571427,Brooklyn Nets
Jarrett Allen,2019,2019-20,80,568,335,45,6,0.5897887323943662,0.13333333333333333,0.5950704225352113,0.07922535211267606,0.5625,Brooklyn Nets
Jarrett Allen,2020,2020-21,70,465,302,6,0,0.6494623655913978,0,0.6494623655913978,0.012903225806451613,0.08571428571428572,Brooklyn Nets
Jarrett Allen,2021,2021-22,63,482,298,19,6,0.6182572614107884,0.3157894736842105,0.6244813278008299,0.03941908713692946,0.30158730158730157,Cleveland Cavaliers
Jarrett Allen,2022,2022-23,56,545,369,10,1,0.6770642201834862,0.1,0.6779816513761467,0.01834862385321101,0.17857142857142858,Cleveland Cavaliers
Jarrett Allen,2023,2023-24,67,626,403,10,1,0.6437699680511182,0.1,0.6445686900958466,0.01597444089456869,0.14925373134328357,Cleveland Cavaliers
Jarrett Allen,2024,2024-25,77,819,519,6,0,0.6336996336996337,0,0.6336996336996337,0.007326007326007326,0.07792207792207792,Cleveland Cavaliers
Jarrett Jack,2013,2013-14,79,857,387,203,82,0.4515752625437573,0.4039408866995074,0.49941656942823803,0.23687281213535588,2.569620253164557,Golden State Warriors
Jarrett Jack,2014,2014-15,80,698,286,185,63,0.40974212034383956,0.34054054054054056,0.45487106017191975,0.26504297994269344,2.3125,Cleveland Cavaliers
Jarrett Jack,2015,2015-16,80,817,359,146,39,0.4394124847001224,0.2671232876712329,0.46328029375764995,0.17870257037943696,1.825,Brooklyn Nets
Jarrett Jack,2016,2016-17,32,358,140,102,31,0.39106145251396646,0.30392156862745096,0.43435754189944137,0.2849162011173184,3.1875,Brooklyn Nets
Jarrett Jack,2017,2017-18,1,3,2,1,0,0.6666666666666666,0,0.6666666666666666,0.3333333333333333,1,New Orleans Pelicans
Jarrett Jack,2018,2018-19,62,443,189,86,25,0.42663656884875845,0.29069767441860467,0.4548532731376975,0.19413092550790068,1.3870967741935485,New York Knicks
Jason Smith,2013,2013-14,50,341,167,4,0,0.4897360703812317,0,0.4897360703812317,0.011730205278592375,0.08,New Orleans Hornets
Jason Smith,2014,2014-15,31,282,131,0,0,0.4645390070921986,NA,0.4645390070921986,0,0,New Orleans Pelicans
Jason Smith,2015,2015-16,82,592,257,42,15,0.4341216216216216,0.35714285714285715,0.4467905405405405,0.07094594594594594,0.5121951219512195,New York Knicks
Jason Smith,2016,2016-17,75,503,244,16,4,0.4850894632206759,0.25,0.48906560636182905,0.03180914512922465,0.21333333333333335,Orlando Magic
Jason Smith,2017,2017-18,73,328,173,77,36,0.5274390243902439,0.4675324675324675,0.5823170731707317,0.2347560975609756,1.0547945205479452,Washington Wizards
Jason Smith,2018,2018-19,31,115,45,32,4,0.391304347826087,0.125,0.40869565217391307,0.2782608695652174,1.032258064516129,Washington Wizards
Jason Smith,2019,2019-20,19,59,21,26,9,0.3559322033898305,0.34615384615384615,0.4322033898305085,0.4406779661016949,1.368421052631579,Washington Wizards
Jason Terry,2013,2013-14,79,647,281,330,123,0.43431221020092736,0.37272727272727274,0.5293663060278208,0.5100463678516228,4.177215189873418,Boston Celtics
Jason Terry,2014,2014-15,33,152,55,103,39,0.3618421052631579,0.3786407766990291,0.4901315789473684,0.6776315789473685,3.121212121212121,Brooklyn Nets
Jason Terry,2015,2015-16,77,446,188,323,126,0.42152466367713004,0.39009287925696595,0.5627802690582959,0.7242152466367713,4.194805194805195,Houston Rockets
Jason Terry,2016,2016-17,71,374,151,259,93,0.4037433155080214,0.3590733590733591,0.5280748663101604,0.6925133689839572,3.647887323943662,Houston Rockets
Jason Terry,2017,2017-18,72,241,104,169,72,0.4315352697095436,0.4260355029585799,0.5809128630705395,0.70124481327800825,2.3472222222222223,Milwaukee Bucks
Jason Terry,2018,2018-19,45,154,59,115,40,0.38311688311688313,0.34782608695652173,0.512987012987013,0.7467532467532467,2.5555555555555554,Milwaukee Bucks
Jason Thompson,2013,2013-14,82,745,374,3,0,0.5020134228187919,0,0.5020134228187919,0.004026845637583893,0.036585365853658534,Sacramento Kings
Jason Thompson,2014,2014-15,81,496,251,0,0,0.5060483870967742,NA,0.5060483870967742,0,0,Sacramento Kings
Jason Thompson,2015,2015-16,80,428,201,1,0,0.4696261682242991,0,0.4696261682242991,0.002336448598130841,0.0125,Sacramento Kings
Jason Thompson,2016,2016-17,37,108,52,15,5,0.48148148148148145,0.3333333333333333,0.5046296296296297,0.1388888888888889,0.40540540540540543,Toronto Raptors
Jaxson Hayes,2020,2020-21,61,259,174,4,1,0.6718146718146718,0.25,0.6737451737451737,0.015444015444015444,0.06557377049180328,New Orleans Pelicans
Jaxson Hayes,2021,2021-22,56,280,175,14,6,0.625,0.42857142857142855,0.6357142857142857,0.05,0.25,New Orleans Pelicans
Jaxson Hayes,2022,2022-23,70,398,245,57,20,0.6155778894472361,0.3508771929824561,0.6407035175879398,0.14321608040201006,0.8142857142857143,New Orleans Pelicans
Jaxson Hayes,2023,2023-24,42,156,86,29,3,0.5512820512820513,0.10344827586206896,0.5608974358974359,0.1858974358974359,0.6904761904761905,New Orleans Pelicans
Jaxson Hayes,2024,2024-25,57,175,126,8,0,0.72,0,0.72,0.045714285714285714,0.14035087719298245,Los Angeles Lakers
Jaylen Brown,2017,2017-18,76,422,192,134,46,0.4549763033175355,0.34328358208955223,0.509478672985782,0.3175355450236967,1.763157894736842,Boston Celtics
Jaylen Brown,2018,2018-19,70,803,373,306,121,0.46450809464508097,0.3954248366013072,0.5398505603985057,0.38107098381070986,4.371428571428571,Boston Celtics
Jaylen Brown,2019,2019-20,74,792,368,276,95,0.46464646464646464,0.3442028985507246,0.5246212121212122,0.3484848484848485,3.72972972972973,Boston Celtics
Jaylen Brown,2020,2020-21,57,887,427,338,129,0.4813979706877114,0.3816568047337278,0.5541149943630215,0.3810597519729425,5.9298245614035086,Boston Celtics
Jaylen Brown,2021,2021-22,58,1111,538,411,163,0.48424842484248426,0.39659367396593675,0.5576057605760576,0.36993699369936994,7.086206896551724,Boston Celtics
Jaylen Brown,2022,2022-23,66,1217,576,464,166,0.4732949876746097,0.3577586206896552,0.5414954806902219,0.38126540673788,7.03030303030303,Boston Celtics
Jaylen Brown,2023,2023-24,67,1383,679,487,163,0.4909616775126536,0.3347022587268994,0.5498915401301518,0.35213304410701374,7.268656716417911,Boston Celtics
Jaylen Brown,2024,2024-25,70,1256,627,410,145,0.49920382165605093,0.35365853658536583,0.5569267515923567,0.32643312101910826,5.857142857142857,Boston Celtics
Jaylen Nowell,2020,2020-21,14,53,19,26,3,0.3584905660377358,0.11538461538461539,0.3867924528301887,0.49056603773584906,1.8571428571428572,Minnesota Timberwolves
Jaylen Nowell,2021,2021-22,42,335,142,150,50,0.42388059701492536,0.3333333333333333,0.49850746268656715,0.44776119402985076,3.5714285714285716,Minnesota Timberwolves
Jaylen Nowell,2022,2022-23,60,413,196,160,63,0.4745762711864407,0.39375,0.5508474576271186,0.387409200968523,2.6666666666666665,Minnesota Timberwolves
Jaylen Nowell,2023,2023-24,65,625,280,232,67,0.448,0.28879310344827586,0.5016,0.3712,3.5692307692307694,Minnesota Timberwolves
Jaylen Nowell,2024,2024-25,12,78,34,29,6,0.4358974358974359,0.20689655172413793,0.47435897435897434,0.3717948717948718,2.4166666666666665,Memphis Grizzlies
Jayson Tatum,2018,2018-19,80,835,397,242,105,0.4754491017964072,0.43388429752066116,0.5383233532934132,0.2898203592814371,3.025,Boston Celtics
Jayson Tatum,2019,2019-20,79,1036,466,311,116,0.4498069498069498,0.3729903536977492,0.5057915057915058,0.3001930501930502,3.9367088607594938,Boston Celtics
Jayson Tatum,2020,2020-21,66,1226,552,469,189,0.45024469820554647,0.40298507462686567,0.5273246329526917,0.3825448613376835,7.106060606060606,Boston Celtics
Jayson Tatum,2021,2021-22,64,1318,605,485,187,0.4590288315629742,0.38556701030927837,0.529969650986343,0.36798179059180575,7.578125,Boston Celtics
Jayson Tatum,2022,2022-23,76,1564,708,651,230,0.45268542199488493,0.3533026113671275,0.5262148337595908,0.4162404092071611,8.56578947368421,Boston Celtics
Jayson Tatum,2023,2023-24,74,1559,727,686,240,0.4663245670301475,0.3498542274052478,0.5432969852469531,0.4400256574727389,9.27027027027027,Boston Celtics
Jayson Tatum,2024,2024-25,74,1426,672,609,229,0.47124824684431976,0.3760262725779967,0.5515427769985974,0.4270687237026648,8.22972972972973,Boston Celtics
Jeff Green,2013,2013-14,81,806,376,182,70,0.4665012406947891,0.38461538461538464,0.5099255583126551,0.22580645161290322,2.246913580246914,Boston Celtics
Jeff Green,2014,2014-15,82,1171,482,396,135,0.4116140051238258,0.3409090909090909,0.46925704526046114,0.3381725021349274,4.829268292682927,Boston Celtics
Jeff Green,2015,2015-16,78,967,416,292,97,0.4301964839710445,0.3321917808219178,0.48035160289555323,0.3019648397104447,3.7435897435897436,Memphis Grizzlies
Jeff Green,2016,2016-17,80,823,354,212,67,0.43013365735115433,0.3160377358490566,0.47083839611178613,0.25759416767922233,2.65,Memphis Grizzlies
Jeff Green,2017,2017-18,69,558,220,193,53,0.3942652329749104,0.27461139896373055,0.44175627240143367,0.34587813620071683,2.7971014492753623,Orlando Magic
Jeff Green,2018,2018-19,78,618,295,170,53,0.4773462783171521,0.31176470588235294,0.5202265372168284,0.2750809061488673,2.1794871794871793,Cleveland Cavaliers
Jeff Green,2019,2019-20,77,687,326,320,111,0.4745269286754003,0.346875,0.5553129548762736,0.4657933042212518,4.1558441558441555,Washington Wizards
Jeff Green,2020,2020-21,48,344,159,183,62,0.4622093023255814,0.33879781420765026,0.5523255813953488,0.5319767441860465,3.8125,Utah Jazz
Jeff Green,2021,2021-22,67,530,261,250,103,0.49245283018867925,0.412,0.589622641509434,0.4716981132075472,3.7313432835820897,Brooklyn Nets
Jeff Green,2022,2022-23,73,529,277,168,53,0.5236294896030246,0.31547619047619047,0.5737240075614367,0.31758034026465026,2.3013698630136985,Denver Nuggets
Jeff Green,2023,2023-24,56,328,160,104,30,0.4878048780487805,0.28846153846153844,0.5335365853658537,0.3170731707317073,1.8571428571428572,Denver Nuggets
Jeff Green,2024,2024-25,77,366,167,160,53,0.4562841530054645,0.33125,0.5286885245901639,0.4371584699453552,2.0779220779220777,Houston Rockets
Jeff Teague,2013,2013-14,80,974,439,248,89,0.45071868583162217,0.3588709677419355,0.4964065708418891,0.2546201232032854,3.1,Atlanta Hawks
Jeff Teague,2014,2014-15,79,1039,456,224,74,0.43888354186718,0.33035714285714285,0.47449470644850816,0.21559191530317612,2.8354430379746836,Atlanta Hawks
Jeff Teague,2015,2015-16,73,887,408,207,71,0.4599774520856821,0.34299516908212563,0.5,0.23337091319052988,2.835616438356164,Atlanta Hawks
Jeff Teague,2016,2016-17,79,987,434,273,110,0.4397163120567376,0.40293040293040294,0.49544072948328266,0.2765957446808511,3.4556962025316458,Atlanta Hawks
Jeff Teague,2017,2017-18,82,908,401,251,89,0.44162995594713655,0.3545816733067729,0.4906387665198238,0.276431718061674,3.0609756097560976,Indiana Pacers
Jeff Teague,2018,2018-19,70,794,354,228,84,0.44584382871536526,0.3684210526315789,0.4987405541561713,0.2871536523929471,3.257142857142857,Minnesota Timberwolves
Jeff Teague,2019,2019-20,42,416,176,105,35,0.4230769230769231,0.3333333333333333,0.4651442307692308,0.25240384615384615,2.5,Minnesota Timberwolves
Jeff Teague,2020,2020-21,59,489,213,117,43,0.43558282208588955,0.36752136752136755,0.47955010224948874,0.2392638036809816,1.9830508474576272,Minnesota Timberwolves
Jeff Teague,2021,2021-22,53,284,123,82,36,0.43309859154929575,0.43902439024390244,0.4964788732394366,0.2887323943661972,1.5471698113207548,Boston Celtics
Jerami Grant,2015,2015-16,64,352,124,156,49,0.3522727272727273,0.3141025641025641,0.421875,0.4431818181818182,2.4375,Philadelphia 76ers
Jerami Grant,2016,2016-17,77,599,251,146,35,0.41903171953255425,0.23972602739726026,0.44824707846410683,0.24373956594323873,1.896103896103896,Philadelphia 76ers
Jerami Grant,2017,2017-18,74,328,152,116,43,0.4634146341463415,0.3706896551724138,0.5289634146341463,0.35365853658536583,1.5675675675675675,Oklahoma City Thunder
Jerami Grant,2018,2018-19,81,456,244,110,32,0.5350877192982456,0.2909090909090909,0.5701754385964912,0.2412280701754386,1.3580246913580247,Oklahoma City Thunder
Jerami Grant,2019,2019-20,80,823,409,293,115,0.49696233292831105,0.3924914675767918,0.5668286755771568,0.3560145808019441,3.6625,Oklahoma City Thunder
Jerami Grant,2020,2020-21,71,634,303,252,98,0.47791798107255523,0.3888888888888889,0.555205047318612,0.39747634069400634,3.5492957746478875,Denver Nuggets
Jerami Grant,2021,2021-22,54,932,400,329,115,0.4291845493562232,0.3495440729483283,0.49087982832618027,0.3530042918454936,6.092592592592593,Detroit Pistons
Jerami Grant,2022,2022-23,47,699,298,254,91,0.4263233190271817,0.35826771653543305,0.49141630901287553,0.36337625178826893,5.404255319148936,Detroit Pistons
Jerami Grant,2023,2023-24,63,913,434,359,144,0.47535596933187296,0.4011142061281337,0.5542168674698795,0.3932092004381161,5.698412698412699,Portland Trail Blazers
Jerami Grant,2024,2024-25,54,850,383,276,111,0.4505882352941176,0.40217391304347827,0.5158823529411765,0.3247058823529412,5.111111111111111,Portland Trail Blazers
Jeremy Lamb,2013,2013-14,15,68,24,30,9,0.35294117647058826,0.3,0.41911764705882354,0.4411764705882353,2,Oklahoma City Thunder
Jeremy Lamb,2014,2014-15,77,609,263,247,88,0.4318555008210181,0.3562753036437247,0.5041050903119869,0.40558292282430214,3.207792207792208,Oklahoma City Thunder
Jeremy Lamb,2015,2015-16,43,250,104,111,38,0.416,0.34234234234234234,0.492,0.444,2.5813953488372094,Oklahoma City Thunder
Jeremy Lamb,2016,2016-17,65,510,230,181,56,0.45098039215686275,0.30939226519337015,0.5058823529411764,0.35490196078431374,2.7846153846153845,Charlotte Hornets
Jeremy Lamb,2017,2017-18,62,491,226,146,41,0.46028513238289204,0.2808219178082192,0.5020366598778004,0.2973523421588595,2.3548387096774195,Charlotte Hornets
Jeremy Lamb,2018,2018-19,80,832,380,254,94,0.4567307692307692,0.3700787401574803,0.5132211538461539,0.30528846153846156,3.175,Charlotte Hornets
Jeremy Lamb,2019,2019-20,79,979,431,330,115,0.4402451481103167,0.3484848484848485,0.4989785495403473,0.33707865168539325,4.177215189873418,Charlotte Hornets
Jeremy Lamb,2020,2020-21,46,479,216,158,53,0.4509394572025052,0.33544303797468356,0.5062630480167014,0.3298538622129436,3.4347826086956523,Indiana Pacers
Jeremy Lamb,2021,2021-22,36,276,120,128,52,0.43478260869565216,0.40625,0.5289855072463768,0.463768115942029,3.5555555555555554,Indiana Pacers
Jeremy Lamb,2022,2022-23,56,347,133,170,55,0.38328530259365995,0.3235294117647059,0.46253602305475505,0.4899135446685879,3.0357142857142856,Indiana Pacers
Jeremy Lin,2013,2013-14,82,897,396,257,87,0.4414715719063545,0.33852140077821014,0.4899665551839465,0.28651059085841696,3.1341463414634148,Houston Rockets
Jeremy Lin,2014,2014-15,71,662,295,229,82,0.44561933534743203,0.35807860262008734,0.5075528700906344,0.3459214501510574,3.2253521126760565,Houston Rockets
Jeremy Lin,2015,2015-16,74,654,277,176,65,0.4235474006116208,0.3693181818181818,0.47324159021406725,0.2691131498470948,2.3783783783783785,Los Angeles Lakers
Jeremy Lin,2016,2016-17,78,728,300,226,76,0.41208791208791207,0.336283185840708,0.4642857142857143,0.31043956043956045,2.8974358974358974,Charlotte Hornets
Jeremy Lin,2017,2017-18,36,400,175,156,58,0.4375,0.3717948717948718,0.51,0.39,4.333333333333333,Brooklyn Nets
Jeremy Lin,2018,2018-19,1,12,5,2,1,0.4166666666666667,0.5,0.4583333333333333,0.16666666666666666,2,Brooklyn Nets
Jeremy Lin,2019,2019-20,74,541,238,187,55,0.4399260628465804,0.29411764705882354,0.4907578558225508,0.3456561922365989,2.527027027027027,Atlanta Hawks
Jeremy Sochan,2023,2023-24,56,552,250,134,33,0.4528985507246377,0.2462686567164179,0.48278985507246375,0.2427536231884058,2.392857142857143,San Antonio Spurs
Jeremy Sochan,2024,2024-25,74,776,340,227,70,0.4381443298969072,0.30837004405286345,0.4832474226804124,0.2925257731958763,3.0675675675675675,San Antonio Spurs
Jerian Grant,2016,2016-17,71,391,154,100,22,0.3938618925831202,0.22,0.4219948849104859,0.2557544757033248,1.408450704225352,New York Knicks
Jerian Grant,2017,2017-18,60,301,128,134,49,0.42524916943521596,0.3656716417910448,0.5066445182724253,0.44518272425249167,2.2333333333333334,Chicago Bulls
Jerian Grant,2018,2018-19,74,503,209,187,61,0.415506958250497,0.32620320855614976,0.4761431411530815,0.3717693836978131,2.527027027027027,Chicago Bulls
Jerian Grant,2019,2019-20,57,220,92,110,40,0.41818181818181815,0.36363636363636365,0.509090909090909,0.5,1.9298245614035088,Orlando Magic
Jerian Grant,2020,2020-21,6,27,10,8,2,0.37037037037037035,0.25,0.4074074074074074,0.2962962962962963,1.3333333333333333,Washington Wizards
Jerryd Bayless,2013,2013-14,79,621,260,201,71,0.41867954911433175,0.35323383084577115,0.4758454106280193,0.32367149758454106,2.5443037974683542,Memphis Grizzlies
Jerryd Bayless,2014,2014-15,72,617,248,212,76,0.4019448946515397,0.3584905660377358,0.46353322528363045,0.34359805510534847,2.9444444444444446,Boston Celtics
Jerryd Bayless,2015,2015-16,76,516,220,120,37,0.4263565891472868,0.30833333333333335,0.4622093023255814,0.23255813953488372,1.5789473684210527,Milwaukee Bucks
Jerryd Bayless,2016,2016-17,52,432,183,226,99,0.4236111111111111,0.43805309734513276,0.5381944444444444,0.5231481481481481,4.346153846153846,Milwaukee Bucks
Jerryd Bayless,2017,2017-18,3,32,11,5,2,0.34375,0.4,0.375,0.15625,1.6666666666666667,Philadelphia 76ers
Jerryd Bayless,2018,2018-19,39,262,109,146,54,0.41603053435114506,0.3698630136986301,0.5190839694656488,0.5572519083969466,3.7435897435897436,Philadelphia 76ers
Jerryd Bayless,2019,2019-20,31,230,82,98,29,0.3565217391304348,0.29591836734693877,0.41956521739130437,0.4260869565217391,3.161290322580645,Minnesota Timberwolves
Jevon Carter,2019,2019-20,37,185,56,102,34,0.3027027027027027,0.3333333333333333,0.3945945945945946,0.5513513513513514,2.7567567567567566,Memphis Grizzlies
Jevon Carter,2020,2020-21,54,243,101,146,62,0.4156378600823045,0.4246575342465753,0.5432098765432098,0.6008230452674898,2.7037037037037037,Phoenix Suns
Jevon Carter,2021,2021-22,52,223,94,151,56,0.42152466367713004,0.3708609271523179,0.547085201793722,0.6771300448430493,2.9038461538461537,Phoenix Suns
Jevon Carter,2022,2022-23,55,253,98,170,66,0.38735177865612647,0.38823529411764707,0.5177865612648221,0.6719367588932806,3.090909090909091,Brooklyn Nets
Jevon Carter,2023,2023-24,80,565,239,337,142,0.4230088495575221,0.42136498516320475,0.5486725663716814,0.5964601769911504,4.2125,Milwaukee Bucks
Jevon Carter,2024,2024-25,67,365,138,234,77,0.3780821917808219,0.32905982905982906,0.48356164383561645,0.6410958904109589,3.4925373134328357,Chicago Bulls
Jimmy Butler,2013,2013-14,79,512,239,105,40,0.466796875,0.38095238095238093,0.505859375,0.205078125,1.3291139240506329,Chicago Bulls
Jimmy Butler,2014,2014-15,67,693,275,240,68,0.3968253968253968,0.2833333333333333,0.4458874458874459,0.3463203463203463,3.582089552238806,Chicago Bulls
Jimmy Butler,2015,2015-16,65,912,421,193,73,0.4616228070175439,0.37823834196891193,0.5016447368421053,0.21162280701754385,2.9692307692307693,Chicago Bulls
Jimmy Butler,2016,2016-17,67,1035,470,205,64,0.45410628019323673,0.3121951219512195,0.485024154589372,0.19806763285024154,3.0597014925373136,Chicago Bulls
Jimmy Butler,2017,2017-18,76,1252,570,248,91,0.45527156549520764,0.36693548387096775,0.49161341853035145,0.19808306709265175,3.263157894736842,Chicago Bulls
Jimmy Butler,2018,2018-19,59,921,437,200,70,0.4744842562432139,0.35,0.51248642779587406,0.21715526601520088,3.389830508474576,Minnesota Timberwolves
Jimmy Butler,2019,2019-20,65,904,418,193,67,0.46238938053097345,0.3471502590673575,0.49944690265486724,0.21349557522123894,2.9692307692307693,Philadelphia 76ers
Jimmy Butler,2020,2020-21,58,758,345,119,29,0.4551451187335092,0.24369747899159663,0.4742744063324538,0.15699208443271767,2.0517241379310347,Miami Heat
Jimmy Butler,2021,2021-22,52,736,366,102,25,0.49728260869565216,0.24509803921568626,0.514266304347826,0.13858695652173914,1.9615384615384615,Miami Heat
Jimmy Butler,2022,2022-23,57,829,398,116,27,0.48009650180940894,0.23275862068965517,0.49638118214716526,0.1399276236429433,2.0350877192982457,Miami Heat
Jimmy Butler,2023,2023-24,64,888,479,103,36,0.5394144144144144,0.34951456310679613,0.5596846846846847,0.11599099099099099,1.609375,Miami Heat
Jimmy Butler,2024,2024-25,60,793,396,145,60,0.49936948297604034,0.41379310344827586,0.5372005044136192,0.1828499369482976,2.4166666666666665,Miami Heat
Joakim Noah,2013,2013-14,66,630,303,5,0,0.48095238095238096,0,0.48095238095238096,0.007936507936507936,0.07575757575757576,Chicago Bulls
Joakim Noah,2014,2014-15,80,800,380,2,0,0.475,0,0.475,0.0025,0.025,Chicago Bulls
Joakim Noah,2015,2015-16,67,427,190,2,0,0.4449648711943794,0,0.4449648711943794,0.00468384074941452,0.029850746268656716,Chicago Bulls
Joakim Noah,2016,2016-17,28,133,51,1,0,0.38345864661654133,0,0.38345864661654133,0.007518796992481203,0.03571428571428571,Chicago Bulls
Joakim Noah,2017,2017-18,46,202,99,1,0,0.4900990099009901,0,0.4900990099009901,0.0049504950495049506,0.021739130434782608,New York Knicks
Joakim Noah,2018,2018-19,6,10,5,0,0,0.5,NA,0.5,0,0,New York Knicks
Joakim Noah,2019,2019-20,41,213,110,1,0,0.5164319248826291,0,0.5164319248826291,0.004694835680751174,0.024390243902439025,Memphis Grizzlies
Joakim Noah,2020,2020-21,2,8,4,0,0,0.5,NA,0.5,0,0,Los Angeles Clippers
Jodie Meeks,2013,2013-14,75,529,205,341,122,0.387523629489603,0.35777126099706746,0.502835538752363,0.6446124763705104,4.546666666666667,Los Angeles Lakers
Jodie Meeks,2014,2014-15,77,891,413,403,162,0.46352413019079686,0.40198511166253104,0.5544332210998878,0.45230078563411896,5.233766233766234,Los Angeles Lakers
Jodie Meeks,2015,2015-16,60,534,222,212,74,0.4157303370786517,0.3490566037735849,0.4850187265917603,0.3970037453183521,3.533333333333333,Detroit Pistons
Jodie Meeks,2016,2016-17,3,20,7,9,4,0.35,0.4444444444444444,0.45,0.45,3,Detroit Pistons
Jodie Meeks,2017,2017-18,36,256,103,137,56,0.40234375,0.40875912408759124,0.51171875,0.53515625,3.8055555555555554,Orlando Magic
Jodie Meeks,2018,2018-19,74,393,157,210,72,0.3994910941475827,0.34285714285714286,0.4910941475826972,0.5343511450381679,2.8378378378378377,Washington Wizards
Jodie Meeks,2019,2019-20,8,39,21,18,8,0.5384615384615384,0.4444444444444444,0.6410256410256411,0.46153846153846156,2.25,Toronto Raptors
Joe Harris,2015,2015-16,39,120,48,84,31,0.4,0.36904761904761907,0.5291666666666667,0.7,2.1538461538461537,Cleveland Cavaliers
Joe Harris,2016,2016-17,4,4,1,4,1,0.25,0.25,0.375,1,1,Cleveland Cavaliers
Joe Harris,2017,2017-18,52,362,154,221,85,0.425414364640884,0.38461538461538464,0.5428176795580111,0.6104972375690608,4.25,Brooklyn Nets
Joe Harris,2018,2018-19,78,621,305,358,150,0.49114331723027377,0.41899441340782123,0.6119162640901772,0.5764895330112721,4.589743589743589,Brooklyn Nets
Joe Harris,2019,2019-20,76,748,374,386,183,0.5,0.4740932642487047,0.6223262032085561,0.516042780748663,5.078947368421052,Brooklyn Nets
Joe Harris,2020,2020-21,69,784,381,406,172,0.48596938775510207,0.4236453201970443,0.5956632653061225,0.5178571428571429,5.884057971014493,Brooklyn Nets
Joe Harris,2021,2021-22,69,707,357,444,211,0.504950495049505,0.4752252252252252,0.6541725601131542,0.628005657708628,6.434782608695652,Brooklyn Nets
Joe Harris,2022,2022-23,14,124,56,88,41,0.45161290322580644,0.4659090909090909,0.6169354838709677,0.7096774193548387,6.285714285714286,Brooklyn Nets
Joe Harris,2023,2023-24,74,440,201,333,142,0.45681818181818185,0.4264264264264264,0.6181818181818182,0.7568181818181818,4.5,Brooklyn Nets
Joe Harris,2024,2024-25,13,39,14,30,10,0.358974358974359,0.3333333333333333,0.48717948717948717,0.7692307692307693,2.3076923076923075,Detroit Pistons
Joe Ingles,2015,2015-16,76,354,147,202,72,0.4152542372881356,0.3564356435643564,0.5169491525423728,0.5706214689265536,2.6578947368421053,Utah Jazz
Joe Ingles,2016,2016-17,74,291,124,210,81,0.4261168384879725,0.38571428571428573,0.5652920962199313,0.7216494845360825,2.8378378378378377,Utah Jazz
Joe Ingles,2017,2017-18,81,451,204,279,123,0.4523281596452328,0.44086021505376344,0.5886917960088692,0.6186252771618626,3.4444444444444446,Utah Jazz
Joe Ingles,2018,2018-19,82,718,335,464,204,0.46657381615598886,0.4396551724137931,0.6086350974930362,0.6462395543175488,5.658536585365853,Utah Jazz
Joe Ingles,2019,2019-20,82,802,359,483,189,0.4476309226932668,0.391304347826087,0.5654613466334164,0.6022443890274314,5.890243902439025,Utah Jazz
Joe Ingles,2020,2020-21,72,553,246,353,141,0.4448462929475588,0.39943342776203966,0.5723327305605787,0.6383363471971067,4.902777777777778,Utah Jazz
Joe Ingles,2021,2021-22,67,562,275,406,183,0.4893238434163701,0.45073891625615764,0.652135231316726,0.7224199288256228,6.059701492537314,Utah Jazz
Joe Ingles,2022,2022-23,45,285,115,225,78,0.40350877192982454,0.3466666666666667,0.5403508771929825,0.7894736842105263,5,Utah Jazz
Joe Ingles,2023,2023-24,46,248,108,203,83,0.43548387096774194,0.4088669950738916,0.6028225806451613,0.8185483870967742,4.413043478260869,Milwaukee Bucks
Joe Ingles,2024,2024-25,65,227,99,161,70,0.43612334801762115,0.43478260869565216,0.5903083700440529,0.7092511013215859,2.476923076923077,Orlando Magic
Joe Johnson,2013,2013-14,72,1052,445,395,148,0.4230038022813688,0.37468354430379747,0.49334600760456276,0.3754752851711027,5.486111111111111,Brooklyn Nets
Joe Johnson,2014,2014-15,79,1018,462,404,162,0.4538310412573674,0.400990099009901,0.5333988212180747,0.3968565815324165,5.113924050632911,Brooklyn Nets
Joe Johnson,2015,2015-16,80,1025,446,337,121,0.4351219512195122,0.3590504451038576,0.49414634146341463,0.32878048780487806,4.2125,Brooklyn Nets
Joe Johnson,2016,2016-17,81,859,377,313,120,0.43888242142025613,0.38338658146964855,0.5087310826542492,0.36437718277066355,3.8641975308641974,Brooklyn Nets
Joe Johnson,2017,2017-18,78,626,273,258,106,0.43610223642172524,0.4108527131782946,0.5207667731629393,0.41214057507987223,3.3076923076923075,Utah Jazz
Joe Johnson,2018,2018-19,55,360,146,145,40,0.40555555555555556,0.27586206896551724,0.46111111111111114,0.4027777777777778,2.6363636363636362,Utah Jazz
Joe Johnson,2022,2022-23,1,1,1,0,0,1,NA,1,0,0,Boston Celtics
Joel Embiid,2017,2017-18,31,429,200,98,36,0.4662004662004662,0.3673469387755102,0.5081585081585082,0.22843822843822845,3.161290322580645,Philadelphia 76ers
Joel Embiid,2018,2018-19,63,1056,510,214,66,0.48295454545454547,0.308411214953271,0.5142045454545454,0.20265151515151514,3.3968253968253967,Philadelphia 76ers
Joel Embiid,2019,2019-20,64,1199,580,263,79,0.4837364470391993,0.30038022813688214,0.5166805671392828,0.21934945788156798,4.109375,Philadelphia 76ers
Joel Embiid,2020,2020-21,51,801,382,172,57,0.47690387016229713,0.3313953488372093,0.5124843945068664,0.21473158551810237,3.372549019607843,Philadelphia 76ers
Joel Embiid,2021,2021-22,51,899,461,154,58,0.5127919911012235,0.37662337662337664,0.5450500556173526,0.17130144605116795,3.019607843137255,Philadelphia 76ers
Joel Embiid,2022,2022-23,68,1334,666,251,93,0.4992503748125937,0.3705179282868526,0.5341079460269865,0.18815592203898052,3.6911764705882355,Philadelphia 76ers
Joel Embiid,2023,2023-24,66,1328,728,200,66,0.5481927710843374,0.33,0.5730421686746988,0.15060240963855423,3.0303030303030303,Philadelphia 76ers
Joel Embiid,2024,2024-25,39,851,450,139,54,0.5287896592244419,0.38848920863309355,0.5605170387779084,0.16333725029377202,3.5641025641025643,Philadelphia 76ers
John Collins,2018,2018-19,74,545,314,47,16,0.5761467889908257,0.3404255319148936,0.5908256880733945,0.08623853211009175,0.6351351351351351,Atlanta Hawks
John Collins,2019,2019-20,61,831,465,158,55,0.5595667870036101,0.34810126582278483,0.5926594464500602,0.1901323706377858,2.5901639344262297,Atlanta Hawks
John Collins,2020,2020-21,41,605,353,147,59,0.5834710743801653,0.4013605442176871,0.6322314049586777,0.24297520661157024,3.5853658536585367,Atlanta Hawks
John Collins,2021,2021-22,63,771,429,208,83,0.556420233463035,0.39903846153846156,0.6102464332036317,0.2697795071335927,3.3015873015873014,Atlanta Hawks
John Collins,2022,2022-23,54,644,339,176,64,0.5263975155279503,0.36363636363636365,0.5760869565217391,0.2732919254658385,3.259259259259259,Atlanta Hawks
John Collins,2023,2023-24,71,707,359,240,70,0.5077793493635078,0.2916666666666667,0.5572842998585573,0.33946251768033947,3.380281690140845,Atlanta Hawks
John Collins,2024,2024-25,68,746,397,232,86,0.532171581769437,0.3706896551724138,0.5898123324396782,0.3109919571045576,3.411764705882353,Utah Jazz
John Henson,2013,2013-14,57,336,162,3,0,0.48214285714285715,0,0.48214285714285715,0.008928571428571428,0.05263157894736842,Milwaukee Bucks
John Henson,2014,2014-15,70,639,344,1,0,0.5383411580594679,0,0.5383411580594679,0.001564945226917058,0.014285714285714285,Milwaukee Bucks
John Henson,2015,2015-16,64,346,196,0,0,0.5664739884393064,NA,0.5664739884393064,0,0,Milwaukee Bucks
John Henson,2016,2016-17,55,291,164,1,0,0.563573883161512,0,0.563573883161512,0.003436426116838488,0.01818181818181818,Milwaukee Bucks
John Henson,2017,2017-18,56,308,159,0,0,0.5162337662337663,NA,0.5162337662337663,0,0,Milwaukee Bucks
John Henson,2018,2018-19,75,502,287,7,1,0.5717131474103586,0.14285714285714285,0.5727091633466136,0.013944223107569721,0.09333333333333334,Milwaukee Bucks
John Henson,2019,2019-20,14,67,31,31,11,0.4626865671641791,0.3548387096774194,0.5447761194029851,0.4626865671641791,2.2142857142857144,Milwaukee Bucks
John Henson,2020,2020-21,38,171,95,36,8,0.5555555555555556,0.2222222222222222,0.5789473684210527,0.21052631578947367,0.9473684210526315,Cleveland Cavaliers
John Salmons,2013,2013-14,76,612,244,267,99,0.39869281045751637,0.3707865168539326,0.4795751633986928,0.4362745098039216,3.513157894736842,Sacramento Kings
John Salmons,2014,2014-15,77,413,150,163,63,0.36319612590799033,0.38650306748466257,0.43946731234866826,0.3946731234866828,2.116883116883117,Toronto Raptors
John Salmons,2015,2015-16,16,48,16,26,8,0.3333333333333333,0.3076923076923077,0.4166666666666667,0.5416666666666666,1.625,New Orleans Pelicans
John Wall,2013,2013-14,49,735,324,45,12,0.44081632653061226,0.26666666666666666,0.4489795918367347,0.061224489795918366,0.9183673469387755,Washington Wizards
John Wall,2014,2014-15,82,1337,579,308,108,0.4330590875093493,0.35064935064935066,0.47344801795063574,0.23036649214659685,3.7560975609756095,Washington Wizards
John Wall,2015,2015-16,79,1166,519,217,65,0.4451114922813036,0.2995391705069124,0.4729845626072041,0.18610634648370497,2.7468354430379747,Washington Wizards
John Wall,2016,2016-17,77,1347,571,326,114,0.4239049740163326,0.3496932515337423,0.4662212323682257,0.24201930215293244,4.233766233766234,Washington Wizards
John Wall,2017,2017-18,78,1435,647,272,89,0.4508710801393728,0.3272058823529412,0.4818815331010453,0.18954703832752615,3.4871794871794872,Washington Wizards
John Wall,2018,2018-19,41,667,280,167,62,0.4197901049475262,0.3712574850299401,0.4662668665667166,0.25037481259370314,4.073170731707317,Washington Wizards
John Wall,2019,2019-20,32,552,245,169,51,0.4438405797101449,0.30177514792899407,0.490036231884058,0.3061594202898551,5.28125,Washington Wizards
John Wall,2021,2021-22,40,726,293,249,79,0.4035812672176309,0.3172690763052209,0.45798898071625344,0.34297520661157027,6.225,Houston Rockets
John Wall,2023,2023-24,34,339,138,109,33,0.40707964601769914,0.30275229357798167,0.4557522123893805,0.3215339233038348,3.2058823529411766,LA Clippers
Jon Leuer,2013,2013-14,21,52,25,3,0,0.4807692307692308,0,0.4807692307692308,0.057692307692307696,0.14285714285714285,Cleveland Cavaliers
Jon Leuer,2014,2014-15,44,246,121,49,23,0.491869918699187,0.46938775510204084,0.5386178861788617,0.1991869918699187,1.1136363636363635,Memphis Grizzlies
Jon Leuer,2015,2015-16,56,273,121,29,7,0.4432234432234432,0.2413793103448276,0.45604395604395603,0.10622710622710622,0.5178571428571429,Memphis Grizzlies
Jon Leuer,2016,2016-17,67,466,224,110,42,0.48068669527896996,0.38181818181818183,0.5257510729613734,0.23605150214592274,1.6417910447761195,Phoenix Suns
Jon Leuer,2017,2017-18,74,646,310,167,49,0.47987616099071206,0.2934131736526946,0.5178018575851393,0.2585139318885449,2.2567567567567566,Detroit Pistons
Jon Leuer,2018,2018-19,8,36,15,3,0,0.4166666666666667,0,0.4166666666666667,0.08333333333333333,0.375,Detroit Pistons
Jon Leuer,2019,2019-20,34,113,66,11,1,0.584070796460177,0.09090909090909091,0.588495575221239,0.09734513274336283,0.3235294117647059,Detroit Pistons
Jonas Jerebko,2013,2013-14,49,316,142,83,25,0.44936708860759494,0.30120481927710846,0.4889240506329114,0.2626582278481013,1.6938775510204083,Detroit Pistons
Jonas Jerebko,2014,2014-15,55,208,98,74,31,0.47115384615384615,0.4189189189189189,0.5456730769230769,0.3557692307692308,1.3454545454545455,Detroit Pistons
Jonas Jerebko,2015,2015-16,73,379,169,140,54,0.44591029023746703,0.38571428571428573,0.5171503957783641,0.36939313984168864,1.917808219178082,Detroit Pistons
Jonas Jerebko,2016,2016-17,74,286,118,108,43,0.4125874125874126,0.39814814814814814,0.48776223776223776,0.3776223776223776,1.4594594594594594,Boston Celtics
Jonas Jerebko,2017,2017-18,75,262,114,130,45,0.4351145038167939,0.34615384615384615,0.5209923664122137,0.4961832061068702,1.7333333333333334,Boston Celtics
Jonas Jerebko,2018,2018-19,70,341,159,157,65,0.4662756598240469,0.4140127388535032,0.5615835777126099,0.4604105571847507,2.242857142857143,Utah Jazz
Jonas Jerebko,2019,2019-20,70,355,163,188,69,0.4591549295774648,0.3670212765957447,0.5563380281690141,0.5295774647887324,2.6857142857142855,Golden State Warriors
Jonas Valanciunas,2013,2013-14,60,366,204,0,0,0.5573770491803278,NA,0.5573770491803278,0,0,Toronto Raptors
Jonas Valanciunas,2014,2014-15,81,676,359,1,0,0.5310650887573964,0,0.5310650887573964,0.0014792899408284023,0.012345679012345678,Toronto Raptors
Jonas Valanciunas,2015,2015-16,80,652,373,1,0,0.5720858895705522,0,0.5720858895705522,0.0015337423312883436,0.0125,Toronto Raptors
Jonas Valanciunas,2016,2016-17,60,536,303,0,0,0.5652985074626866,NA,0.5652985074626866,0,0,Toronto Raptors
Jonas Valanciunas,2017,2017-18,80,702,391,2,1,0.5569800569800569,0.5,0.5576923076923077,0.002849002849002849,0.025,Toronto Raptors
Jonas Valanciunas,2018,2018-19,77,687,390,74,30,0.5676855895196506,0.40540540540540543,0.5895196506550219,0.10771470160116449,0.961038961038961,Toronto Raptors
Jonas Valanciunas,2019,2019-20,49,538,301,48,14,0.5594795539033457,0.2916666666666667,0.5724907063197026,0.08921933085501858,0.9795918367346939,Memphis Grizzlies
Jonas Valanciunas,2020,2020-21,70,739,432,91,32,0.584573748308525,0.3516483516483517,0.6062246278755075,0.12313937753721245,1.3,Memphis Grizzlies
Jonas Valanciunas,2021,2021-22,62,743,440,57,21,0.5921938088829072,0.3684210526315789,0.6063257065948856,0.07671601615074024,0.9193548387096774,Memphis Grizzlies
Jonas Valanciunas,2022,2022-23,74,938,510,158,57,0.5437100213219617,0.36075949367088606,0.57409381663113,0.16844349680170576,2.135135135135135,New Orleans Pelicans
Jonas Valanciunas,2023,2023-24,78,816,446,109,38,0.5465686274509803,0.3486238532110092,0.5698529411764706,0.13357843137254902,1.3974358974358974,New Orleans Pelicans
Jonas Valanciunas,2024,2024-25,82,719,402,120,37,0.5591098748261474,0.30833333333333335,0.5848400556328234,0.16689847009735745,1.4634146341463414,New Orleans Pelicans
Jonathan Isaac,2018,2018-19,27,145,55,46,16,0.3793103448275862,0.34782608695652173,0.43448275862068964,0.31724137931034485,1.7037037037037037,Orlando Magic
Jonathan Isaac,2019,2019-20,75,611,262,266,86,0.4288052373158756,0.3233082706766917,0.49918166939443537,0.4353518821603928,3.546666666666667,Orlando Magic
Jonathan Isaac,2020,2020-21,34,332,156,94,32,0.46987951807228917,0.3404255319148936,0.5180722891566265,0.28313253012048195,2.764705882352941,Orlando Magic
Jonathan Isaac,2023,2023-24,11,53,22,15,6,0.41509433962264153,0.4,0.4716981132075472,0.2830188679245283,1.3636363636363635,Orlando Magic
Jonathan Isaac,2024,2024-25,56,286,146,112,42,0.5104895104895105,0.375,0.583916083916084,0.3916083916083916,2,Orlando Magic
Jonathan Kuminga,2022,2022-23,65,460,236,149,50,0.5130434782608696,0.33557046979865773,0.5673913043478261,0.3239130434782609,2.292307692307692,Golden State Warriors
Jonathan Kuminga,2023,2023-24,66,497,261,146,54,0.5251509054325956,0.3698630136986301,0.579476861167002,0.2937625754527163,2.212121212121212,Golden State Warriors
Jonathan Kuminga,2024,2024-25,74,862,456,165,53,0.5290023201856149,0.3212121212121212,0.5597447795823666,0.191415313225058,2.22972972972973,Golden State Warriors
Jonathon Simmons,2016,2016-17,51,242,122,47,18,0.5041322314049587,0.3829787234042553,0.5413223140495868,0.19421487603305784,0.9215686274509803,San Antonio Spurs
Jonathon Simmons,2017,2017-18,69,421,177,102,30,0.42042755344418054,0.29411764705882354,0.45605700712589076,0.24228028503562946,1.4782608695652173,San Antonio Spurs
Jonathon Simmons,2018,2018-19,69,761,354,204,69,0.4651773981603154,0.3382352941176471,0.5105124835742444,0.2680683311432326,2.9565217391304346,Orlando Magic
Jonathon Simmons,2019,2019-20,56,350,133,104,28,0.38,0.2692307692307692,0.42,0.29714285714285715,1.8571428571428572,Orlando Magic
Jordan Clarkson,2015,2015-16,56,596,267,121,38,0.44798657718120805,0.3140495867768595,0.4798657718120805,0.20302013422818793,2.1607142857142856,Los Angeles Lakers
Jordan Clarkson,2016,2016-17,79,1096,474,318,110,0.4324817518248175,0.34591194968553457,0.48266423357664234,0.29014598540145986,4.025316455696203,Los Angeles Lakers
Jordan Clarkson,2017,2017-18,82,1068,475,353,115,0.4447565543071161,0.32577903682719545,0.49859550561797755,0.33052434456928836,4.304878048780488,Los Angeles Lakers
Jordan Clarkson,2018,2018-19,81,954,430,318,112,0.45073375262054505,0.3522012578616352,0.5094339622641509,0.3333333333333333,3.925925925925926,Los Angeles Lakers
Jordan Clarkson,2019,2019-20,81,1180,529,445,144,0.4483050847457627,0.3235955056179775,0.5093220338983051,0.3771186440677966,5.493827160493828,Cleveland Cavaliers
Jordan Clarkson,2020,2020-21,71,867,394,413,152,0.4544405997693195,0.36803874092009686,0.5420991926182238,0.47635524798154555,5.816901408450704,Utah Jazz
Jordan Clarkson,2021,2021-22,68,1075,457,599,208,0.42511627906976746,0.34724540901502504,0.521860465116279,0.5572093023255814,8.808823529411764,Utah Jazz
Jordan Clarkson,2022,2022-23,79,1113,466,597,190,0.41868823000898475,0.31825795644891125,0.5040431266846361,0.5363881401617251,7.556962025316456,Utah Jazz
Jordan Clarkson,2023,2023-24,61,1031,458,459,155,0.44422890397672166,0.33769063180827885,0.5193986420950534,0.4451988360814743,7.524590163934426,Utah Jazz
Jordan Clarkson,2024,2024-25,55,816,337,309,91,0.41299019607843135,0.29449838187702265,0.46875,0.3786764705882353,5.618181818181818,Utah Jazz
Jordan Crawford,2013,2013-14,70,725,301,246,83,0.41517241379310343,0.33739837398373984,0.4724137931034483,0.3393103448275862,3.5142857142857142,Washington Wizards
Jordan Crawford,2014,2014-15,81,787,327,284,90,0.4155019059720457,0.31690140845070425,0.4726810673443456,0.36086404066073696,3.506172839506173,Boston Celtics
Jordan Crawford,2017,2017-18,19,218,105,95,37,0.481651376146789,0.3894736842105263,0.5665137614678899,0.43577981651376146,5,New Orleans Pelicans
Jordan Crawford,2018,2018-19,5,27,12,14,8,0.4444444444444444,0.5714285714285714,0.5925925925925926,0.5185185185185185,2.8,New Orleans Pelicans
Jordan Hill,2013,2013-14,28,155,77,2,0,0.4967741935483871,0,0.4967741935483871,0.012903225806451613,0.07142857142857142,Los Angeles Lakers
Jordan Hill,2014,2014-15,71,521,286,1,0,0.5489443378119002,0,0.5489443378119002,0.0019193857965451055,0.014084507042253521,Los Angeles Lakers
Jordan Hill,2015,2015-16,70,777,357,11,3,0.4594594594594595,0.2727272727272727,0.4613899613899614,0.014157014157014158,0.15714285714285714,Los Angeles Lakers
Jordan Hill,2016,2016-17,73,549,278,1,0,0.5063752276867031,0,0.5063752276867031,0.0018214936247723133,0.0136986301369863,Indiana Pacers
Jordan Hill,2017,2017-18,4,13,5,0,0,0.38461538461538464,NA,0.38461538461538464,0,0,Minnesota Timberwolves
Jordan Nwora,2021,2021-22,23,135,62,62,28,0.45925925925925926,0.45161290322580644,0.562962962962963,0.45925925925925926,2.6956521739130435,Milwaukee Bucks
Jordan Nwora,2022,2022-23,58,462,186,227,79,0.4025974025974026,0.34801762114537443,0.4880952380952381,0.49134199134199136,3.913793103448276,Milwaukee Bucks
Jordan Nwora,2023,2023-24,60,445,194,211,86,0.43595505617977526,0.4075829383886256,0.5325842696629214,0.47415730337078654,3.5166666666666666,Indiana Pacers
Jordan Nwora,2024,2024-25,47,299,138,131,44,0.46153846153846156,0.33587786259541985,0.5351170568561873,0.43812709030100333,2.7872340425531914,Toronto Raptors
Jordan Poole,2020,2020-21,57,502,167,265,74,0.33266932270916333,0.2792452830188679,0.4063745019920319,0.5278884462151394,4.649122807017544,Golden State Warriors
Jordan Poole,2021,2021-22,50,474,205,276,97,0.43248945147679324,0.35144927536231885,0.5348101265822784,0.5822784810126582,5.52,Golden State Warriors
Jordan Poole,2022,2022-23,76,1058,474,580,211,0.44801512287334594,0.36379310344827587,0.5477315689981096,0.5482041587901701,7.631578947368421,Golden State Warriors
Jordan Poole,2023,2023-24,82,1278,550,637,214,0.4303599374021909,0.3359497645211931,0.5140845070422535,0.4984350547730829,7.7682926829268295,Golden State Warriors
Jordan Poole,2024,2024-25,78,1186,490,564,184,0.4131534569983137,0.3262411347517731,0.49072512647554806,0.47554806070826305,7.230769230769231,Washington Wizards
Jose Alvarado,2022,2022-23,50,294,131,110,32,0.445578231292517,0.2909090909090909,0.5,0.3741496598639456,2.2,New Orleans Pelicans
Jose Alvarado,2023,2023-24,61,489,201,247,83,0.4110429447852761,0.3360323886639676,0.49591002044989774,0.5051124744376279,4.049180327868853,New Orleans Pelicans
Jose Alvarado,2024,2024-25,55,345,142,207,78,0.4115942028985507,0.37681159420289856,0.5246376811594203,0.6,3.7636363636363637,New Orleans Pelicans
Jose Calderon,2013,2013-14,73,635,312,282,130,0.49133858267716535,0.46099290780141844,0.5937007874015748,0.4440944881889764,3.863013698630137,Toronto Raptors
Jose Calderon,2014,2014-15,80,748,341,425,191,0.45588235294117646,0.44941176470588234,0.5835561497326203,0.5681818181818182,5.3125,Dallas Mavericks
Jose Calderon,2015,2015-16,42,354,147,142,59,0.4152542372881356,0.4154929577464789,0.4985875706214689,0.4011299435028249,3.380952380952381,New York Knicks
Jose Calderon,2016,2016-17,72,455,209,203,84,0.4593406593406593,0.41379310344827586,0.5516483516483517,0.4461538461538462,2.8194444444444446,New York Knicks
Jose Calderon,2017,2017-18,37,134,55,64,20,0.41044776119402987,0.3125,0.48507462686567165,0.47761194029850745,1.7297297297297298,Los Angeles Lakers
Jose Calderon,2018,2018-19,46,185,93,97,45,0.5027027027027027,0.4639175257731959,0.6243243243243243,0.5243243243243243,2.108695652173913,Cleveland Cavaliers
Jose Calderon,2019,2019-20,40,120,45,57,14,0.375,0.24561403508771928,0.43333333333333335,0.475,1.425,Detroit Pistons
Josh Giddey,2022,2022-23,54,670,281,213,56,0.41940298507462687,0.26291079812206575,0.46119402985074626,0.31791044776119404,3.9444444444444446,Oklahoma City Thunder
Josh Giddey,2023,2023-24,76,1118,539,234,76,0.4821109123434705,0.3247863247863248,0.5161001788908766,0.20930232558139536,3.0789473684210527,Oklahoma City Thunder
Josh Giddey,2024,2024-25,80,847,402,243,82,0.47461629279811096,0.3374485596707819,0.5230224321133412,0.28689492325855964,3.0375,Oklahoma City Thunder
Josh Green,2021,2021-22,31,93,42,25,4,0.45161290322580644,0.16,0.4731182795698925,0.26881720430107525,0.8064516129032258,Dallas Mavericks
Josh Green,2022,2022-23,61,256,130,78,28,0.5078125,0.358974358974359,0.5625,0.3046875,1.278688524590164,Dallas Mavericks
Josh Green,2023,2023-24,59,382,205,169,68,0.5366492146596858,0.40236686390532544,0.6256544502617801,0.4424083769633508,2.864406779661017,Dallas Mavericks
Josh Green,2024,2024-25,57,374,179,187,72,0.4786096256684492,0.3850267379679144,0.5748663101604278,0.5,3.280701754385965,Dallas Mavericks
Josh Hart,2018,2018-19,61,375,176,197,78,0.4693333333333333,0.39593908629441626,0.5733333333333334,0.5253333333333333,3.2295081967213113,Los Angeles Lakers
Josh Hart,2019,2019-20,66,464,189,274,92,0.4073275862068966,0.3357664233576642,0.5064655172413793,0.5905172413793104,4.151515151515151,Los Angeles Lakers
Josh Hart,2020,2020-21,65,532,225,354,121,0.42293233082706766,0.3418079096045198,0.5366541353383458,0.6654135338345865,5.446153846153846,New Orleans Pelicans
Josh Hart,2021,2021-22,47,344,151,193,63,0.438953488372093,0.32642487046632124,0.5305232558139535,0.561046511627907,4.1063829787234045,New Orleans Pelicans
Josh Hart,2022,2022-23,54,569,287,213,73,0.5043936731107206,0.3427230046948357,0.5685413005272407,0.37434094903339193,3.9444444444444446,New Orleans Pelicans
Josh Hart,2023,2023-24,76,520,275,164,61,0.5288461538461539,0.3719512195121951,0.5875,0.3153846153846154,2.1578947368421053,Portland Trail Blazers
Josh Hart,2024,2024-25,81,679,295,258,80,0.43446244477172313,0.31007751937984496,0.49337260677466865,0.3799705449189985,3.185185185185185,New York Knicks
Josh Jackson,2018,2018-19,77,932,389,217,57,0.41738197424892703,0.2626728110599078,0.4479613733905579,0.23283261802575106,2.8181818181818183,Phoenix Suns
Josh Jackson,2019,2019-20,79,841,347,225,73,0.4126040428061831,0.3244444444444444,0.45600475624256837,0.267538644470868,2.848101265822785,Phoenix Suns
Josh Jackson,2020,2020-21,19,159,70,72,23,0.44025157232704404,0.3194444444444444,0.5125786163522013,0.4528301886792453,3.789473684210526,Memphis Grizzlies
Josh Jackson,2021,2021-22,62,707,296,257,77,0.4186704384724187,0.29961089494163423,0.47312588401697314,0.3635077793493635,4.145161290322581,Detroit Pistons
Josh Jackson,2022,2022-23,50,300,120,130,33,0.4,0.25384615384615383,0.455,0.43333333333333335,2.6,Detroit Pistons
Josh McRoberts,2013,2013-14,64,343,156,84,24,0.45481049562682213,0.2857142857142857,0.4897959183673469,0.24489795918367346,1.3125,Charlotte Bobcats
Josh McRoberts,2014,2014-15,78,566,247,291,105,0.4363957597173145,0.36082474226804123,0.5291519434628975,0.5141342756183745,3.730769230769231,Charlotte Bobcats
Josh McRoberts,2015,2015-16,16,53,28,19,8,0.5283018867924528,0.42105263157894735,0.6037735849056604,0.3584905660377358,1.1875,Miami Heat
Josh McRoberts,2016,2016-17,38,148,55,49,12,0.3716216216216216,0.24489795918367346,0.41216216216216217,0.3310810810810811,1.2894736842105263,Miami Heat
Josh McRoberts,2017,2017-18,22,118,44,31,13,0.3728813559322034,0.41935483870967744,0.4279661016949153,0.2627118644067797,1.4090909090909092,Miami Heat
Josh McRoberts,2018,2018-19,1,1,0,1,0,0,0,0,1,1,Dallas Mavericks
Josh Okogie,2019,2019-20,72,508,196,215,60,0.3858267716535433,0.27906976744186046,0.4448818897637795,0.42322834645669294,2.986111111111111,Minnesota Timberwolves
Josh Okogie,2020,2020-21,62,398,170,154,41,0.4271356783919598,0.2662337662337662,0.478643216080402,0.3869346733668342,2.4838709677419355,Minnesota Timberwolves
Josh Okogie,2021,2021-22,56,254,102,108,29,0.4015748031496063,0.26851851851851855,0.45866141732283466,0.4251968503937008,1.9285714285714286,Minnesota Timberwolves
Josh Okogie,2022,2022-23,36,104,42,47,14,0.40384615384615385,0.2978723404255319,0.47115384615384615,0.4519230769230769,1.3055555555555556,Minnesota Timberwolves
Josh Okogie,2023,2023-24,65,414,162,197,66,0.391304347826087,0.3350253807106599,0.47101449275362317,0.4758454106280193,3.0307692307692307,Phoenix Suns
Josh Okogie,2024,2024-25,53,206,86,94,29,0.4174757281553398,0.30851063829787234,0.4878640776699029,0.4563106796116505,1.7735849056603774,Phoenix Suns
Josh Richardson,2016,2016-17,46,272,123,115,53,0.4522058823529412,0.4608695652173913,0.5496323529411765,0.4227941176470588,2.5,Miami Heat
Josh Richardson,2017,2017-18,53,513,202,227,75,0.3937621832358674,0.3303964757709251,0.4668615984405458,0.442495126705653,4.283018867924528,Miami Heat
Josh Richardson,2018,2018-19,81,885,399,336,127,0.45084745762711864,0.37797619047619047,0.5225988700564972,0.37966101694915255,4.148148148148148,Miami Heat
Josh Richardson,2019,2019-20,73,1026,423,460,164,0.41228070175438597,0.3565217391304348,0.4922027290448343,0.44834307992202727,6.301369863013699,Miami Heat
Josh Richardson,2020,2020-21,54,646,278,249,85,0.43034055727554177,0.3413654618473896,0.49613003095975233,0.38544891640866874,4.611111111111111,Philadelphia 76ers
Josh Richardson,2021,2021-22,59,618,264,267,88,0.42718446601941745,0.3295880149812734,0.49838187702265374,0.4320388349514563,4.52542372881356,Dallas Mavericks
Josh Richardson,2022,2022-23,64,534,234,246,102,0.43820224719101125,0.4146341463414634,0.5337078651685393,0.4606741573033708,3.84375,Boston Celtics
Josh Richardson,2023,2023-24,65,554,239,293,107,0.4314079422382672,0.3651877133105802,0.5279783393501805,0.5288808664259927,4.507692307692308,San Antonio Spurs
Josh Richardson,2024,2024-25,43,347,154,190,66,0.4438040345821326,0.3473684210526316,0.5389048991354467,0.547550432276657,4.4186046511627906,Miami Heat
Josh Smith,2013,2013-14,76,1182,550,201,61,0.4653130287648054,0.3034825870646766,0.49111675126903553,0.1700507614213198,2.6447368421052633,Atlanta Hawks
Josh Smith,2014,2014-15,77,1233,517,265,70,0.41930251419302517,0.2641509433962264,0.44768856447688565,0.21492295214922952,3.4415584415584415,Detroit Pistons
Josh Smith,2015,2015-16,83,986,414,227,72,0.4198782961460446,0.31718061674008813,0.4563894523326572,0.2302231237322515,2.7349397590361444,Houston Rockets
Josh Smith,2016,2016-17,55,349,127,143,41,0.3638968481375358,0.2867132867132867,0.42263610315186245,0.40974212034383956,2.6,LA Clippers
Josh Smith,2018,2018-19,2,4,1,0,0,0.25,NA,0.25,0,0,New Orleans Pelicans
Jrue Holiday,2013,2013-14,78,1288,555,247,91,0.4309006211180124,0.3684210526315789,0.46622670807453415,0.19177018633540371,3.1666666666666665,Philadelphia 76ers
Jrue Holiday,2014,2014-15,34,454,203,77,30,0.44713656387665196,0.38961038961038963,0.4801762114537445,0.1696035242290749,2.264705882352941,New Orleans Pelicans
Jrue Holiday,2015,2015-16,40,534,238,135,51,0.44569288389513106,0.37777777777777777,0.4934456928838951,0.25280898876404495,3.375,New Orleans Pelicans
Jrue Holiday,2016,2016-17,65,934,410,258,87,0.43897216274089934,0.3372093023255814,0.4855460385438972,0.2762312633832976,3.9692307692307693,New Orleans Pelicans
Jrue Holiday,2017,2017-18,67,892,404,280,99,0.452914798206278,0.3535714285714286,0.5084080717488789,0.31390134529147984,4.17910447761194,New Orleans Pelicans
Jrue Holiday,2018,2018-19,81,1244,615,356,120,0.49437299035369775,0.33707865168539325,0.542604501607717,0.2861736334405145,4.395061728395062,New Orleans Pelicans
Jrue Holiday,2019,2019-20,67,1159,547,363,118,0.4719585849870578,0.325068870523416,0.5228645383951682,0.31320103537532357,5.417910447761194,New Orleans Pelicans
Jrue Holiday,2020,2020-21,61,1006,458,346,122,0.4552683896620278,0.35260115606936415,0.5159045725646123,0.34393638170974156,5.672131147540983,New Orleans Pelicans
Jrue Holiday,2021,2021-22,59,823,414,283,111,0.503037667071689,0.392226148409894,0.5704738760631834,0.34386391251518833,4.796610169491525,Milwaukee Bucks
Jrue Holiday,2022,2022-23,66,954,478,321,132,0.5010482180293501,0.411214953271028,0.570230607966457,0.33647798742138363,4.863636363636363,Milwaukee Bucks
Jrue Holiday,2023,2023-24,67,1023,490,411,158,0.4789833822091887,0.3844282238442822,0.5562072336265884,0.40175953079178883,6.134328358208955,Milwaukee Bucks
Jrue Holiday,2024,2024-25,69,689,331,322,138,0.48040638606676345,0.42857142857142855,0.5805515239477503,0.46734397677793904,4.666666666666667,Boston Celtics
Juancho Hernangomez,2017,2017-18,50,224,101,113,46,0.45089285714285715,0.40707964601769914,0.5535714285714286,0.5044642857142857,2.26,Denver Nuggets
Juancho Hernangomez,2018,2018-19,19,75,29,50,14,0.38666666666666666,0.28,0.48,0.6666666666666666,2.6315789473684212,Denver Nuggets
Juancho Hernangomez,2019,2019-20,61,314,138,181,66,0.4394904458598726,0.36464088397790057,0.5445859872611465,0.5764331210191083,2.9672131147540983,Denver Nuggets
Juancho Hernangomez,2020,2020-21,43,247,100,129,44,0.4048582995951417,0.34108527131782945,0.4939271255060729,0.5222672064777328,3,Minnesota Timberwolves
Juancho Hernangomez,2021,2021-22,50,299,130,168,55,0.43478260869565216,0.3273809523809524,0.5267558528428093,0.5618729096989966,3.36,Minnesota Timberwolves
Juancho Hernangomez,2022,2022-23,30,106,44,69,24,0.41509433962264153,0.34782608695652173,0.5283018867924528,0.6509433962264151,2.3,Utah Jazz
Juancho Hernangomez,2023,2023-24,34,114,48,67,17,0.42105263157894735,0.2537313432835821,0.4956140350877193,0.5877192982456141,1.9705882352941178,Toronto Raptors
Julius Randle,2015,2015-16,1,3,1,0,0,0.3333333333333333,NA,0.3333333333333333,0,0,Los Angeles Lakers
Julius Randle,2016,2016-17,81,835,358,36,10,0.4287425149700599,0.2777777777777778,0.4347305389221557,0.04311377245508982,0.4444444444444444,Los Angeles Lakers
Julius Randle,2017,2017-18,74,773,377,63,17,0.48771021992238034,0.2698412698412698,0.4987063389391979,0.0815006468305304,0.8513513513513513,Los Angeles Lakers
Julius Randle,2018,2018-19,82,904,504,45,10,0.5575221238938053,0.2222222222222222,0.5630530973451328,0.049778761061946904,0.5487804878048781,Los Angeles Lakers
Julius Randle,2019,2019-20,73,1089,571,195,67,0.5243342516069789,0.3435897435897436,0.5550964187327824,0.1790633608815427,2.671232876712329,New Orleans Pelicans
Julius Randle,2020,2020-21,64,1006,463,231,64,0.4602385685884692,0.27705627705627706,0.49204771371769385,0.22962226640159045,3.609375,New York Knicks
Julius Randle,2021,2021-22,71,1321,602,389,160,0.45571536714610145,0.41131105398457585,0.5162755488266465,0.29447388342165026,5.47887323943662,New York Knicks
Julius Randle,2022,2022-23,72,1246,512,390,120,0.41091492776886035,0.3076923076923077,0.4590690208667737,0.3130016051364366,5.416666666666667,New York Knicks
Julius Randle,2023,2023-24,77,1432,658,636,218,0.4594972067039106,0.34276729559748426,0.5356145251396648,0.4441340782122905,8.25974025974026,New York Knicks
Julius Randle,2024,2024-25,46,836,395,244,76,0.47248803827751196,0.3114754098360656,0.5179425837320574,0.291866028708134,5.304347826086956,New York Knicks
Justin Anderson,2016,2016-17,49,175,71,83,22,0.4057142857142857,0.26506024096385544,0.4685714285714286,0.4742857142857143,1.6938775510204083,Dallas Mavericks
Justin Anderson,2017,2017-18,70,439,186,194,58,0.42369020501138954,0.29896907216494845,0.489749430523918,0.4419134396355353,2.7714285714285714,Dallas Mavericks
Justin Anderson,2018,2018-19,37,202,87,103,34,0.4306930693069307,0.3300970873786408,0.5148514851485149,0.5099009900990099,2.7837837837837838,Philadelphia 76ers
Justin Anderson,2019,2019-20,40,157,64,77,24,0.40764331210191085,0.3116883116883117,0.4840764331210191,0.49044585987261147,1.925,Atlanta Hawks
Justin Anderson,2020,2020-21,9,38,10,29,6,0.2631578947368421,0.20689655172413793,0.34210526315789475,0.7631578947368421,3.2222222222222223,Brooklyn Nets
Justin Anderson,2022,2022-23,16,95,36,59,15,0.37894736842105264,0.2542372881355932,0.45789473684210524,0.6210526315789474,3.6875,Indiana Pacers
Justin Holiday,2013,2013-14,9,48,16,16,4,0.3333333333333333,0.25,0.375,0.3333333333333333,1.7777777777777777,Philadelphia 76ers
Justin Holiday,2015,2015-16,53,235,91,109,35,0.3872340425531915,0.3211009174311927,0.46170212765957447,0.46382978723404256,2.056603773584906,Golden State Warriors
Justin Holiday,2016,2016-17,47,228,88,105,36,0.38596491228070173,0.34285714285714286,0.4649122807017544,0.4605263157894737,2.234042553191489,Chicago Bulls
Justin Holiday,2017,2017-18,82,538,233,273,97,0.43308550185873607,0.3553113553113553,0.5232342007434945,0.5074349442379182,3.3292682926829267,New York Knicks
Justin Holiday,2018,2018-19,72,782,290,449,161,0.37084398976982097,0.3585746102449889,0.47378516624040923,0.5741687979539642,6.236111111111111,Chicago Bulls
Justin Holiday,2019,2019-20,81,777,300,465,162,0.3861003861003861,0.34838709677419355,0.49034749034749037,0.5984555984555985,5.7407407407407405,Chicago Bulls
Justin Holiday,2020,2020-21,73,486,208,331,134,0.4279835390946502,0.40483383685800606,0.565843621399177,0.6810699588477366,4.534246575342466,Indiana Pacers
Justin Holiday,2021,2021-22,72,625,258,453,173,0.4128,0.3818984547461369,0.5512,0.7248,6.291666666666667,Indiana Pacers
Justin Holiday,2022,2022-23,74,662,261,482,177,0.3942598187311178,0.36721991701244816,0.5279456193353474,0.7280966767371602,6.513513513513513,Indiana Pacers
Justin Holiday,2023,2023-24,45,204,77,143,46,0.37745098039215685,0.32167832167832167,0.49019607843137253,0.7009803921568627,3.1777777777777776,Atlanta Hawks
Justin Holiday,2024,2024-25,50,194,88,136,55,0.4536082474226804,0.40441176470588236,0.595360824742268,0.7010309278350515,2.72,Denver Nuggets
Justin Jackson,2018,2018-19,67,419,185,185,57,0.441527446300716,0.3081081081081081,0.5095465393794749,0.441527446300716,2.7611940298507465,Sacramento Kings
Justin Jackson,2019,2019-20,79,485,217,245,87,0.44742268041237115,0.3551020408163265,0.5371134020618556,0.5051546391752577,3.1012658227848102,Sacramento Kings
Justin Jackson,2020,2020-21,62,341,135,163,48,0.39589442815249265,0.294478527607362,0.4662756598240469,0.4780058651026393,2.629032258064516,Dallas Mavericks
Justin Jackson,2021,2021-22,34,221,89,117,36,0.40271493212669685,0.3076923076923077,0.4841628959276018,0.5294117647058824,3.4411764705882355,Oklahoma City Thunder
Justin Jackson,2022,2022-23,6,15,5,9,3,0.3333333333333333,0.3333333333333333,0.43333333333333335,0.6,1.5,Phoenix Suns
Justin Jackson,2023,2023-24,15,27,7,20,5,0.25925925925925924,0.25,0.35185185185185186,0.7407407407407407,1.3333333333333333,Boston Celtics
Justise Winslow,2016,2016-17,78,461,195,115,32,0.4229934924078091,0.2782608695652174,0.45770065075921906,0.24945770065075923,1.4743589743589745,Miami Heat
Justise Winslow,2017,2017-18,18,224,80,34,7,0.35714285714285715,0.20588235294117646,0.37276785714285715,0.15178571428571427,1.8888888888888888,Miami Heat
Justise Winslow,2018,2018-19,67,488,207,129,49,0.42418032786885246,0.3798449612403101,0.47438524590163933,0.26434426229508196,1.9253731343283582,Miami Heat
Justise Winslow,2019,2019-20,66,749,324,256,96,0.4325767690253672,0.375,0.49666221628838453,0.3417890520694259,3.878787878787879,Miami Heat
Justise Winslow,2020,2020-21,11,129,50,27,6,0.3875968992248062,0.2222222222222222,0.4108527131782946,0.20930232558139536,2.4545454545454546,Miami Heat
Justise Winslow,2021,2021-22,25,210,74,54,10,0.3523809523809524,0.18518518518518517,0.3761904761904762,0.2571428571428571,2.16,Memphis Grizzlies
Justise Winslow,2022,2022-23,41,257,110,66,15,0.4280155642023346,0.22727272727272727,0.4571984435797665,0.25680933852140075,1.6097560975609757,Los Angeles Clippers
Justise Winslow,2023,2023-24,28,198,81,45,14,0.4090909090909091,0.3111111111111111,0.4444444444444444,0.22727272727272727,1.6071428571428572,Portland Trail Blazers
Jusuf Nurkic,2015,2015-16,61,383,171,2,0,0.4464751958224543,0,0.4464751958224543,0.005221932114882507,0.03278688524590164,Denver Nuggets
Jusuf Nurkic,2016,2016-17,31,242,101,3,0,0.41735537190082644,0,0.41735537190082644,0.012396694214876033,0.0967741935483871,Denver Nuggets
Jusuf Nurkic,2017,2017-18,65,534,271,1,0,0.5074906367041199,0,0.5074906367041199,0.0018726591760299626,0.015384615384615385,Denver Nuggets
Jusuf Nurkic,2018,2018-19,79,951,480,7,0,0.5047318611987381,0,0.5047318611987381,0.007360672975814932,0.08860759493670886,Portland Trail Blazers
Jusuf Nurkic,2019,2019-20,72,826,420,29,3,0.5084745762711864,0.10344827586206896,0.5102905569007264,0.035108958837772396,0.4027777777777778,Portland Trail Blazers
Jusuf Nurkic,2020,2020-21,8,109,54,10,2,0.4954128440366973,0.2,0.5045871559633027,0.09174311926605505,1.25,Portland Trail Blazers
Jusuf Nurkic,2021,2021-22,37,333,171,30,12,0.5135135135135135,0.4,0.5315315315315315,0.09009009009009009,0.8108108108108109,Portland Trail Blazers
Jusuf Nurkic,2022,2022-23,56,600,321,56,15,0.535,0.26785714285714285,0.5475,0.09333333333333334,1,Portland Trail Blazers
Jusuf Nurkic,2023,2023-24,52,505,262,119,43,0.5188118811881188,0.36134453781512604,0.5613861386138614,0.23564356435643563,2.2884615384615383,Portland Trail Blazers
Jusuf Nurkic,2024,2024-25,76,627,320,90,22,0.5103668261562998,0.24444444444444444,0.5279106858054227,0.14354066985645933,1.1842105263157894,Phoenix Suns
Karl-Anthony Towns,2016,2016-17,82,1153,625,88,30,0.5420641803989592,0.3409090909090909,0.5550737207285342,0.07632263660017347,1.0731707317073171,Minnesota Timberwolves
Karl-Anthony Towns,2017,2017-18,82,1479,802,274,101,0.54225828262339415,0.3686131386861314,0.5764029749830967,0.1852603110209601,3.341463414634146,Minnesota Timberwolves
Karl-Anthony Towns,2018,2018-19,82,1172,639,285,120,0.5452218430034129,0.42105263157894735,0.5964163822525598,0.2431740614334471,3.475609756097561,Minnesota Timberwolves
Karl-Anthony Towns,2019,2019-20,77,1314,681,355,142,0.5182648401826484,0.4,0.5722983257229832,0.2701674277016743,4.6103896103896105,Minnesota Timberwolves
Karl-Anthony Towns,2020,2020-21,35,622,316,277,114,0.5080385852090032,0.41155234657039713,0.5996784565916399,0.4453376205787781,7.914285714285715,Minnesota Timberwolves
Karl-Anthony Towns,2021,2021-22,50,875,425,315,122,0.4857142857142857,0.3873015873015873,0.5554285714285714,0.36,6.3,Minnesota Timberwolves
Karl-Anthony Towns,2022,2022-23,74,1214,642,366,150,0.528830313014827,0.4098360655737705,0.5906095551894563,0.3014827018121911,4.945945945945946,Minnesota Timberwolves
Karl-Anthony Towns,2023,2023-24,29,428,212,164,60,0.4953271028037383,0.36585365853658536,0.5654205607476636,0.38317757009345793,5.655172413793103,Minnesota Timberwolves
Karl-Anthony Towns,2024,2024-25,62,951,479,327,136,0.5036803364879074,0.41590214067278286,0.57518401682439535,0.3438485804416404,5.274193548387097,Minnesota Timberwolves
Kawhi Leonard,2013,2013-14,58,526,260,174,65,0.49429657794676807,0.3735632183908046,0.5560836501901141,0.33079847908745247,3,San Antonio Spurs
Kawhi Leonard,2014,2014-15,66,645,337,182,69,0.5224806201550387,0.3791208791208791,0.575968992248062,0.28217054263565894,2.757575757575758,San Antonio Spurs
Kawhi Leonard,2015,2015-16,64,822,394,192,67,0.4793187347931874,0.3489583333333333,0.5200729927007299,0.23357664233576642,3,San Antonio Spurs
Kawhi Leonard,2016,2016-17,72,1088,551,289,129,0.5064338235294118,0.4463667820069204,0.5657169117647058,0.265625,4.013888888888889,San Antonio Spurs
Kawhi Leonard,2017,2017-18,74,1311,636,386,147,0.4851258581235698,0.38082901554404147,0.5411899313501144,0.2944317315026697,5.216216216216216,San Antonio Spurs
Kawhi Leonard,2018,2018-19,9,111,52,35,11,0.46846846846846846,0.3142857142857143,0.5180180180180181,0.3153153153153153,3.888888888888889,San Antonio Spurs
Kawhi Leonard,2019,2019-20,60,1129,560,302,112,0.49601417183348095,0.3708609271523179,0.545615589016829,0.2674933569530558,5.033333333333333,Toronto Raptors
Kawhi Leonard,2020,2020-21,57,1133,532,325,123,0.46954986760812,0.37846153846153846,0.5238305383936452,0.2868490732568402,5.701754385964913,Los Angeles Clippers
Kawhi Leonard,2021,2021-22,52,908,465,254,101,0.512114537444934,0.39763779527559057,0.5677312775330396,0.27973568281938327,4.884615384615385,Los Angeles Clippers
Kawhi Leonard,2023,2023-24,52,871,446,250,104,0.5120551090700345,0.416,0.5717566016073479,0.2870264064293915,4.8076923076923075,LA Clippers
Kawhi Leonard,2024,2024-25,68,1162,610,336,140,0.5249569707401033,0.4166666666666667,0.5851979345955249,0.2891566265060241,4.9411764705882355,LA Clippers
Keegan Murray,2023,2023-24,80,782,354,501,206,0.45268542199488493,0.4111776447105788,0.5843989769820972,0.6406649616368286,6.2625,Sacramento Kings
Keegan Murray,2024,2024-25,77,975,443,511,183,0.4543589743589744,0.35812133072407043,0.5482051282051282,0.5241025641025641,6.636363636363637,Sacramento Kings
Keita Bates-Diop,2019,2019-20,27,142,60,52,13,0.4225352112676056,0.25,0.46830985915492956,0.36619718309859156,1.9259259259259258,Minnesota Timberwolves
Keita Bates-Diop,2020,2020-21,42,234,100,103,34,0.42735042735042733,0.3300970873786408,0.5,0.44017094017094016,2.4523809523809526,Minnesota Timberwolves
Keita Bates-Diop,2021,2021-22,21,67,30,17,5,0.44776119402985076,0.29411764705882354,0.48507462686567165,0.2537313432835821,0.8095238095238095,San Antonio Spurs
Keita Bates-Diop,2022,2022-23,55,263,136,55,17,0.5171102661596958,0.3090909090909091,0.5494296577946768,0.20912547528517111,1,San Antonio Spurs
Keita Bates-Diop,2023,2023-24,62,465,236,142,56,0.5075268817204301,0.39436619718309857,0.567741935483871,0.3053763440860215,2.2903225806451615,San Antonio Spurs
Keita Bates-Diop,2024,2024-25,46,166,72,69,21,0.43373493975903615,0.30434782608695654,0.49698795180722893,0.41566265060240964,1.5,Phoenix Suns
Keldon Johnson,2020,2020-21,16,89,53,22,13,0.5955056179775281,0.5909090909090909,0.6685393258426966,0.24719101123595505,1.375,San Antonio Spurs
Keldon Johnson,2021,2021-22,69,705,338,181,60,0.4794326241134752,0.3314917127071823,0.5219858156028369,0.25673758865248225,2.6231884057971016,San Antonio Spurs
Keldon Johnson,2022,2022-23,75,1011,471,399,159,0.4658753709198813,0.39849624060150374,0.5445103857566765,0.39465875370919884,5.32,San Antonio Spurs
Keldon Johnson,2023,2023-24,63,1113,503,407,134,0.4519317160826595,0.32923832923832924,0.5121293800539084,0.3656783468104223,6.4603174603174605,San Antonio Spurs
Keldon Johnson,2024,2024-25,68,862,391,367,127,0.45359628770301624,0.3460490463215259,0.527262180974478,0.425754060324826,5.397058823529412,San Antonio Spurs
Kelly Olynyk,2014,2014-15,69,502,234,114,40,0.46613545816733065,0.3508771929824561,0.5059760956175299,0.22709163346613545,1.6521739130434783,Boston Celtics
Kelly Olynyk,2015,2015-16,64,528,251,175,61,0.4753787878787879,0.3485714285714286,0.5331439393939394,0.3314393939393939,2.734375,Boston Celtics
Kelly Olynyk,2016,2016-17,69,556,253,210,85,0.4550359712230216,0.40476190476190477,0.5314748201438849,0.3776978417266187,3.0434782608695654,Boston Celtics
Kelly Olynyk,2017,2017-18,75,508,260,192,68,0.5118110236220472,0.3541666666666667,0.5787401574803149,0.3779527559055118,2.56,Boston Celtics
Kelly Olynyk,2018,2018-19,75,636,316,280,106,0.4968553459119497,0.37857142857142856,0.5801886792452831,0.44025157232704404,3.7333333333333334,Miami Heat
Kelly Olynyk,2019,2019-20,77,564,261,319,113,0.4627659574468085,0.3542319749216301,0.5629432624113475,0.5656028368794326,4.142857142857143,Miami Heat
Kelly Olynyk,2020,2020-21,65,398,184,234,95,0.4623115577889447,0.405982905982906,0.5816582914572864,0.5879396984924623,3.6,Miami Heat
Kelly Olynyk,2021,2021-22,70,697,337,368,126,0.4835007173601148,0.3423913043478261,0.5738880918220947,0.5279770444763271,5.257142857142857,Miami Heat
Kelly Olynyk,2022,2022-23,40,286,128,119,40,0.44755244755244755,0.33613445378151263,0.5174825174825175,0.4160839160839161,2.975,Detroit Pistons
Kelly Olynyk,2023,2023-24,68,557,278,236,93,0.4991023339317774,0.3940677966101695,0.5825852782764811,0.4236983842010772,3.4705882352941178,Utah Jazz
Kelly Olynyk,2024,2024-25,78,497,276,155,60,0.5553319919517102,0.3870967741935484,0.6156941649899397,0.3118712273641851,1.9871794871794872,Utah Jazz
Kelly Oubre Jr.,2016,2016-17,48,211,90,79,25,0.4265402843601896,0.31645569620253167,0.48578199052132703,0.3744075829383886,1.6458333333333333,Washington Wizards
Kelly Oubre Jr.,2017,2017-18,76,441,186,187,54,0.4217687074829932,0.2887700534759358,0.48299319727891155,0.42403628117913833,2.460526315789474,Washington Wizards
Kelly Oubre Jr.,2018,2018-19,81,790,318,369,126,0.40253164556962023,0.34146341463414637,0.48227848101265824,0.4670886075949367,4.555555555555555,Washington Wizards
Kelly Oubre Jr.,2019,2019-20,69,842,375,338,108,0.44536817102137766,0.31952662721893493,0.5095011876484561,0.4014251781472684,4.898550724637682,Phoenix Suns
Kelly Oubre Jr.,2020,2020-21,56,826,373,307,108,0.4515738498789346,0.3517915309446254,0.5169491525423728,0.37167070217917675,5.482142857142857,Phoenix Suns
Kelly Oubre Jr.,2021,2021-22,55,724,318,285,90,0.43922651933701656,0.3157894736842105,0.5013812154696132,0.393646408839779,5.181818181818182,Golden State Warriors
Kelly Oubre Jr.,2022,2022-23,76,932,410,553,191,0.43991416309012876,0.3453887884267631,0.5423819742489271,0.5933476394849786,7.276315789473684,Charlotte Hornets
Kelly Oubre Jr.,2023,2023-24,48,819,353,339,108,0.43101343101343104,0.3185840707964602,0.49694749694749696,0.4139194139194139,7.0625,Charlotte Hornets
Kelly Oubre Jr.,2024,2024-25,68,878,387,325,101,0.4407744874715262,0.31076923076923074,0.4982915717539863,0.3701594533029613,4.779411764705882,Philadelphia 76ers
Kemba Walker,2013,2013-14,82,1244,526,332,107,0.4228295819935691,0.32228915662650603,0.4658360128617363,0.26688102893890675,4.048780487804878,Charlotte Bobcats
Kemba Walker,2014,2014-15,73,1143,449,327,109,0.39282589676290464,0.3333333333333333,0.4405074365704287,0.28608923884514437,4.47945205479452,Charlotte Bobcats
Kemba Walker,2015,2015-16,62,981,378,280,85,0.3853211009174312,0.30357142857142855,0.4286442405708461,0.2854230377166157,4.516129032258065,Charlotte Hornets
Kemba Walker,2016,2016-17,81,1331,568,490,182,0.42674680691209615,0.37142857142857144,0.49511645379413977,0.3681442524417731,6.049382716049383,Charlotte Hornets
Kemba Walker,2017,2017-18,79,1449,643,602,240,0.4437543133195307,0.39867109634551495,0.5265700483091788,0.41545893719806765,7.620253164556962,Charlotte Hornets
Kemba Walker,2018,2018-19,80,1363,588,601,231,0.4314013206162876,0.3843594009983361,0.5161408657373441,0.44093910491562727,7.5125,Charlotte Hornets
Kemba Walker,2019,2019-20,82,1684,731,731,260,0.4340855106888361,0.35567715458276333,0.5112826603325415,0.4340855106888361,8.914634146341463,Charlotte Hornets
Kemba Walker,2020,2020-21,56,889,378,473,180,0.4251968503937008,0.38054968287526425,0.5264341957255343,0.532058492688414,8.446428571428571,Boston Celtics
Kemba Walker,2021,2021-22,43,676,284,353,127,0.42011834319526625,0.3597733711048159,0.5140532544378699,0.522189349112426,8.209302325581396,Boston Celtics
Kemba Walker,2022,2022-23,37,370,149,199,73,0.4027027027027027,0.36683417085427134,0.5013513513513513,0.5378378378378378,5.378378378378378,New York Knicks
Kemba Walker,2023,2023-24,9,57,24,28,7,0.42105263157894735,0.25,0.4824561403508772,0.49122807017543857,3.111111111111111,Dallas Mavericks
Kendrick Nunn,2020,2020-21,67,914,401,391,137,0.4387308533916849,0.35038363171355497,0.5136761487964989,0.42778993435448576,5.835820895522388,Miami Heat
Kendrick Nunn,2021,2021-22,56,658,319,320,122,0.4848024316109423,0.38125,0.5775075987841946,0.48632218844984804,5.714285714285714,Miami Heat
Kendrick Nunn,2023,2023-24,69,450,191,223,79,0.42444444444444446,0.3542600896860987,0.5122222222222222,0.4955555555555556,3.2318840579710146,Los Angeles Lakers
Kenneth Faried,2013,2013-14,79,689,380,0,0,0.5515239477503628,NA,0.5515239477503628,0,0,Denver Nuggets
Kenneth Faried,2014,2014-15,80,820,447,3,0,0.5451219512195122,0,0.5451219512195122,0.003658536585365854,0.0375,Denver Nuggets
Kenneth Faried,2015,2015-16,75,736,373,8,1,0.5067934782608695,0.125,0.5074728260869565,0.010869565217391304,0.10666666666666667,Denver Nuggets
Kenneth Faried,2016,2016-17,66,626,349,2,1,0.5575079872204473,0.5,0.5583067092651757,0.003194888178913738,0.030303030303030304,Denver Nuggets
Kenneth Faried,2017,2017-18,60,416,228,6,0,0.5480769230769231,0,0.5480769230769231,0.014423076923076924,0.1,Denver Nuggets
Kenneth Faried,2018,2018-19,29,148,76,1,0,0.5135135135135135,0,0.5135135135135135,0.006756756756756757,0.034482758620689655,Denver Nuggets
Kenneth Faried,2019,2019-20,33,265,156,25,8,0.5886792452830188,0.32,0.6037735849056604,0.09433962264150944,0.7575757575757576,Houston Rockets
Kenrich Williams,2019,2019-20,43,279,107,156,52,0.3835125448028674,0.3333333333333333,0.4767025089605735,0.5591397849462365,3.627906976744186,New Orleans Pelicans
Kenrich Williams,2020,2020-21,34,147,51,97,25,0.3469387755102041,0.25773195876288657,0.43197278911564624,0.6598639455782312,2.8529411764705883,New Orleans Pelicans
Kenrich Williams,2021,2021-22,63,411,219,117,52,0.5328467153284672,0.4444444444444444,0.5961070559610706,0.2846715328467153,1.8571428571428572,Oklahoma City Thunder
Kenrich Williams,2022,2022-23,49,317,146,121,41,0.4605678233438486,0.33884297520661155,0.5252365930599369,0.38170347003154576,2.4693877551020407,Oklahoma City Thunder
Kenrich Williams,2023,2023-24,53,346,179,134,50,0.5173410404624278,0.373134328358209,0.5895953757225434,0.3872832369942196,2.5283018867924527,Oklahoma City Thunder
Kenrich Williams,2024,2024-25,68,280,131,141,56,0.46785714285714286,0.3971631205673759,0.5678571428571428,0.5035714285714286,2.073529411764706,Oklahoma City Thunder
Kent Bazemore,2013,2013-14,35,116,43,34,10,0.3706896551724138,0.29411764705882354,0.41379310344827586,0.29310344827586204,0.9714285714285714,Golden State Warriors
Kent Bazemore,2014,2014-15,57,343,147,128,43,0.42857142857142855,0.3359375,0.4912536443148688,0.37317784256559766,2.245614035087719,Los Angeles Lakers
Kent Bazemore,2015,2015-16,68,331,141,132,48,0.4259818731117825,0.36363636363636365,0.4984894259818731,0.3987915407854985,1.9411764705882353,Atlanta Hawks
Kent Bazemore,2016,2016-17,75,724,319,304,108,0.44060773480662985,0.35526315789473684,0.5151933701657458,0.4198895027624309,4.053333333333334,Atlanta Hawks
Kent Bazemore,2017,2017-18,73,718,294,263,91,0.40947075208913647,0.34600760456273766,0.47284122562674097,0.36629526462395545,3.6027397260273974,Atlanta Hawks
Kent Bazemore,2018,2018-19,65,676,284,274,108,0.42011834319526625,0.39416058394160586,0.5,0.40532544378698226,4.2153846153846155,Atlanta Hawks
Kent Bazemore,2019,2019-20,67,691,278,300,96,0.402315484804631,0.32,0.4717800289435601,0.4341534008683068,4.477611940298507,Atlanta Hawks
Kent Bazemore,2020,2020-21,68,534,200,244,84,0.37453183520599254,0.3442622950819672,0.45318352059925093,0.45692883895131087,3.588235294117647,Portland Trail Blazers
Kent Bazemore,2021,2021-22,66,392,176,184,75,0.4489795918367347,0.4076086956521739,0.5446428571428571,0.46938775510204084,2.787878787878788,Golden State Warriors
Kent Bazemore,2022,2022-23,37,139,45,80,29,0.3237410071942446,0.3625,0.42805755395683454,0.5755395683453237,2.1621621621621623,Los Angeles Lakers
Kentavious Caldwell-Pope,2014,2014-15,72,459,181,184,58,0.39433551198257083,0.31521739130434784,0.45751633986928103,0.4008714596949891,2.5555555555555554,Detroit Pistons
Kentavious Caldwell-Pope,2015,2015-16,82,972,390,444,153,0.4012345679012346,0.34459459459459457,0.4799382716049383,0.4567901234567901,5.414634146341464,Detroit Pistons
Kentavious Caldwell-Pope,2016,2016-17,76,959,403,368,114,0.42022940563086547,0.30978260869565216,0.4796663190823775,0.38373305526590196,4.842105263157895,Detroit Pistons
Kentavious Caldwell-Pope,2017,2017-18,75,927,370,436,153,0.39913700107874867,0.35091743119266056,0.4816612729234088,0.4703344120819849,5.8133333333333335,Detroit Pistons
Kentavious Caldwell-Pope,2018,2018-19,74,798,340,415,159,0.42606516290726815,0.38313253012048193,0.5256892230576441,0.5200501253132832,5.608108108108108,Los Angeles Lakers
Kentavious Caldwell-Pope,2019,2019-20,82,756,325,435,151,0.4298941798941799,0.3471264367816092,0.5297619047619048,0.5753968253968254,5.304878048780488,Los Angeles Lakers
Kentavious Caldwell-Pope,2020,2020-21,69,507,237,239,92,0.46745562130177515,0.38493723849372385,0.5581854043392505,0.4714003944773176,3.463768115942029,Los Angeles Lakers
Kentavious Caldwell-Pope,2021,2021-22,67,506,218,293,120,0.4308300395256917,0.40955631399317405,0.549407114624506,0.5790513833992095,4.373134328358209,Los Angeles Lakers
Kentavious Caldwell-Pope,2022,2022-23,77,829,361,408,159,0.43546441495778043,0.3897058823529412,0.5313630880579011,0.49215922798552475,5.298701298701299,Washington Wizards
Kentavious Caldwell-Pope,2023,2023-24,76,632,292,319,135,0.4620253164556962,0.4231974921630094,0.5688291139240507,0.504746835443038,4.197368421052632,Denver Nuggets
Kentavious Caldwell-Pope,2024,2024-25,76,587,270,308,125,0.4599659284497445,0.40584415584415584,0.5664395229982965,0.524701873935264,4.052631578947368,Denver Nuggets
Kenyon Martin Jr.,2021,2021-22,44,318,162,96,35,0.5094339622641509,0.3645833333333333,0.5644654088050315,0.3018867924528302,2.1818181818181817,Houston Rockets
Kenyon Martin Jr.,2022,2022-23,77,523,279,168,60,0.5334608030592735,0.35714285714285715,0.5908221797323135,0.32122370936902483,2.1818181818181817,Houston Rockets
Kenyon Martin Jr.,2023,2023-24,82,720,410,216,68,0.5694444444444444,0.3148148148148148,0.6166666666666667,0.3,2.6341463414634148,Houston Rockets
Kevin Durant,2013,2013-14,81,1433,731,334,139,0.5101186322400558,0.4161676646706587,0.5586182833217027,0.23307745987438938,4.1234567901234565,Oklahoma City Thunder
Kevin Durant,2014,2014-15,81,1688,849,491,192,0.5029620853080569,0.3910386965376782,0.5598341232227488,0.2908767772511848,6.061728395061729,Oklahoma City Thunder
Kevin Durant,2015,2015-16,27,467,238,159,64,0.5096359743040685,0.4025157232704403,0.5781584582441114,0.3404710920770878,5.888888888888889,Oklahoma City Thunder
Kevin Durant,2016,2016-17,72,1381,698,481,186,0.5054308472121651,0.3866943866943867,0.5727733526430123,0.34829833454018827,6.680555555555555,Oklahoma City Thunder
Kevin Durant,2017,2017-18,62,1026,551,312,117,0.5370370370370371,0.375,0.5940545808966862,0.30409356725146197,5.032258064516129,Golden State Warriors
Kevin Durant,2018,2018-19,68,1222,630,413,173,0.5155482815057283,0.4188861985472155,0.5863338788870703,0.33797054009819966,6.073529411764706,Golden State Warriors
Kevin Durant,2019,2019-20,78,1383,721,388,137,0.5213304410701374,0.35309278350515466,0.5708604483007954,0.28054953000723065,4.9743589743589745,Golden State Warriors
Kevin Durant,2021,2021-22,35,603,324,189,85,0.5373134328358209,0.4497354497354497,0.6077943615257048,0.31343283582089554,5.4,Brooklyn Nets
Kevin Durant,2022,2022-23,55,1115,578,300,115,0.5183856502242152,0.38333333333333336,0.5699551569506727,0.26905829596412556,5.454545454545454,Brooklyn Nets
Kevin Durant,2023,2023-24,47,862,483,230,93,0.5603248259860789,0.4043478260869565,0.6142691415313225,0.2668213457076566,4.8936170212765955,Brooklyn Nets
Kevin Durant,2024,2024-25,75,1436,751,407,168,0.5229805013927576,0.41277641277641275,0.5814763231197771,0.28342618384401114,5.426666666666667,Phoenix Suns
Kevin Garnett,2013,2013-14,68,850,422,16,2,0.4964705882352941,0.125,0.4976470588235294,0.018823529411764704,0.23529411764705882,Boston Celtics
Kevin Garnett,2014,2014-15,54,356,157,3,0,0.4410112359550562,0,0.4410112359550562,0.008426966292134831,0.05555555555555555,Brooklyn Nets
Kevin Garnett,2015,2015-16,47,306,143,7,1,0.4673202614379085,0.14285714285714285,0.46895424836601307,0.02287581699346405,0.14893617021276595,Brooklyn Nets
Kevin Garnett,2016,2016-17,37,115,54,1,0,0.46956521739130436,0,0.46956521739130436,0.008695652173913044,0.02702702702702703,Minnesota Timberwolves
Kevin Huerter,2019,2019-20,75,657,275,353,136,0.4185692541856925,0.38526912181303113,0.5220700152207002,0.5372907153729072,4.706666666666667,Atlanta Hawks
Kevin Huerter,2020,2020-21,56,610,252,334,127,0.4131147540983607,0.38023952095808383,0.5172131147540984,0.5475409836065573,5.964285714285714,Atlanta Hawks
Kevin Huerter,2021,2021-22,69,731,316,386,140,0.4322845417236662,0.3626943005181347,0.5280437756497948,0.5280437756497948,5.594202898550725,Atlanta Hawks
Kevin Huerter,2022,2022-23,74,760,345,411,160,0.45394736842105265,0.38929440389294406,0.5592105263157895,0.5407894736842105,5.554054054054054,Atlanta Hawks
Kevin Huerter,2023,2023-24,75,866,420,510,205,0.48498845265588914,0.4019607843137255,0.6033487297921478,0.5889145496535797,6.8,Sacramento Kings
Kevin Huerter,2024,2024-25,62,560,248,341,123,0.44285714285714284,0.36070381231671556,0.5526785714285715,0.6089285714285714,5.5,Sacramento Kings
Kevin Knox II,2019,2019-20,75,914,338,364,125,0.36980306345733044,0.3434065934065934,0.43818380743982493,0.3982494529540481,4.8533333333333335,New York Knicks
Kevin Knox II,2020,2020-21,65,401,144,199,65,0.35910224438902744,0.32663316582914576,0.4401496259351621,0.49625935162094764,3.0615384615384613,New York Knicks
Kevin Knox II,2021,2021-22,34,143,56,89,35,0.3916083916083916,0.39325842696629215,0.513986013986014,0.6223776223776224,2.6176470588235294,New York Knicks
Kevin Knox II,2022,2022-23,25,85,31,54,15,0.36470588235294116,0.2777777777777778,0.45294117647058824,0.6352941176470588,2.16,Atlanta Hawks
Kevin Knox II,2023,2023-24,60,332,152,186,65,0.4578313253012048,0.34946236559139787,0.5557228915662651,0.5602409638554217,3.1,Detroit Pistons
Kevin Knox II,2024,2024-25,29,186,86,94,31,0.46236559139784944,0.32978723404255317,0.5456989247311828,0.5053763440860215,3.2413793103448274,Detroit Pistons
Kevin Love,2013,2013-14,18,298,105,92,20,0.3523489932885906,0.21739130434782608,0.3859060402684564,0.3087248322147651,5.111111111111111,Minnesota Timberwolves
Kevin Love,2014,2014-15,77,1421,650,505,190,0.4574243490499648,0.37623762376237624,0.5242786769880365,0.3553835327234342,6.558441558441558,Minnesota Timberwolves
Kevin Love,2015,2015-16,75,952,413,392,144,0.4338235294117647,0.3673469387755102,0.509453781512605,0.4117647058823529,5.226666666666667,Cleveland Cavaliers
Kevin Love,2016,2016-17,77,976,408,438,157,0.4180327868852459,0.3584474885844749,0.4984631147540984,0.4487704918032787,5.688311688311688,Cleveland Cavaliers
Kevin Love,2017,2017-18,60,867,370,389,145,0.42675893886966554,0.37275064267352187,0.5103806228373703,0.4486735870818916,6.483333333333333,Cleveland Cavaliers
Kevin Love,2018,2018-19,58,729,334,330,137,0.45816186556927296,0.41515151515151516,0.5521262002743484,0.45267489711934156,5.689655172413793,Cleveland Cavaliers
Kevin Love,2019,2019-20,22,283,109,147,53,0.38515901060070673,0.36054421768707484,0.4787985865724382,0.519434628975265,6.681818181818182,Cleveland Cavaliers
Kevin Love,2020,2020-21,56,727,327,390,146,0.4497936726272352,0.37435897435897436,0.5502063273727648,0.5364511691884457,6.964285714285714,Cleveland Cavaliers
Kevin Love,2021,2021-22,23,252,103,156,57,0.4087301587301587,0.36538461538461536,0.5218253968253969,0.6190476190476191,6.782608695652174,Cleveland Cavaliers
Kevin Love,2022,2022-23,74,761,327,477,187,0.4296977660972405,0.3920335429769392,0.5525624178712221,0.6268068331143233,6.445945945945946,Cleveland Cavaliers
Kevin Love,2023,2023-24,62,424,165,296,99,0.3891509433962264,0.3344594594594595,0.5058962264150944,0.6981132075471698,4.774193548387097,Cleveland Cavaliers
Kevin Love,2024,2024-25,55,359,158,244,84,0.4401114206128134,0.3442622950819672,0.5571030640668524,0.6796657381615598,4.4363636363636365,Miami Heat
Kevin Martin,2013,2013-14,77,778,350,371,158,0.4498714652956298,0.42587601078167114,0.5514138817480719,0.4768637532133676,4.818181818181818,Oklahoma City Thunder
Kevin Martin,2014,2014-15,68,1022,439,296,114,0.4295499021526419,0.38513513513513514,0.48532289628180036,0.2896281800391389,4.352941176470588,Minnesota Timberwolves
Kevin Martin,2015,2015-16,39,625,267,191,75,0.4272,0.39267015706806285,0.4872,0.3056,4.897435897435898,Minnesota Timberwolves
Kevin Martin,2016,2016-17,53,418,156,135,49,0.37320574162679426,0.362962962962963,0.4318181818181818,0.3229665071770335,2.547169811320755,Minnesota Timberwolves
Kevin Porter Jr.,2020,2020-21,50,421,186,158,53,0.4418052256532066,0.33544303797468356,0.504750593824228,0.3752969121140142,3.16,Cleveland Cavaliers
Kevin Porter Jr.,2021,2021-22,26,367,156,161,50,0.4250681198910082,0.3105590062111801,0.49318801089918257,0.43869209809264303,6.1923076923076925,Houston Rockets
Kevin Porter Jr.,2022,2022-23,61,808,335,413,155,0.4146039603960396,0.37530266343825663,0.510519801980198,0.5111386138613861,6.770491803278689,Houston Rockets
Kevin Porter Jr.,2023,2023-24,59,884,391,385,141,0.4423076923076923,0.36623376623376624,0.5220588235294118,0.43552036199095023,6.52542372881356,Houston Rockets
Kevin Seraphin,2013,2013-14,78,716,330,0,0,0.46089385474860334,NA,0.46089385474860334,0,0,Washington Wizards
Kevin Seraphin,2014,2014-15,49,220,111,0,0,0.5045454545454545,NA,0.5045454545454545,0,0,Washington Wizards
Kevin Seraphin,2015,2015-16,78,450,231,2,0,0.5133333333333333,0,0.5133333333333333,0.0044444444444444444,0.02564102564102564,Washington Wizards
Kevin Seraphin,2016,2016-17,47,205,84,2,0,0.4097560975609756,0,0.4097560975609756,0.00975609756097561,0.0425531914893617,New York Knicks
Kevin Seraphin,2017,2017-18,46,198,109,2,0,0.5505050505050505,0,0.5505050505050505,0.010101010101010102,0.043478260869565216,Indiana Pacers
Kevon Looney,2016,2016-17,4,7,4,2,1,0.5714285714285714,0.5,0.6428571428571429,0.2857142857142857,0.5,Golden State Warriors
Kevon Looney,2017,2017-18,46,107,56,9,2,0.5233644859813084,0.2222222222222222,0.5327102803738317,0.08411214953271028,0.1956521739130435,Golden State Warriors
Kevon Looney,2018,2018-19,54,193,112,5,1,0.5803108808290155,0.2,0.582901554404145,0.025906735751295335,0.09259259259259259,Golden State Warriors
Kevon Looney,2019,2019-20,77,347,217,10,1,0.6253602305475504,0.1,0.6268011527377522,0.02881844380403458,0.12987012987012986,Golden State Warriors
Kevon Looney,2020,2020-21,20,79,29,14,1,0.3670886075949367,0.07142857142857142,0.37341772151898733,0.17721518987341772,0.7,Golden State Warriors
Kevon Looney,2021,2021-22,60,197,108,17,4,0.5482233502538071,0.23529411764705882,0.5583756345177665,0.08629441624365482,0.2833333333333333,Golden State Warriors
Kevon Looney,2022,2022-23,81,364,208,1,0,0.5714285714285714,0,0.5714285714285714,0.0027472527472527475,0.012345679012345678,Golden State Warriors
Kevon Looney,2023,2023-24,81,384,242,1,0,0.6302083333333334,0,0.6302083333333334,0.0026041666666666665,0.012345679012345678,Golden State Warriors
Kevon Looney,2024,2024-25,71,233,139,1,0,0.5965665236051502,0,0.5965665236051502,0.004291845493562232,0.014084507042253521,Golden State Warriors
Khem Birch,2018,2018-19,33,126,68,0,0,0.5396825396825397,NA,0.5396825396825397,0,0,Orlando Magic
Khem Birch,2019,2019-20,47,151,91,1,0,0.6026490066225165,0,0.6026490066225165,0.006622516556291391,0.02127659574468085,Orlando Magic
Khem Birch,2020,2020-21,41,143,73,1,0,0.5104895104895105,0,0.5104895104895105,0.006993006993006993,0.024390243902439025,Orlando Magic
Khem Birch,2021,2021-22,66,380,189,52,13,0.49736842105263157,0.25,0.5144736842105263,0.1368421052631579,0.7878787878787878,Orlando Magic
Khem Birch,2022,2022-23,51,200,97,14,0,0.485,0,0.485,0.07,0.27450980392156865,Toronto Raptors
Khem Birch,2023,2023-24,15,32,19,2,1,0.59375,0.5,0.609375,0.0625,0.13333333333333333,Toronto Raptors
Khris Middleton,2013,2013-14,24,141,62,45,14,0.4397163120567376,0.3111111111111111,0.48936170212765956,0.3191489361702128,1.875,Detroit Pistons
Khris Middleton,2014,2014-15,82,854,376,290,120,0.44028103044496486,0.41379310344827586,0.5105386416861827,0.3395784543325527,3.5365853658536586,Milwaukee Bucks
Khris Middleton,2015,2015-16,79,869,406,268,109,0.4672036823935558,0.40671641791044777,0.5299194476409667,0.3084004602991945,3.392405063291139,Milwaukee Bucks
Khris Middleton,2016,2016-17,79,1142,507,361,143,0.44395796847635727,0.3961218836565097,0.5065674255691769,0.3161120840630473,4.569620253164557,Milwaukee Bucks
Khris Middleton,2017,2017-18,29,333,150,104,45,0.45045045045045046,0.4326923076923077,0.5180180180180181,0.3123123123123123,3.586206896551724,Milwaukee Bucks
Khris Middleton,2018,2018-19,82,1272,593,407,146,0.4661949685534591,0.35872235872235875,0.5235849056603774,0.3199685534591195,4.963414634146342,Milwaukee Bucks
Khris Middleton,2019,2019-20,77,1148,506,474,179,0.44076655052264807,0.37763713080168776,0.5187282229965157,0.41289198606271776,6.1558441558441555,Milwaukee Bucks
Khris Middleton,2020,2020-21,62,947,471,354,147,0.49736008447729674,0.4152542372881356,0.574973600844773,0.3738120380147835,5.709677419354839,Milwaukee Bucks
Khris Middleton,2021,2021-22,68,1074,511,365,151,0.4757914338919926,0.4136986301369863,0.5460893854748603,0.3398510242085661,5.367647058823529,Milwaukee Bucks
Khris Middleton,2022,2022-23,66,1021,452,434,162,0.4427032321253673,0.37327188940092165,0.5220372184133203,0.4250734573947111,6.575757575757576,Milwaukee Bucks
Khris Middleton,2023,2023-24,33,406,177,162,51,0.43596059113300495,0.3148148148148148,0.4987684729064039,0.39901477832512317,4.909090909090909,Milwaukee Bucks
Khris Middleton,2024,2024-25,55,643,317,247,94,0.49300155520995337,0.3805668016194332,0.5660964230171073,0.38413685847589424,4.490909090909091,Milwaukee Bucks
Killian Hayes,2021,2021-22,26,201,71,72,20,0.35323383084577115,0.2777777777777778,0.40298507462686567,0.3582089552238806,2.769230769230769,Detroit Pistons
Killian Hayes,2022,2022-23,66,459,176,167,44,0.38344226579520696,0.2634730538922156,0.43137254901960786,0.3638344226579521,2.5303030303030303,Detroit Pistons
Killian Hayes,2023,2023-24,76,815,307,286,80,0.37668711656441717,0.27972027972027974,0.42576687116564416,0.350920245398773,3.763157894736842,Detroit Pistons
Killian Hayes,2024,2024-25,42,283,117,74,22,0.4134275618374558,0.2972972972972973,0.45229681978798586,0.26148409893992935,1.7619047619047619,Detroit Pistons
Kirk Hinrich,2013,2013-14,60,422,159,182,71,0.37677725118483413,0.3901098901098901,0.4609004739336493,0.4312796208530806,3.033333333333333,Chicago Bulls
Kirk Hinrich,2014,2014-15,73,619,243,242,85,0.3925686591276252,0.3512396694214876,0.46122778675282716,0.39095315024232635,3.315068493150685,Chicago Bulls
Kirk Hinrich,2015,2015-16,64,381,142,168,58,0.37270341207349084,0.34523809523809523,0.44881889763779526,0.4409448818897638,2.625,Chicago Bulls
Kirk Hinrich,2016,2016-17,40,129,49,62,24,0.3798449612403101,0.3870967741935484,0.4728682170542636,0.4806201550387597,1.55,Chicago Bulls
Klay Thompson,2013,2013-14,82,1205,508,526,211,0.4215767634854772,0.4011406844106464,0.5091286307053942,0.43651452282157677,6.414634146341464,Golden State Warriors
Klay Thompson,2014,2014-15,81,1259,559,535,223,0.44400317712470216,0.41682242990654206,0.5325655281969818,0.4249404289118348,6.604938271604938,Golden State Warriors
Klay Thompson,2015,2015-16,77,1299,602,545,239,0.4634334103156274,0.43853211009174314,0.5554272517321016,0.4195535026943803,7.077922077922078,Golden State Warriors
Klay Thompson,2016,2016-17,80,1386,651,650,276,0.4696969696969697,0.4246153846153846,0.5692640692640693,0.468975468975469,8.125,Golden State Warriors
Klay Thompson,2017,2017-18,78,1376,644,647,268,0.4680232558139535,0.4142194744976816,0.565406976744186,0.470203488372093,8.294871794871796,Golden State Warriors
Klay Thompson,2018,2018-19,73,1177,575,520,229,0.48853016142735767,0.4403846153846154,0.5858113848768054,0.44180118946474084,7.123287671232877,Golden State Warriors
Klay Thompson,2019,2019-20,78,1402,655,599,241,0.46718972895863053,0.4023372287145242,0.5531383737517832,0.427246790299572,7.67948717948718,Golden State Warriors
Klay Thompson,2022,2022-23,32,573,246,296,114,0.4293193717277487,0.38513513513513514,0.5287958115183246,0.5165794066317626,9.25,Golden State Warriors
Klay Thompson,2023,2023-24,69,1252,546,731,301,0.43610223642172524,0.4117647058823529,0.5563099041533547,0.5838658146964856,10.594202898550725,Golden State Warriors
Klay Thompson,2024,2024-25,77,1133,490,692,268,0.4324801412180053,0.3872832369942196,0.5507502206531333,0.6107678729037952,8.987012987012987,Golden State Warriors
Kobe Bryant,2013,2013-14,78,1593,736,405,130,0.4620213433772756,0.32098765432098764,0.5028248587570622,0.2542372881355932,5.1923076923076925,Los Angeles Lakers
Kobe Bryant,2014,2014-15,6,73,31,16,3,0.4246575342465753,0.1875,0.4452054794520548,0.2191780821917808,2.6666666666666665,Los Angeles Lakers
Kobe Bryant,2015,2015-16,35,713,266,184,54,0.37307152875175315,0.29347826086956524,0.4109396914446003,0.25806451612903225,5.257142857142857,Los Angeles Lakers
Kobe Bryant,2016,2016-17,66,1113,398,467,133,0.35759209344115006,0.284796573875803,0.417340521114106,0.4195867026055705,7.075757575757576,Los Angeles Lakers
Kosta Koufos,2013,2013-14,81,508,295,1,0,0.5807086614173228,0,0.5807086614173228,0.001968503937007874,0.012345679012345678,Denver Nuggets
Kosta Koufos,2014,2014-15,78,459,227,0,0,0.49455337690631807,NA,0.49455337690631807,0,0,Memphis Grizzlies
Kosta Koufos,2015,2015-16,78,358,182,0,0,0.5083798882681564,NA,0.5083798882681564,0,0,Memphis Grizzlies
Kosta Koufos,2016,2016-17,76,444,236,0,0,0.5315315315315315,NA,0.5315315315315315,0,0,Sacramento Kings
Kosta Koufos,2017,2017-18,70,392,216,1,0,0.5510204081632653,0,0.5510204081632653,0.002551020408163265,0.014285714285714285,Sacramento Kings
Kosta Koufos,2018,2018-19,71,389,222,0,0,0.570694087403599,NA,0.570694087403599,0,0,Sacramento Kings
Kosta Koufos,2019,2019-20,39,153,73,0,0,0.477124183006536,NA,0.477124183006536,0,0,Sacramento Kings
Kris Dunn,2017,2017-18,77,313,118,73,21,0.3769968051118211,0.2876712328767123,0.41054313099041534,0.23322683706070288,0.948051948051948,Minnesota Timberwolves
Kris Dunn,2018,2018-19,52,666,286,134,43,0.4294294294294294,0.3208955223880597,0.4617117117117117,0.2012012012012012,2.576923076923077,Chicago Bulls
Kris Dunn,2019,2019-20,46,506,215,96,34,0.424901185770751,0.3541666666666667,0.45849802371541504,0.18972332015810275,2.0869565217391304,Chicago Bulls
Kris Dunn,2020,2020-21,50,342,152,112,29,0.4444444444444444,0.25892857142857145,0.4868421052631579,0.32748538011695905,2.24,Chicago Bulls
Kris Dunn,2021,2021-22,3,12,1,2,0,0.08333333333333333,0,0.08333333333333333,0.16666666666666666,0.6666666666666666,Atlanta Hawks
Kris Dunn,2022,2022-23,14,102,44,11,1,0.43137254901960786,0.09090909090909091,0.4362745098039216,0.10784313725490197,0.7857142857142857,Portland Trail Blazers
Kris Dunn,2023,2023-24,22,216,116,36,17,0.5370370370370371,0.4722222222222222,0.5763888888888888,0.16666666666666666,1.6363636363636365,Utah Jazz
Kris Dunn,2024,2024-25,63,313,147,111,41,0.4696485623003195,0.36936936936936937,0.5351437699680511,0.3546325878594249,1.7619047619047619,Utah Jazz
Kris Humphries,2013,2013-14,63,310,139,2,0,0.4483870967741935,0,0.4483870967741935,0.0064516129032258064,0.031746031746031744,Brooklyn Nets
Kris Humphries,2014,2014-15,68,461,231,2,0,0.5010845986984815,0,0.5010845986984815,0.004338394793926247,0.029411764705882353,Boston Celtics
Kris Humphries,2015,2015-16,64,446,211,7,0,0.4730941704035874,0,0.4730941704035874,0.01569506726457399,0.109375,Washington Wizards
Kris Humphries,2016,2016-17,53,295,121,108,34,0.4101694915254237,0.3148148148148148,0.46779661016949153,0.36610169491525424,2.0377358490566038,Washington Wizards
Kris Humphries,2017,2017-18,55,214,87,54,19,0.40654205607476634,0.35185185185185186,0.45093457943925236,0.2523364485981308,0.9818181818181818,Atlanta Hawks
Kristaps Porzingis,2016,2016-17,72,886,373,243,81,0.42099322799097066,0.3333333333333333,0.4667042889390519,0.2742663656884876,3.375,New York Knicks
Kristaps Porzingis,2017,2017-18,66,985,443,314,112,0.449746192893401,0.35668789808917195,0.5065989847715736,0.3187817258883249,4.757575757575758,New York Knicks
Kristaps Porzingis,2018,2018-19,48,889,390,228,90,0.43869516310461193,0.39473684210526316,0.48931383577052867,0.25646794150731156,4.75,New York Knicks
Kristaps Porzingis,2020,2020-21,57,932,398,403,142,0.4270386266094421,0.3523573200992556,0.5032188841201717,0.43240343347639487,7.0701754385964914,Dallas Mavericks
Kristaps Porzingis,2021,2021-22,43,683,325,258,97,0.47584187408491946,0.375968992248062,0.5468521229868228,0.37774524158125916,6,Dallas Mavericks
Kristaps Porzingis,2022,2022-23,51,767,352,252,78,0.4589308996088657,0.30952380952380953,0.5097783572359843,0.3285528031290743,4.9411764705882355,Dallas Mavericks
Kristaps Porzingis,2023,2023-24,65,1018,507,356,137,0.49803536345776034,0.3848314606741573,0.5653241650294696,0.34970530451866405,5.476923076923077,Washington Wizards
Kristaps Porzingis,2024,2024-25,57,752,388,293,110,0.5159574468085106,0.37542662116040953,0.589095744680851,0.3896276595744681,5.140350877192983,Boston Celtics
Kyle Anderson,2015,2015-16,24,89,31,11,3,0.34831460674157305,0.2727272727272727,0.3651685393258427,0.12359550561797752,0.4583333333333333,San Antonio Spurs
Kyle Anderson,2016,2016-17,70,295,138,37,12,0.46779661016949153,0.32432432432432434,0.488135593220339,0.12542372881355932,0.5285714285714286,San Antonio Spurs
Kyle Anderson,2017,2017-18,58,208,93,39,15,0.44711538461538464,0.38461538461538464,0.4831730769230769,0.1875,0.6724137931034483,San Antonio Spurs
Kyle Anderson,2018,2018-19,74,438,231,57,19,0.5273972602739726,0.3333333333333333,0.5490867579908676,0.13013698630136986,0.7702702702702703,San Antonio Spurs
Kyle Anderson,2019,2019-20,43,276,150,34,9,0.5434782608695652,0.2647058823529412,0.5597826086956522,0.12318840579710146,0.7906976744186046,Memphis Grizzlies
Kyle Anderson,2020,2020-21,67,331,157,85,24,0.4743202416918429,0.2823529411764706,0.5105740181268882,0.256797583081571,1.2686567164179106,Memphis Grizzlies
Kyle Anderson,2021,2021-22,69,658,308,261,94,0.46808510638297873,0.36015325670498083,0.5395136778115501,0.3966565349544073,3.782608695652174,Memphis Grizzlies
Kyle Anderson,2022,2022-23,69,469,209,109,36,0.44562899786780386,0.3302752293577982,0.4840085287846482,0.232409381663113,1.5797101449275361,Memphis Grizzlies
Kyle Anderson,2023,2023-24,66,495,252,105,43,0.509090909090909,0.4095238095238095,0.5525252525252525,0.21212121212121213,1.5909090909090908,Minnesota Timberwolves
Kyle Anderson,2024,2024-25,79,433,199,48,11,0.45958429561200925,0.22916666666666666,0.4722863741339492,0.11085450346420324,0.6075949367088608,Minnesota Timberwolves
Kyle Korver,2013,2013-14,74,601,277,414,189,0.46089850249584025,0.45652173913043476,0.6181364392678869,0.6888519134775375,5.594594594594595,Atlanta Hawks
Kyle Korver,2014,2014-15,71,609,289,392,185,0.4745484400656814,0.4719387755102041,0.6264367816091954,0.6436781609195402,5.52112676056338,Atlanta Hawks
Kyle Korver,2015,2015-16,75,600,292,449,221,0.4866666666666667,0.4922048997772829,0.6708333333333333,0.7483333333333333,5.986666666666666,Atlanta Hawks
Kyle Korver,2016,2016-17,80,616,267,396,157,0.43344155844155846,0.39646464646464646,0.5608766233766234,0.6428571428571429,4.95,Atlanta Hawks
Kyle Korver,2017,2017-18,67,515,239,359,162,0.4640776699029126,0.45125348189415043,0.6213592233009708,0.6970873786407767,5.358208955223881,Cleveland Cavaliers
Kyle Korver,2018,2018-19,72,484,222,376,164,0.45867768595041325,0.43617021276595747,0.628099173553719,0.7768595041322314,5.222222222222222,Cleveland Cavaliers
Kyle Korver,2019,2019-20,70,483,201,348,138,0.4161490683229814,0.39655172413793105,0.5590062111801242,0.7204968944099379,4.9714285714285715,Utah Jazz
Kyle Korver,2020,2020-21,56,293,126,237,99,0.4300341296928328,0.4177215189873418,0.5989761092150171,0.8088737201365188,4.232142857142857,Milwaukee Bucks
Kyle Kuzma,2018,2018-19,77,1039,468,434,159,0.4504331087584216,0.3663594470046083,0.526948989412897,0.4177093358999038,5.636363636363637,Los Angeles Lakers
Kyle Kuzma,2019,2019-20,70,1087,496,422,128,0.4563017479300828,0.3033175355450237,0.515179392824287,0.38822447102115915,6.0285714285714285,Los Angeles Lakers
Kyle Kuzma,2020,2020-21,61,668,291,272,86,0.4356287425149701,0.3161764705882353,0.5,0.40718562874251496,4.459016393442623,Los Angeles Lakers
Kyle Kuzma,2021,2021-22,68,757,335,380,137,0.4425363276089828,0.3605263157894737,0.5330250990752973,0.5019815059445178,5.588235294117647,Los Angeles Lakers
Kyle Kuzma,2022,2022-23,66,936,423,375,128,0.4519230769230769,0.3413333333333333,0.5202991452991453,0.40064102564102566,5.681818181818182,Washington Wizards
Kyle Kuzma,2023,2023-24,64,1142,512,481,160,0.44833625218914186,0.33264033264033266,0.5183887915936952,0.4211908931698774,7.515625,Washington Wizards
Kyle Kuzma,2024,2024-25,70,1313,608,450,151,0.4630616907844631,0.33555555555555555,0.5205635948210205,0.3427265803503427,6.428571428571429,Washington Wizards
Kyle Lowry,2013,2013-14,68,623,250,279,101,0.4012841091492777,0.36200716845878134,0.4823434991974318,0.4478330658105939,4.102941176470588,Toronto Raptors
Kyle Lowry,2014,2014-15,79,1080,457,500,190,0.42314814814814816,0.38,0.5111111111111111,0.46296296296296297,6.329113924050633,Toronto Raptors
Kyle Lowry,2015,2015-16,70,1043,430,391,132,0.41227229146692235,0.33759590792838873,0.47555129434324067,0.37488015340364333,5.585714285714285,Toronto Raptors
Kyle Lowry,2016,2016-17,77,1195,512,544,212,0.42845188284518826,0.3897058823529412,0.5171548117154812,0.45523012552301256,7.064935064935065,Toronto Raptors
Kyle Lowry,2017,2017-18,60,918,426,468,193,0.46405228758169936,0.41239316239316237,0.5691721132897604,0.5098039215686274,7.8,Toronto Raptors
Kyle Lowry,2018,2018-19,78,944,403,596,238,0.4269067796610169,0.39932885906040266,0.5529661016949152,0.6313559322033898,7.641025641025641,Toronto Raptors
Kyle Lowry,2019,2019-20,65,739,304,453,157,0.41136671177266576,0.3465783664459161,0.5175913396481732,0.6129905277401895,6.969230769230769,Toronto Raptors
Kyle Lowry,2020,2020-21,58,803,334,466,164,0.41594022415940224,0.351931330472103,0.5180572851805728,0.5803237858032378,8.03448275862069,Toronto Raptors
Kyle Lowry,2021,2021-22,46,596,260,331,131,0.436241610738255,0.3957703927492447,0.5461409395973155,0.5553691275167785,7.195652173913044,Toronto Raptors
Kyle Lowry,2022,2022-23,63,627,276,382,144,0.44019138755980863,0.3769633507853403,0.5550239234449761,0.6092503987240829,6.063492063492063,Miami Heat
Kyle Lowry,2023,2023-24,55,485,196,310,107,0.4041237113402062,0.34516129032258064,0.5144329896907216,0.6391752577319587,5.636363636363637,Miami Heat
Kyle Lowry,2024,2024-25,60,377,163,250,98,0.4323607427055703,0.392,0.5623342175066313,0.6631299734748011,4.166666666666667,Miami Heat
Kyle O'Quinn,2013,2013-14,47,197,101,1,0,0.5126903553299492,0,0.5126903553299492,0.005076142131979695,0.02127659574468085,Orlando Magic
Kyle O'Quinn,2014,2014-15,64,371,186,3,0,0.5013477088948787,0,0.5013477088948787,0.008086253369272238,0.046875,Orlando Magic
Kyle O'Quinn,2015,2015-16,48,242,119,43,12,0.49173553719008267,0.27906976744186046,0.5165289256198347,0.17768595041322313,0.8958333333333334,Orlando Magic
Kyle O'Quinn,2016,2016-17,61,271,129,22,5,0.47601476014760147,0.22727272727272727,0.48523985239852396,0.08118081180811808,0.36065573770491804,New York Knicks
Kyle O'Quinn,2017,2017-18,78,412,215,16,2,0.5218446601941747,0.125,0.5242718446601942,0.038834951456310676,0.20512820512820512,New York Knicks
Kyle O'Quinn,2018,2018-19,76,384,224,17,4,0.5833333333333334,0.23529411764705882,0.5885416666666666,0.044270833333333336,0.2236842105263158,New York Knicks
Kyle O'Quinn,2019,2019-20,37,136,69,12,1,0.5073529411764706,0.08333333333333333,0.5110294117647058,0.08823529411764706,0.32432432432432434,Indiana Pacers
Kyle O'Quinn,2020,2020-21,23,85,42,27,7,0.49411764705882355,0.25925925925925924,0.5352941176470588,0.3176470588235294,1.173913043478261,Philadelphia 76ers
Kyle Singler,2013,2013-14,82,642,275,200,70,0.42834890965732086,0.35,0.48286604361370716,0.3115264797507788,2.4390243902439024,Detroit Pistons
Kyle Singler,2014,2014-15,80,602,269,246,94,0.446843853820598,0.3821138211382114,0.5249169435215947,0.40863787375415284,3.075,Detroit Pistons
Kyle Singler,2015,2015-16,78,446,172,241,96,0.38565022421524664,0.3983402489626556,0.49327354260089684,0.5403587443946188,3.08974358974359,Detroit Pistons
Kyle Singler,2016,2016-17,63,221,86,97,30,0.3891402714932127,0.30927835051546393,0.45701357466063347,0.43891402714932126,1.5396825396825398,Oklahoma City Thunder
Kyle Singler,2017,2017-18,26,83,34,37,7,0.40963855421686746,0.1891891891891892,0.45180722891566266,0.4457831325301205,1.4230769230769231,Oklahoma City Thunder
Kyle Singler,2018,2018-19,9,21,7,5,2,0.3333333333333333,0.4,0.38095238095238093,0.23809523809523808,0.5555555555555556,Oklahoma City Thunder
Kyrie Irving,2013,2013-14,59,1070,484,279,109,0.4523364485981308,0.3906810035842294,0.5032710280373832,0.2607476635514019,4.728813559322034,Cleveland Cavaliers
Kyrie Irving,2014,2014-15,71,1237,532,344,123,0.43007275666936134,0.35755813953488375,0.4797898140662894,0.27809215844785773,4.845070422535211,Cleveland Cavaliers
Kyrie Irving,2015,2015-16,75,1234,577,377,156,0.4675850891410049,0.41379310344827586,0.5307941653160454,0.3055105348460292,5.026666666666666,Cleveland Cavaliers
Kyrie Irving,2016,2016-17,53,879,394,262,84,0.4482366325369738,0.32061068702290074,0.4960182025028441,0.29806598407281,4.943396226415095,Cleveland Cavaliers
Kyrie Irving,2017,2017-18,72,1418,671,439,177,0.47320169252468264,0.4031890660592255,0.5356135401974612,0.30959097320169254,6.097222222222222,Cleveland Cavaliers
Kyrie Irving,2018,2018-19,60,1087,534,407,166,0.49126034958601655,0.40786240786240785,0.5676172953081877,0.37442502299908004,6.783333333333333,Boston Celtics
Kyrie Irving,2019,2019-20,67,1241,604,434,174,0.48670427074939565,0.4009216589861751,0.556809024979855,0.34971796937953264,6.477611940298507,Boston Celtics
Kyrie Irving,2020,2020-21,20,416,199,142,56,0.47836538461538464,0.39436619718309857,0.5456730769230769,0.34134615384615385,7.1,Brooklyn Nets
Kyrie Irving,2021,2021-22,54,1086,549,378,152,0.505524861878453,0.4021164021164021,0.5755064456721916,0.34806629834254144,7,Brooklyn Nets
Kyrie Irving,2022,2022-23,29,616,289,239,100,0.46915584415584416,0.41841004184100417,0.5503246753246753,0.387987012987013,8.241379310344827,Brooklyn Nets
Kyrie Irving,2023,2023-24,60,1203,594,496,188,0.4937655860349127,0.3790322580645161,0.57190357439734,0.41230257689110555,8.266666666666667,Brooklyn Nets
Kyrie Irving,2024,2024-25,58,1131,562,421,173,0.4969053934571176,0.41092636579572445,0.5733863837312113,0.372236958443855,7.258620689655173,Dallas Mavericks
LaMarcus Aldridge,2013,2013-14,74,1318,638,14,2,0.48406676783004554,0.14285714285714285,0.48482549317147194,0.010622154779969651,0.1891891891891892,Portland Trail Blazers
LaMarcus Aldridge,2014,2014-15,69,1423,652,15,3,0.45818692902319047,0.2,0.45924104005621924,0.010541110330288124,0.21739130434782608,Portland Trail Blazers
LaMarcus Aldridge,2015,2015-16,71,1415,659,105,37,0.4657243816254417,0.3523809523809524,0.4787985865724382,0.07420494699646643,1.4788732394366197,Portland Trail Blazers
LaMarcus Aldridge,2016,2016-17,74,1045,536,16,0,0.5129186602870813,0,0.5129186602870813,0.015311004784688996,0.21621621621621623,San Antonio Spurs
LaMarcus Aldridge,2017,2017-18,72,1049,500,56,23,0.47664442326024786,0.4107142857142857,0.48760724499523356,0.05338417540514776,0.7777777777777778,San Antonio Spurs
LaMarcus Aldridge,2018,2018-19,75,1347,687,92,27,0.5100222717149221,0.29347826086956524,0.5200445434298441,0.06829992576095026,1.2266666666666666,San Antonio Spurs
LaMarcus Aldridge,2019,2019-20,81,1319,684,42,10,0.5185746777862017,0.23809523809523808,0.5223654283548143,0.03184230477634572,0.5185185185185185,San Antonio Spurs
LaMarcus Aldridge,2020,2020-21,53,793,391,157,61,0.4930643127364439,0.3885350318471338,0.5315258511979823,0.19798234552332913,2.9622641509433962,San Antonio Spurs
LaMarcus Aldridge,2021,2021-22,26,296,140,80,31,0.47297297297297297,0.3875,0.5253378378378378,0.2702702702702703,3.076923076923077,San Antonio Spurs
LaMarcus Aldridge,2022,2022-23,46,458,252,46,14,0.5502183406113537,0.30434782608695654,0.5655021834061136,0.10043668122270742,1,Brooklyn Nets
LaMelo Ball,2021,2021-22,51,672,293,261,92,0.43601190476190477,0.3524904214559387,0.5044642857142857,0.38839285714285715,5.117647058823529,Charlotte Hornets
LaMelo Ball,2022,2022-23,75,1254,538,565,220,0.42902711323763953,0.3893805309734513,0.5167464114832536,0.45055821371610844,7.533333333333333,Charlotte Hornets
LaMelo Ball,2023,2023-24,36,721,296,383,144,0.4105409153952843,0.37597911227154046,0.5104022191400832,0.5312066574202496,10.63888888888889,Charlotte Hornets
LaMelo Ball,2024,2024-25,22,423,183,197,70,0.4326241134751773,0.3553299492385787,0.5153664302600472,0.4657210401891253,8.954545454545455,Charlotte Hornets
Lance Stephenson,2013,2013-14,78,598,275,188,62,0.459866220735786,0.32978723404255317,0.5117056856187291,0.31438127090301005,2.41025641025641,Indiana Pacers
Lance Stephenson,2014,2014-15,78,870,427,244,86,0.4908045977011494,0.3524590163934426,0.5402298850574713,0.28045977011494255,3.128205128205128,Indiana Pacers
Lance Stephenson,2015,2015-16,61,550,207,105,18,0.37636363636363634,0.17142857142857143,0.3927272727272727,0.19090909090909092,1.721311475409836,Charlotte Hornets
Lance Stephenson,2016,2016-17,65,474,228,78,30,0.4810126582278481,0.38461538461538464,0.5126582278481012,0.16455696202531644,1.2,Memphis Grizzlies
Lance Stephenson,2017,2017-18,17,120,54,20,6,0.45,0.3,0.475,0.16666666666666666,1.1764705882352942,New Orleans Pelicans
Lance Stephenson,2018,2018-19,82,709,303,232,67,0.42736248236953456,0.28879310344827586,0.47461212976022565,0.32722143864598024,2.8292682926829267,Indiana Pacers
Lance Stephenson,2019,2019-20,65,432,184,197,73,0.42592592592592593,0.37055837563451777,0.5104166666666666,0.45601851851851855,3.0307692307692307,Los Angeles Lakers
Lance Stephenson,2022,2022-23,46,323,147,90,27,0.4551083591331269,0.3,0.4969040247678019,0.2786377708978328,1.9565217391304348,Indiana Pacers
Lance Thomas,2013,2013-14,41,106,53,0,0,0.5,NA,0.5,0,0,New Orleans Hornets
Lance Thomas,2014,2014-15,4,9,2,0,0,0.2222222222222222,NA,0.2222222222222222,0,0,New Orleans Pelicans
Lance Thomas,2015,2015-16,59,442,182,22,7,0.4117647058823529,0.3181818181818182,0.41968325791855204,0.049773755656108594,0.3728813559322034,New York Knicks
Lance Thomas,2016,2016-17,59,381,169,108,44,0.4435695538057743,0.4074074074074074,0.5013123359580053,0.28346456692913385,1.8305084745762712,New York Knicks
Lance Thomas,2017,2017-18,46,244,97,85,38,0.3975409836065574,0.4470588235294118,0.47540983606557374,0.3483606557377049,1.8478260869565217,New York Knicks
Lance Thomas,2018,2018-19,68,267,102,124,50,0.38202247191011235,0.4032258064516129,0.4756554307116105,0.46441947565543074,1.8235294117647058,New York Knicks
Lance Thomas,2019,2019-20,46,197,78,79,22,0.39593908629441626,0.27848101265822783,0.4517766497461929,0.4010152284263959,1.7173913043478262,New York Knicks
Lance Thomas,2020,2020-21,5,23,8,13,4,0.34782608695652173,0.3076923076923077,0.43478260869565216,0.5652173913043478,2.6,Brooklyn Nets
Landry Shamet,2019,2019-20,79,557,240,396,167,0.43087971274685816,0.4217171717171717,0.5807899461400359,0.7109515260323159,5.012658227848101,Philadelphia 76ers
Landry Shamet,2020,2020-21,53,391,158,296,111,0.4040920716112532,0.375,0.5460358056265985,0.7570332480818415,5.584905660377358,Los Angeles Clippers
Landry Shamet,2021,2021-22,61,456,186,333,129,0.40789473684210525,0.38738738738738737,0.5493421052631579,0.7302631578947368,5.459016393442623,Brooklyn Nets
Landry Shamet,2022,2022-23,69,485,191,334,123,0.3938144329896907,0.36826347305389223,0.520618556701031,0.688659793814433,4.840579710144928,Phoenix Suns
Landry Shamet,2023,2023-24,39,300,113,199,75,0.37666666666666665,0.3768844221105528,0.5016666666666667,0.6633333333333333,5.102564102564102,Phoenix Suns
Landry Shamet,2024,2024-25,44,274,118,157,53,0.4306569343065693,0.3375796178343949,0.5273722627737226,0.572992700729927,3.5681818181818183,Washington Wizards
Langston Galloway,2015,2015-16,45,511,204,176,62,0.39921722113502933,0.3522727272727273,0.4598825831702544,0.34442270058708413,3.911111111111111,New York Knicks
Langston Galloway,2016,2016-17,82,588,231,224,77,0.39285714285714285,0.34375,0.4583333333333333,0.38095238095238093,2.731707317073171,New York Knicks
Langston Galloway,2017,2017-18,72,544,206,307,119,0.3786764705882353,0.38762214983713356,0.4880514705882353,0.5643382352941176,4.263888888888889,New Orleans Pelicans
Langston Galloway,2018,2018-19,57,340,126,218,75,0.37058823529411766,0.3440366972477064,0.4808823529411765,0.6411764705882353,3.824561403508772,Detroit Pistons
Langston Galloway,2019,2019-20,79,587,228,380,135,0.38841567291311757,0.35526315789473684,0.5034071550255537,0.6473594548551959,4.810126582278481,Detroit Pistons
Langston Galloway,2020,2020-21,66,542,236,331,132,0.4354243542435424,0.3987915407854985,0.5571955719557196,0.6107011070110702,5.015151515151516,Detroit Pistons
Langston Galloway,2021,2021-22,38,147,66,85,36,0.4489795918367347,0.4235294117647059,0.5714285714285714,0.5782312925170068,2.236842105263158,Phoenix Suns
Langston Galloway,2022,2022-23,7,26,6,16,2,0.23076923076923078,0.125,0.2692307692307692,0.6153846153846154,2.2857142857142856,Brooklyn Nets
Larry Nance Jr.,2016,2016-17,58,300,158,10,1,0.5266666666666666,0.1,0.5283333333333333,0.03333333333333333,0.1724137931034483,Los Angeles Lakers
Larry Nance Jr.,2017,2017-18,61,360,190,35,10,0.5277777777777778,0.2857142857142857,0.5416666666666666,0.09722222222222222,0.5737704918032787,Los Angeles Lakers
Larry Nance Jr.,2018,2018-19,66,413,240,12,2,0.5811138014527845,0.16666666666666666,0.5835351089588378,0.029055690072639227,0.18181818181818182,Los Angeles Lakers
Larry Nance Jr.,2019,2019-20,66,479,249,98,33,0.5198329853862212,0.336734693877551,0.5542797494780793,0.2045929018789144,1.4848484848484849,Cleveland Cavaliers
Larry Nance Jr.,2020,2020-21,56,431,229,159,56,0.531322505800464,0.3522012578616352,0.5962877030162413,0.3689095127610209,2.8392857142857144,Cleveland Cavaliers
Larry Nance Jr.,2021,2021-22,35,272,128,114,41,0.47058823529411764,0.35964912280701755,0.5459558823529411,0.41911764705882354,3.257142857142857,Cleveland Cavaliers
Larry Nance Jr.,2022,2022-23,46,247,129,70,23,0.5222672064777328,0.32857142857142857,0.5688259109311741,0.2834008097165992,1.5217391304347827,Portland Trail Blazers
Larry Nance Jr.,2023,2023-24,62,305,186,42,14,0.6098360655737705,0.3333333333333333,0.6327868852459017,0.1377049180327869,0.6774193548387096,New Orleans Pelicans
Larry Nance Jr.,2024,2024-25,58,241,138,65,27,0.5726141078838174,0.4153846153846154,0.6286307053941909,0.2697095435684647,1.1206896551724137,New Orleans Pelicans
Lauri Markkanen,2018,2018-19,68,862,374,401,145,0.43387470997679817,0.36159600997506236,0.5179814385150812,0.4651972157772622,5.897058823529412,Chicago Bulls
Lauri Markkanen,2019,2019-20,52,795,342,332,120,0.43018867924528303,0.3614457831325301,0.5056603773584906,0.4176100628930818,6.384615384615385,Chicago Bulls
Lauri Markkanen,2020,2020-21,50,591,251,317,109,0.42470389170896783,0.3438485804416404,0.5169204737732657,0.5363790186125211,6.34,Chicago Bulls
Lauri Markkanen,2021,2021-22,51,521,250,296,119,0.4798464491362764,0.40202702702702703,0.5940499040307101,0.5681381957773513,5.803921568627451,Chicago Bulls
Lauri Markkanen,2022,2022-23,61,703,313,380,136,0.44523470839260315,0.35789473684210527,0.5419630156472262,0.5405405405405406,6.229508196721311,Cleveland Cavaliers
Lauri Markkanen,2023,2023-24,66,1144,571,510,200,0.4991258741258741,0.39215686274509803,0.5865384615384616,0.4458041958041958,7.7272727272727275,Utah Jazz
Lauri Markkanen,2024,2024-25,55,890,427,439,175,0.4797752808988764,0.39863325740318906,0.5780898876404494,0.49325842696629213,7.9818181818181815,Utah Jazz
Lavoy Allen,2013,2013-14,77,454,206,1,0,0.45374449339207046,0,0.45374449339207046,0.0022026431718061676,0.012987012987012988,Philadelphia 76ers
Lavoy Allen,2014,2014-15,59,300,134,13,2,0.44666666666666666,0.15384615384615385,0.45,0.043333333333333335,0.22033898305084745,Philadelphia 76ers
Lavoy Allen,2015,2015-16,57,299,141,0,0,0.47157190635451507,NA,0.47157190635451507,0,0,Indiana Pacers
Lavoy Allen,2016,2016-17,76,370,191,0,0,0.5162162162162162,NA,0.5162162162162162,0,0,Indiana Pacers
Lavoy Allen,2017,2017-18,53,168,77,1,0,0.4583333333333333,0,0.4583333333333333,0.005952380952380952,0.018867924528301886,Indiana Pacers
LeBron James,2013,2013-14,76,1354,765,254,103,0.5649926144756278,0.40551181102362205,0.6030280649926145,0.18759231905465287,3.3421052631578947,Miami Heat
LeBron James,2014,2014-15,77,1353,767,306,116,0.5668883961566888,0.3790849673202614,0.6097560975609756,0.2261640798226164,3.9740259740259742,Miami Heat
LeBron James,2015,2015-16,69,1279,624,339,120,0.4878811571540266,0.35398230088495575,0.5347928068803753,0.2650508209538702,4.913043478260869,Cleveland Cavaliers
LeBron James,2016,2016-17,76,1415,737,281,87,0.5208480565371024,0.3096085409252669,0.5515901060070671,0.19858657243816255,3.6973684210526314,Cleveland Cavaliers
LeBron James,2017,2017-18,74,1343,736,341,124,0.5480268056589724,0.36363636363636365,0.5941921072226359,0.2539091586001489,4.608108108108108,Cleveland Cavaliers
LeBron James,2018,2018-19,82,1580,857,406,149,0.5424050632911392,0.3669950738916256,0.5895569620253165,0.2569620253164557,4.951219512195122,Cleveland Cavaliers
LeBron James,2019,2019-20,55,1095,558,327,111,0.5095890410958904,0.3394495412844037,0.5602739726027397,0.29863013698630136,5.945454545454545,Los Angeles Lakers
LeBron James,2020,2020-21,67,1303,643,425,148,0.49347659247889486,0.34823529411764703,0.5502686108979279,0.3261703760552571,6.343283582089552,Los Angeles Lakers
LeBron James,2021,2021-22,45,823,422,285,104,0.5127582017010935,0.3649122807017544,0.5759416767922235,0.3462940461725395,6.333333333333333,Los Angeles Lakers
LeBron James,2022,2022-23,56,1221,640,448,161,0.5241605241605242,0.359375,0.5900900900900901,0.3669123669123669,8,Los Angeles Lakers
LeBron James,2023,2023-24,55,1219,609,377,121,0.4995898277276456,0.3209549071618037,0.5492206726825266,0.3092698933552092,6.8545454545454545,Los Angeles Lakers
LeBron James,2024,2024-25,71,1269,685,363,149,0.5397951142631994,0.41046831955922863,0.5985027580772262,0.2860520094562648,5.112676056338028,Los Angeles Lakers
Leandro Barbosa,2013,2013-14,39,193,83,47,18,0.43005181347150256,0.3829787234042553,0.47668393782383417,0.24352331606217617,1.205128205128205,Boston Celtics
Leandro Barbosa,2014,2014-15,20,131,56,25,7,0.42748091603053434,0.28,0.4541984732824427,0.19083969465648856,1.25,Phoenix Suns
Leandro Barbosa,2015,2015-16,65,386,183,112,43,0.4740932642487047,0.38392857142857145,0.5297927461139896,0.29015544041450775,1.7230769230769232,Golden State Warriors
Leandro Barbosa,2016,2016-17,67,370,171,110,39,0.46216216216216216,0.35454545454545455,0.5148648648648648,0.2972972972972973,1.6417910447761195,Golden State Warriors
Leandro Barbosa,2017,2017-18,64,392,172,98,35,0.4387755102040816,0.35714285714285715,0.48341836734693877,0.25,1.53125,Phoenix Suns
Lonnie Walker IV,2019,2019-20,14,46,16,13,5,0.34782608695652173,0.38461538461538464,0.40217391304347827,0.2826086956521739,0.9285714285714286,San Antonio Spurs
Lonnie Walker IV,2020,2020-21,58,357,152,101,41,0.4257703081232493,0.40594059405940597,0.4831932773109244,0.28291316526610644,1.7413793103448276,San Antonio Spurs
Lonnie Walker IV,2021,2021-22,60,609,256,282,100,0.42036124794745483,0.3546099290780142,0.5024630541871922,0.4630541871921182,4.7,San Antonio Spurs
Lonnie Walker IV,2022,2022-23,70,764,311,353,111,0.40706806282722513,0.31444759206798867,0.47971204188481675,0.4620418848167539,5.042857142857143,San Antonio Spurs
Lonnie Walker IV,2023,2023-24,56,527,236,249,91,0.4478178368121442,0.3654618473895582,0.5341555977229602,0.47248576850094876,4.446428571428571,Los Angeles Lakers
Lonnie Walker IV,2024,2024-25,58,492,208,271,104,0.42276422764227645,0.3837638376383764,0.5284552845528455,0.5508130081300813,4.672413793103448,Brooklyn Nets
Lonzo Ball,2018,2018-19,52,564,203,295,90,0.3599290780141844,0.3050847457627119,0.4397163120567376,0.5230496453900709,5.673076923076923,Los Angeles Lakers
Lonzo Ball,2019,2019-20,47,456,185,228,75,0.4057017543859649,0.32894736842105265,0.48793859649122806,0.5,4.851063829787234,Los Angeles Lakers
Lonzo Ball,2020,2020-21,63,687,277,395,148,0.4032023289665211,0.37468354430379747,0.5109170305676856,0.5749636098981077,6.26984126984127,New Orleans Pelicans
Lonzo Ball,2021,2021-22,55,700,290,455,172,0.4142857142857143,0.378021978021978,0.5371428571428571,0.65,8.272727272727273,New Orleans Pelicans
Lonzo Ball,2022,2022-23,35,383,162,260,110,0.42297650130548303,0.4230769230769231,0.566579634464752,0.6788511749347258,7.428571428571429,Chicago Bulls
Lou Williams,2013,2013-14,39,443,187,196,72,0.4221218961625282,0.3673469387755102,0.5033860045146726,0.44243792325056436,5.0256410256410255,Atlanta Hawks
Lou Williams,2014,2014-15,60,493,197,231,79,0.3995943204868154,0.341991341991342,0.47971602434077076,0.4685598377281947,3.85,Atlanta Hawks
Lou Williams,2015,2015-16,80,928,375,447,152,0.4040948275862069,0.3400447427293065,0.4859913793103448,0.4816810344827586,5.5875,Toronto Raptors
Lou Williams,2016,2016-17,67,691,281,318,108,0.40665701881331406,0.33962264150943394,0.48480463096960924,0.4602026049204052,4.746268656716418,Los Angeles Lakers
Lou Williams,2017,2017-18,81,997,428,445,163,0.4292878635907723,0.36629213483146067,0.5110330992978936,0.4463390170511535,5.493827160493828,Los Angeles Lakers
Lou Williams,2018,2018-19,79,1337,582,518,186,0.43530291697830964,0.3590733590733591,0.5048616305160808,0.387434554973822,6.556962025316456,LA Clippers
Lou Williams,2019,2019-20,75,1138,484,291,105,0.4253075571177504,0.36082474226804123,0.47144112478031636,0.2557117750439367,3.88,LA Clippers
Lou Williams,2020,2020-21,65,936,391,315,111,0.41773504273504275,0.3523809523809524,0.47702991452991456,0.33653846153846156,4.846153846153846,Los Angeles Clippers
Lou Williams,2021,2021-22,66,646,265,173,69,0.4102167182662539,0.3988439306358382,0.46362229102167185,0.2678018575851393,2.621212121212121,Los Angeles Clippers
Lou Williams,2022,2022-23,56,320,125,102,37,0.390625,0.3627450980392157,0.4484375,0.31875,1.8214285714285714,Atlanta Hawks
Luc Mbah a Moute,2013,2013-14,58,377,151,37,13,0.4005305039787798,0.35135135135135137,0.4177718832891247,0.09814323607427056,0.6379310344827587,Milwaukee Bucks
Luc Mbah a Moute,2014,2014-15,55,193,87,17,4,0.45077720207253885,0.23529411764705882,0.46113989637305697,0.08808290155440414,0.3090909090909091,Minnesota Timberwolves
Luc Mbah a Moute,2015,2015-16,67,636,251,202,62,0.3946540880503145,0.3069306930693069,0.44339622641509435,0.31761006289308175,3.014925373134328,Philadelphia 76ers
Luc Mbah a Moute,2016,2016-17,66,204,93,37,12,0.45588235294117646,0.32432432432432434,0.4852941176470588,0.18137254901960784,0.5606060606060606,LA Clippers
Luc Mbah a Moute,2017,2017-18,79,368,190,100,42,0.5163043478260869,0.42,0.5733695652173914,0.2717391304347826,1.2658227848101267,LA Clippers
Luc Mbah a Moute,2018,2018-19,61,345,166,173,63,0.4811594202898551,0.36416184971098264,0.572463768115942,0.5014492753623189,2.8360655737704916,Houston Rockets
Luc Mbah a Moute,2019,2019-20,4,18,8,6,2,0.4444444444444444,0.3333333333333333,0.5,0.3333333333333333,1.5,LA Clippers
Luc Mbah a Moute,2020,2020-21,2,5,2,2,0,0.4,0,0.4,0.4,1,Houston Rockets
Luguentz Dort,2020,2020-21,36,218,86,101,30,0.3944954128440367,0.297029702970297,0.463302752293578,0.463302752293578,2.8055555555555554,Oklahoma City Thunder
Luguentz Dort,2021,2021-22,52,639,247,329,113,0.3865414710485133,0.3434650455927052,0.4749608763693271,0.514866979655712,6.326923076923077,Oklahoma City Thunder
Luguentz Dort,2022,2022-23,51,726,293,391,130,0.4035812672176309,0.33248081841432225,0.4931129476584022,0.5385674931129476,7.666666666666667,Oklahoma City Thunder
Luguentz Dort,2023,2023-24,74,873,339,409,135,0.38831615120274915,0.33007334963325186,0.46563573883161513,0.46849942726231386,5.527027027027027,Oklahoma City Thunder
Luguentz Dort,2024,2024-25,79,657,288,396,156,0.4383561643835616,0.3939393939393939,0.5570776255707762,0.6027397260273972,5.012658227848101,Oklahoma City Thunder
Luis Scola,2013,2013-14,82,915,432,16,3,0.4721311475409836,0.1875,0.4737704918032787,0.017486338797814208,0.1951219512195122,Phoenix Suns
Luis Scola,2014,2014-15,82,560,263,7,1,0.46964285714285714,0.14285714285714285,0.4705357142857143,0.0125,0.08536585365853659,Indiana Pacers
Luis Scola,2015,2015-16,81,642,300,20,5,0.4672897196261682,0.25,0.471183800623053,0.03115264797507788,0.24691358024691357,Indiana Pacers
Luis Scola,2016,2016-17,75,597,269,160,65,0.45058626465661644,0.40625,0.5050251256281407,0.26800670016750416,2.1333333333333333,Toronto Raptors
Luis Scola,2017,2017-18,34,151,71,50,17,0.47019867549668876,0.34,0.5264900662251656,0.33112582781456956,1.4705882352941178,Brooklyn Nets
Luka Doncic,2019,2019-20,72,1186,506,514,168,0.4266441821247892,0.32684824902723736,0.4974704890387858,0.433389544688027,7.138888888888889,Dallas Mavericks
Luka Doncic,2020,2020-21,61,1255,581,541,171,0.46294820717131474,0.31608133086876156,0.5310756972111553,0.43107569721115535,8.868852459016393,Dallas Mavericks
Luka Doncic,2021,2021-22,66,1351,647,548,192,0.4789045151739452,0.35036496350364965,0.5499629903774982,0.40562546262028126,8.303030303030303,Dallas Mavericks
Luka Doncic,2022,2022-23,65,1403,641,569,201,0.4568781183178902,0.3532513181019332,0.5285103349964362,0.40555951532430506,8.753846153846155,Dallas Mavericks
Luka Doncic,2023,2023-24,66,1449,719,541,185,0.49620427881297446,0.3419593345656192,0.5600414078674948,0.37336093857832986,8.196969696969697,Dallas Mavericks
Luka Doncic,2024,2024-25,70,1652,804,744,284,0.48668280871670705,0.3817204301075269,0.572639225181598,0.45036319612590797,10.628571428571428,Dallas Mavericks
Luke Babbitt,2013,2013-14,54,234,86,178,62,0.36752136752136755,0.34831460674157305,0.5,0.7606837606837606,3.2962962962962963,Portland Trail Blazers
Luke Babbitt,2014,2014-15,26,154,60,95,36,0.38961038961038963,0.37894736842105264,0.5064935064935064,0.6168831168831169,3.6538461538461537,New Orleans Pelicans
Luke Babbitt,2015,2015-16,51,191,92,114,59,0.4816753926701571,0.5175438596491229,0.6361256544502618,0.5968586387434555,2.235294117647059,New Orleans Pelicans
Luke Babbitt,2016,2016-17,42,289,122,109,44,0.42214532871972316,0.4036697247706422,0.4982698961937716,0.3771626297577855,2.5952380952380953,New Orleans Pelicans
Luke Babbitt,2017,2017-18,64,281,113,210,87,0.40213523131672596,0.4142857142857143,0.5569395017793595,0.7473309608540926,3.28125,Miami Heat
Luke Babbitt,2018,2018-19,48,215,91,156,60,0.4232558139534884,0.38461538461538464,0.5627906976744186,0.7255813953488373,3.25,Atlanta Hawks
Luke Kennard,2018,2018-19,71,465,206,195,81,0.443010752688172,0.4153846153846154,0.5301075268817205,0.41935483870967744,2.7464788732394365,Detroit Pistons
Luke Kennard,2019,2019-20,63,520,228,269,106,0.43846153846153846,0.3940520446096654,0.5403846153846154,0.5173076923076924,4.26984126984127,Detroit Pistons
Luke Kennard,2020,2020-21,28,342,151,183,73,0.4415204678362573,0.3989071038251366,0.5482456140350878,0.5350877192982456,6.535714285714286,Detroit Pistons
Luke Kennard,2021,2021-22,61,414,197,224,100,0.4758454106280193,0.44642857142857145,0.5966183574879227,0.5410628019323671,3.6721311475409837,Los Angeles Clippers
Luke Kennard,2022,2022-23,70,639,287,423,190,0.4491392801251956,0.4491725768321513,0.5978090766823161,0.6619718309859155,6.042857142857143,Los Angeles Clippers
Luke Kennard,2023,2023-24,57,382,188,269,133,0.49214659685863876,0.4944237918215613,0.6662303664921466,0.7041884816753927,4.719298245614035,LA Clippers
Luke Kennard,2024,2024-25,39,315,141,238,107,0.44761904761904764,0.4495798319327731,0.6174603174603175,0.7555555555555555,6.102564102564102,Memphis Grizzlies
Luke Kornet,2018,2018-19,20,125,49,79,28,0.392,0.35443037974683544,0.504,0.632,3.95,New York Knicks
Luke Kornet,2019,2019-20,42,283,107,193,70,0.37809187279151946,0.3626943005181347,0.5017667844522968,0.6819787985865724,4.595238095238095,New York Knicks
Luke Kornet,2020,2020-21,34,187,82,108,31,0.4385026737967914,0.28703703703703703,0.5213903743315508,0.5775401069518716,3.176470588235294,Chicago Bulls
Luke Kornet,2021,2021-22,26,101,44,59,15,0.43564356435643564,0.2542372881355932,0.5099009900990099,0.5841584158415841,2.269230769230769,Boston Celtics
Luke Kornet,2022,2022-23,10,27,13,5,0,0.48148148148148145,0,0.48148148148148145,0.18518518518518517,0.5,Boston Celtics
Luke Kornet,2023,2023-24,51,170,113,13,3,0.6647058823529411,0.23076923076923078,0.6735294117647059,0.07647058823529412,0.2549019607843137,Boston Celtics
Luke Kornet,2024,2024-25,56,203,142,1,1,0.6995073891625616,1,0.7019704433497537,0.0049261083743842365,0.017857142857142856,Boston Celtics
Luke Ridnour,2013,2013-14,82,811,367,212,66,0.4525277435265105,0.3113207547169811,0.4932182490752158,0.26140567200986436,2.5853658536585367,Minnesota Timberwolves
Luke Ridnour,2014,2014-15,60,327,126,108,37,0.3853211009174312,0.3425925925925926,0.4418960244648318,0.3302752293577982,1.8,Milwaukee Bucks
Luke Ridnour,2015,2015-16,45,176,75,63,20,0.42613636363636365,0.31746031746031744,0.48295454545454547,0.35795454545454547,1.4,Orlando Magic
Luol Deng,2013,2013-14,75,1093,466,233,75,0.4263494967978042,0.3218884120171674,0.4606587374199451,0.2131747483989021,3.1066666666666665,Chicago Bulls
Luol Deng,2014,2014-15,63,860,371,189,57,0.4313953488372093,0.30158730158730157,0.4645348837209302,0.21976744186046512,3,Cleveland Cavaliers
Luol Deng,2015,2015-16,72,787,369,220,78,0.46886912325285895,0.35454545454545455,0.5184243964421855,0.2795425667090216,3.0555555555555554,Miami Heat
Luol Deng,2016,2016-17,74,744,338,255,87,0.4543010752688172,0.3411764705882353,0.5127688172043011,0.34274193548387094,3.445945945945946,Miami Heat
Luol Deng,2017,2017-18,56,423,164,164,51,0.3877068557919622,0.31097560975609756,0.44799054373522457,0.3877068557919622,2.9285714285714284,Los Angeles Lakers
Luol Deng,2018,2018-19,1,2,1,0,0,0.5,NA,0.5,0,0,Los Angeles Lakers
Luol Deng,2019,2019-20,22,118,59,44,14,0.5,0.3181818181818182,0.559322033898305,0.3728813559322034,2,Minnesota Timberwolves
Malachi Flynn,2021,2021-22,44,340,127,168,54,0.3735294117647059,0.32142857142857145,0.45294117647058824,0.49411764705882355,3.8181818181818183,Toronto Raptors
Malachi Flynn,2022,2022-23,36,183,72,90,30,0.39344262295081966,0.3333333333333333,0.47540983606557374,0.4918032786885246,2.5,Toronto Raptors
Malachi Flynn,2023,2023-24,50,242,87,133,47,0.359504132231405,0.3533834586466165,0.45661157024793386,0.5495867768595041,2.66,Toronto Raptors
Malachi Flynn,2024,2024-25,61,325,136,169,56,0.41846153846153844,0.33136094674556216,0.5046153846153846,0.52,2.7704918032786887,Detroit Pistons
Malaki Branham,2023,2023-24,66,611,269,255,77,0.4402618657937807,0.30196078431372547,0.5032733224222586,0.41734860883797054,3.8636363636363638,San Antonio Spurs
Malaki Branham,2024,2024-25,74,628,271,268,93,0.4315286624203822,0.34701492537313433,0.5055732484076433,0.4267515923566879,3.6216216216216215,San Antonio Spurs
Malcolm Brogdon,2017,2017-18,75,632,288,190,76,0.45569620253164556,0.4,0.5158227848101266,0.30063291139240506,2.533333333333333,Milwaukee Bucks
Malcolm Brogdon,2018,2018-19,48,503,244,161,62,0.4850894632206759,0.38509316770186336,0.5467196819085487,0.32007952286282304,3.3541666666666665,Milwaukee Bucks
Malcolm Brogdon,2019,2019-20,64,748,378,244,104,0.5053475935828877,0.4262295081967213,0.5748663101604278,0.32620320855614976,3.8125,Milwaukee Bucks
Malcolm Brogdon,2020,2020-21,54,744,326,230,75,0.4381720430107527,0.32608695652173914,0.4885752688172043,0.30913978494623656,4.2592592592592595,Indiana Pacers
Malcolm Brogdon,2021,2021-22,56,980,444,374,145,0.4530612244897959,0.3877005347593583,0.5270408163265307,0.3816326530612245,6.678571428571429,Indiana Pacers
Malcolm Brogdon,2022,2022-23,36,543,243,186,58,0.44751381215469616,0.3118279569892473,0.5009208103130756,0.3425414364640884,5.166666666666667,Indiana Pacers
Malcolm Brogdon,2023,2023-24,67,732,354,297,132,0.48360655737704916,0.4444444444444444,0.5737704918032787,0.4057377049180328,4.432835820895522,Boston Celtics
Malcolm Brogdon,2024,2024-25,39,496,218,199,82,0.43951612903225806,0.4120603015075377,0.5221774193548387,0.4012096774193548,5.102564102564102,Portland Trail Blazers
Malik Beasley,2017,2017-18,18,73,33,28,9,0.4520547945205479,0.32142857142857145,0.5136986301369864,0.3835616438356164,1.5555555555555556,Denver Nuggets
Malik Beasley,2018,2018-19,48,178,73,82,28,0.4101123595505618,0.34146341463414637,0.4887640449438202,0.4606741573033708,1.7083333333333333,Denver Nuggets
Malik Beasley,2019,2019-20,80,737,349,405,163,0.4735413839891452,0.4024691358024691,0.5841248303934871,0.5495251017639078,5.0625,Denver Nuggets
Malik Beasley,2020,2020-21,52,534,227,276,107,0.4250936329588015,0.38768115942028986,0.5252808988764045,0.5168539325842697,5.3076923076923075,Denver Nuggets
Malik Beasley,2021,2021-22,37,600,264,321,128,0.44,0.3987538940809969,0.5466666666666666,0.535,8.675675675675675,Minnesota Timberwolves
Malik Beasley,2022,2022-23,79,850,332,637,240,0.3905882352941176,0.37676609105180536,0.5317647058823529,0.7494117647058823,8.063291139240507,Minnesota Timberwolves
Malik Beasley,2023,2023-24,81,937,370,658,235,0.39487726787620064,0.35714285714285715,0.5202774813233725,0.7022411953041622,8.123456790123457,Utah Jazz
Malik Beasley,2024,2024-25,79,722,320,542,224,0.44321329639889195,0.4132841328413284,0.5983379501385041,0.7506925207756233,6.860759493670886,Milwaukee Bucks
Malik Monk,2018,2018-19,58,425,153,243,83,0.36,0.34156378600823045,0.4576470588235294,0.571764705882353,4.189655172413793,Charlotte Hornets
Malik Monk,2019,2019-20,73,586,227,330,109,0.3873720136518771,0.3303030303030303,0.4803754266211604,0.5631399317406144,4.52054794520548,Charlotte Hornets
Malik Monk,2020,2020-21,55,488,212,204,58,0.4344262295081967,0.28431372549019607,0.49385245901639346,0.4180327868852459,3.709090909090909,Charlotte Hornets
Malik Monk,2021,2021-22,41,399,173,212,85,0.43358395989974935,0.4009433962264151,0.5401002506265664,0.531328320802005,5.170731707317073,Charlotte Hornets
Malik Monk,2022,2022-23,75,826,391,442,173,0.47336561743341404,0.3914027149321267,0.5780871670702179,0.5351089588377724,5.8933333333333335,Los Angeles Lakers
Malik Monk,2023,2023-24,77,796,357,398,143,0.4484924623115578,0.3592964824120603,0.5383165829145728,0.5,5.1688311688311686,Sacramento Kings
Malik Monk,2024,2024-25,72,893,396,423,148,0.44344904815229563,0.34988179669030733,0.5263157894736842,0.47368421052631576,5.875,Sacramento Kings
Manu Ginobili,2013,2013-14,60,539,229,235,83,0.424860853432282,0.35319148936170214,0.5018552875695733,0.4359925788497217,3.9166666666666665,San Antonio Spurs
Manu Ginobili,2014,2014-15,68,627,294,258,90,0.4688995215311005,0.3488372093023256,0.5406698564593302,0.41148325358851673,3.7941176470588234,San Antonio Spurs
Manu Ginobili,2015,2015-16,70,589,251,258,89,0.42614601018675724,0.3449612403100775,0.50169779286927,0.4380305602716469,3.6857142857142855,San Antonio Spurs
Manu Ginobili,2016,2016-17,58,435,197,179,70,0.4528735632183908,0.39106145251396646,0.5333333333333333,0.4114942528735632,3.086206896551724,San Antonio Spurs
Manu Ginobili,2017,2017-18,69,439,171,227,89,0.3895216400911162,0.3920704845814978,0.4908883826879271,0.5170842824601367,3.289855072463768,San Antonio Spurs
Manu Ginobili,2018,2018-19,64,463,201,192,64,0.43412526997840173,0.3333333333333333,0.5032397408207343,0.4146868250539957,3,San Antonio Spurs
Marc Gasol,2013,2013-14,80,869,429,14,1,0.4936708860759494,0.07142857142857142,0.4942462600690449,0.01611047180667434,0.175,Memphis Grizzlies
Marc Gasol,2014,2014-15,59,711,336,11,2,0.47257383966244726,0.18181818181818182,0.4739803094233474,0.015471167369901548,0.1864406779661017,Memphis Grizzlies
Marc Gasol,2015,2015-16,81,1072,530,17,3,0.4944029850746269,0.17647058823529413,0.49580223880597013,0.01585820895522388,0.20987654320987653,Memphis Grizzlies
Marc Gasol,2016,2016-17,52,707,328,3,2,0.4639321074964639,0.6666666666666666,0.46534653465346537,0.004243281471004243,0.057692307692307696,Memphis Grizzlies
Marc Gasol,2017,2017-18,74,1160,532,268,104,0.4586206896551724,0.3880597014925373,0.503448275862069,0.23103448275862068,3.6216216216216215,Memphis Grizzlies
Marc Gasol,2018,2018-19,73,1033,434,320,109,0.42013552758954503,0.340625,0.4728944820909971,0.30977734753146174,4.383561643835616,Memphis Grizzlies
Marc Gasol,2019,2019-20,79,870,390,273,99,0.4482758620689655,0.3626373626373626,0.5051724137931034,0.3137931034482759,3.4556962025316458,Memphis Grizzlies
Marc Gasol,2020,2020-21,44,279,119,148,57,0.4265232974910394,0.38513513513513514,0.5286738351254481,0.5304659498207885,3.3636363636363638,Toronto Raptors
Marc Gasol,2021,2021-22,47,194,88,122,50,0.4536082474226804,0.4098360655737705,0.5824742268041238,0.6288659793814433,2.595744680851064,Los Angeles Lakers
Marcin Gortat,2013,2013-14,61,566,295,3,0,0.5212014134275619,0,0.5212014134275619,0.00530035335689046,0.04918032786885246,Phoenix Suns
Marcin Gortat,2014,2014-15,81,840,455,1,1,0.5416666666666666,1,0.5422619047619047,0.0011904761904761906,0.012345679012345678,Washington Wizards
Marcin Gortat,2015,2015-16,82,775,439,3,0,0.5664516129032258,0,0.5664516129032258,0.003870967741935484,0.036585365853658534,Washington Wizards
Marcin Gortat,2016,2016-17,75,764,433,1,0,0.5667539267015707,0,0.5667539267015707,0.0013089005235602095,0.013333333333333334,Washington Wizards
Marcin Gortat,2017,2017-18,82,673,390,1,0,0.5794947994056464,0,0.5794947994056464,0.0014858841010401188,0.012195121951219513,Washington Wizards
Marcin Gortat,2018,2018-19,82,560,290,0,0,0.5178571428571429,NA,0.5178571428571429,0,0,Washington Wizards
Marcin Gortat,2019,2019-20,46,186,99,0,0,0.532258064516129,NA,0.532258064516129,0,0,LA Clippers
Marco Belinelli,2013,2013-14,72,610,241,221,79,0.3950819672131147,0.3574660633484163,0.4598360655737705,0.3622950819672131,3.0694444444444446,Chicago Bulls
Marco Belinelli,2014,2014-15,80,695,337,293,126,0.4848920863309353,0.4300341296928328,0.5755395683453237,0.42158273381294964,3.6625,San Antonio Spurs
Marco Belinelli,2015,2015-16,62,470,199,230,86,0.42340425531914894,0.3739130434782609,0.5148936170212766,0.48936170212765956,3.7096774193548385,San Antonio Spurs
Marco Belinelli,2016,2016-17,68,635,245,297,91,0.3858267716535433,0.3063973063973064,0.4574803149606299,0.46771653543307085,4.367647058823529,Sacramento Kings
Marco Belinelli,2017,2017-18,74,614,264,282,102,0.42996742671009774,0.3617021276595745,0.5130293159609121,0.4592833876221498,3.810810810810811,Charlotte Hornets
Marco Belinelli,2018,2018-19,80,764,337,395,149,0.4410994764397906,0.37721518987341773,0.5386125654450262,0.5170157068062827,4.9375,Atlanta Hawks
Marco Belinelli,2019,2019-20,79,690,285,395,147,0.41304347826086957,0.3721518987341772,0.5195652173913043,0.572463768115942,5,San Antonio Spurs
Marco Belinelli,2020,2020-21,55,314,123,178,67,0.39171974522292996,0.37640449438202245,0.4984076433121019,0.5668789808917197,3.2363636363636363,San Antonio Spurs
Marcus Morris Sr.,2013,2013-14,77,526,222,233,86,0.4220532319391635,0.36909871244635195,0.5038022813688213,0.4429657794676806,3.0259740259740258,Houston Rockets
Marcus Morris Sr.,2014,2014-15,82,651,288,260,99,0.4423963133640553,0.38076923076923075,0.5184331797235023,0.39938556067588327,3.1707317073170733,Phoenix Suns
Marcus Morris Sr.,2015,2015-16,81,763,331,313,112,0.4338138925294889,0.35782747603833864,0.5072083879423329,0.41022280471821754,3.8641975308641974,Phoenix Suns
Marcus Morris Sr.,2016,2016-17,80,945,410,298,108,0.43386243386243384,0.3624161073825503,0.491005291005291,0.31534391534391537,3.725,Detroit Pistons
Marcus Morris Sr.,2017,2017-18,79,1007,421,357,118,0.41807348560079444,0.33053221288515405,0.4766633565044687,0.3545183714001986,4.518987341772152,Detroit Pistons
Marcus Morris Sr.,2018,2018-19,54,611,262,234,86,0.4288052373158756,0.36752136752136755,0.49918166939443537,0.3829787234042553,4.333333333333333,Boston Celtics
Marcus Morris Sr.,2019,2019-20,75,844,377,389,146,0.4466824644549763,0.37532133676092544,0.533175355450237,0.4609004739336493,5.1866666666666665,Boston Celtics
Marcus Morris Sr.,2020,2020-21,62,810,355,348,142,0.4382716049382716,0.40804597701149425,0.5259259259259259,0.42962962962962964,5.612903225806452,New York Knicks
Marcus Morris Sr.,2021,2021-22,57,584,276,296,140,0.4726027397260274,0.47297297297297297,0.5924657534246576,0.5068493150684932,5.192982456140351,Los Angeles Clippers
Marcus Morris Sr.,2022,2022-23,54,691,300,275,101,0.4341534008683068,0.36727272727272725,0.5072358900144718,0.3979739507959479,5.092592592592593,Los Angeles Clippers
Marcus Morris Sr.,2023,2023-24,65,643,274,307,112,0.4261275272161742,0.36482084690553745,0.5132192846034215,0.4774494556765163,4.723076923076923,LA Clippers
Marcus Morris Sr.,2024,2024-25,45,264,116,119,48,0.4393939393939394,0.40336134453781514,0.5303030303030303,0.45075757575757575,2.6444444444444444,Philadelphia 76ers
Marcus Smart,2015,2015-16,65,477,175,272,91,0.3668763102725367,0.33455882352941174,0.46226415094339623,0.570230607966457,4.184615384615385,Boston Celtics
Marcus Smart,2016,2016-17,61,529,184,241,61,0.34782608695652173,0.25311203319502074,0.4054820415879017,0.4555765595463138,3.9508196721311477,Boston Celtics
Marcus Smart,2017,2017-18,79,749,269,332,94,0.3591455273698264,0.28313253012048195,0.4218958611481976,0.4432576769025367,4.2025316455696204,Boston Celtics
Marcus Smart,2018,2018-19,54,515,189,249,75,0.36699029126213595,0.30120481927710846,0.43980582524271844,0.48349514563106794,4.611111111111111,Boston Celtics
Marcus Smart,2019,2019-20,80,567,239,346,126,0.42151675485008816,0.36416184971098264,0.5326278659611993,0.6102292768959435,4.325,Boston Celtics
Marcus Smart,2020,2020-21,60,682,256,395,137,0.375366568914956,0.3468354430379747,0.47580645161290325,0.5791788856304986,6.583333333333333,Boston Celtics
Marcus Smart,2021,2021-22,48,510,203,282,93,0.3980392156862745,0.32978723404255317,0.4892156862745098,0.5529411764705883,5.875,Boston Celtics
Marcus Smart,2022,2022-23,71,718,300,360,119,0.4178272980501393,0.33055555555555555,0.5006963788300836,0.5013927576601671,5.070422535211268,Boston Celtics
Marcus Smart,2023,2023-24,61,602,250,342,115,0.4152823920265781,0.3362573099415205,0.510797342192691,0.5681063122923588,5.60655737704918,Boston Celtics
Marcus Smart,2024,2024-25,20,237,102,134,42,0.43037974683544306,0.31343283582089554,0.5189873417721519,0.5654008438818565,6.7,Memphis Grizzlies
Marcus Thornton,2013,2013-14,72,774,332,379,141,0.4289405684754522,0.3720316622691293,0.5200258397932817,0.4896640826873385,5.263888888888889,Sacramento Kings
Marcus Thornton,2014,2014-15,72,639,252,316,109,0.39436619718309857,0.3449367088607595,0.47965571205007823,0.4945226917057903,4.388888888888889,Sacramento Kings
Marcus Thornton,2015,2015-16,47,345,140,143,54,0.4057971014492754,0.3776223776223776,0.48405797101449277,0.4144927536231884,3.0425531914893615,Boston Celtics
Marcus Thornton,2016,2016-17,60,541,216,269,91,0.39926062846580407,0.3382899628252788,0.4833641404805915,0.49722735674676527,4.483333333333333,Houston Rockets
Marcus Thornton,2017,2017-18,33,210,84,80,28,0.4,0.35,0.4666666666666667,0.38095238095238093,2.4242424242424243,Washington Wizards
Mario Chalmers,2013,2013-14,77,529,227,301,123,0.42911153119092627,0.40863787375415284,0.5453686200378072,0.5689981096408318,3.909090909090909,Miami Heat
Mario Chalmers,2014,2014-15,73,560,254,226,87,0.45357142857142857,0.38495575221238937,0.53125,0.4035714285714286,3.095890410958904,Miami Heat
Mario Chalmers,2015,2015-16,79,663,267,248,73,0.40271493212669685,0.29435483870967744,0.4577677224736048,0.3740573152337858,3.1392405063291138,Miami Heat
Mario Chalmers,2016,2016-17,61,444,182,149,46,0.4099099099099099,0.3087248322147651,0.4617117117117117,0.3355855855855856,2.442622950819672,Memphis Grizzlies
Mario Chalmers,2018,2018-19,65,443,168,191,53,0.3792325056433409,0.2774869109947644,0.43905191873589167,0.43115124153498874,2.9384615384615387,Memphis Grizzlies
Mario Hezonja,2016,2016-17,74,418,181,192,67,0.43301435406698563,0.3489583333333333,0.5131578947368421,0.45933014354066987,2.5945945945945947,Orlando Magic
Mario Hezonja,2017,2017-18,60,330,117,144,43,0.35454545454545455,0.2986111111111111,0.4196969696969697,0.43636363636363634,2.4,Orlando Magic
Mario Hezonja,2018,2018-19,73,617,273,267,90,0.44246353322528365,0.33707865168539325,0.5153970826580226,0.4327390599675851,3.6575342465753424,Orlando Magic
Mario Hezonja,2019,2019-20,56,464,191,152,42,0.41163793103448276,0.27631578947368424,0.45689655172413796,0.3275862068965517,2.7142857142857144,New York Knicks
Mario Hezonja,2020,2020-21,50,218,92,78,24,0.42201834862385323,0.3076923076923077,0.47706422018348627,0.3577981651376147,1.56,Portland Trail Blazers
Markelle Fultz,2018,2018-19,14,111,45,1,0,0.40540540540540543,0,0.40540540540540543,0.009009009009009009,0.07142857142857142,Philadelphia 76ers
Markelle Fultz,2019,2019-20,19,155,65,14,4,0.41935483870967744,0.2857142857142857,0.432258064516129,0.09032258064516129,0.7368421052631579,Philadelphia 76ers
Markelle Fultz,2020,2020-21,72,772,359,135,36,0.4650259067357513,0.26666666666666666,0.4883419689119171,0.17487046632124353,1.875,Orlando Magic
Markelle Fultz,2021,2021-22,8,104,41,16,4,0.3942307692307692,0.25,0.41346153846153844,0.15384615384615385,2,Orlando Magic
Markelle Fultz,2022,2022-23,18,175,83,17,4,0.4742857142857143,0.23529411764705882,0.4857142857142857,0.09714285714285714,0.9444444444444444,Orlando Magic
Markelle Fultz,2023,2023-24,60,679,349,87,27,0.5139911634756995,0.3103448275862069,0.5338733431516937,0.12812960235640647,1.45,Orlando Magic
Markelle Fultz,2024,2024-25,43,326,154,18,4,0.4723926380368098,0.2222222222222222,0.4785276073619632,0.05521472392638037,0.4186046511627907,Orlando Magic
Markieff Morris,2013,2013-14,82,653,266,134,45,0.40735068912710565,0.3358208955223881,0.44180704441041346,0.20520673813169985,1.6341463414634145,Phoenix Suns
Markieff Morris,2014,2014-15,80,845,411,108,34,0.4863905325443787,0.3148148148148148,0.506508875739645,0.12781065088757396,1.35,Phoenix Suns
Markieff Morris,2015,2015-16,82,1100,512,179,57,0.46545454545454545,0.31843575418994413,0.4913636363636364,0.16272727272727272,2.182926829268293,Phoenix Suns
Markieff Morris,2016,2016-17,64,718,305,155,47,0.42479108635097496,0.3032258064516129,0.4575208913649025,0.21587743732590528,2.421875,Phoenix Suns
Markieff Morris,2017,2017-18,76,889,406,196,71,0.4566929133858268,0.3622448979591837,0.4966254218222722,0.2204724409448819,2.5789473684210527,Washington Wizards
Markieff Morris,2018,2018-19,73,687,330,207,76,0.48034934497816595,0.3671497584541063,0.5356622998544396,0.30131004366812225,2.835616438356164,Washington Wizards
Markieff Morris,2019,2019-20,58,484,204,203,68,0.4214876033057851,0.33497536945812806,0.49173553719008267,0.4194214876033058,3.5,Washington Wizards
Markieff Morris,2020,2020-21,57,458,203,228,88,0.4432314410480349,0.38596491228070173,0.5393013100436681,0.4978165938864629,4,Detroit Pistons
Markieff Morris,2021,2021-22,58,378,153,209,65,0.40476190476190477,0.31100478468899523,0.49074074074074076,0.5529100529100529,3.603448275862069,Los Angeles Lakers
Markieff Morris,2022,2022-23,17,114,54,39,13,0.47368421052631576,0.3333333333333333,0.5307017543859649,0.34210526315789475,2.2941176470588234,Miami Heat
Markieff Morris,2023,2023-24,33,115,47,71,28,0.40869565217391307,0.39436619718309857,0.5304347826086957,0.6173913043478261,2.1515151515151514,Brooklyn Nets
Markieff Morris,2024,2024-25,23,68,23,42,15,0.3382352941176471,0.35714285714285715,0.4485294117647059,0.6176470588235294,1.826086956521739,Dallas Mavericks
Marquese Chriss,2017,2017-18,81,632,284,224,72,0.44936708860759494,0.32142857142857145,0.5063291139240507,0.35443037974683544,2.765432098765432,Phoenix Suns
Marquese Chriss,2018,2018-19,72,477,202,190,56,0.42348008385744235,0.29473684210526313,0.48218029350104824,0.39832285115303984,2.638888888888889,Phoenix Suns
Marquese Chriss,2019,2019-20,40,180,67,72,16,0.37222222222222223,0.2222222222222222,0.4166666666666667,0.4,1.8,Cleveland Cavaliers
Marquese Chriss,2020,2020-21,59,385,210,39,8,0.5454545454545454,0.20512820512820512,0.5558441558441558,0.1012987012987013,0.6610169491525424,Golden State Warriors
Marquese Chriss,2021,2021-22,2,14,5,5,1,0.35714285714285715,0.2,0.39285714285714285,0.35714285714285715,2.5,Golden State Warriors
Marquese Chriss,2022,2022-23,30,134,62,25,8,0.4626865671641791,0.32,0.4925373134328358,0.1865671641791045,0.8333333333333334,Dallas Mavericks
Marreese Speights,2013,2013-14,79,584,260,10,3,0.4452054794520548,0.3,0.4477739726027397,0.017123287671232876,0.12658227848101267,Cleveland Cavaliers
Marreese Speights,2014,2014-15,75,442,195,31,8,0.4411764705882353,0.25806451612903225,0.4502262443438914,0.07013574660633484,0.41333333333333333,Golden State Warriors
Marreese Speights,2015,2015-16,75,646,318,18,5,0.49226006191950467,0.2777777777777778,0.49613003095975233,0.02786377708978328,0.24,Golden State Warriors
Marreese Speights,2016,2016-17,71,456,197,62,24,0.43201754385964913,0.3870967741935484,0.4583333333333333,0.13596491228070176,0.8732394366197183,Golden State Warriors
Marreese Speights,2017,2017-18,82,547,244,276,103,0.4460694698354662,0.37318840579710144,0.5402193784277879,0.5045703839122486,3.3658536585365852,LA Clippers
Marreese Speights,2018,2018-19,50,349,138,233,86,0.3954154727793696,0.36909871244635195,0.5186246418338109,0.667621776504298,4.66,Orlando Magic
Martell Webster,2013,2013-14,76,635,281,328,139,0.44251968503937006,0.42378048780487804,0.5519685039370079,0.5165354330708661,4.315789473684211,Washington Wizards
Martell Webster,2014,2014-15,78,586,254,371,146,0.4334470989761092,0.3935309973045822,0.5580204778156996,0.6331058020477816,4.756410256410256,Washington Wizards
Martell Webster,2015,2015-16,28,91,24,43,10,0.26373626373626374,0.23255813953488372,0.31868131868131866,0.4725274725274725,1.5357142857142858,Washington Wizards
Marvin Bagley III,2019,2019-20,62,706,356,96,30,0.5042492917847026,0.3125,0.5254957507082153,0.1359773371104816,1.5483870967741935,Sacramento Kings
Marvin Bagley III,2020,2020-21,13,167,78,22,4,0.46706586826347307,0.18181818181818182,0.47904191616766467,0.1317365269461078,1.6923076923076923,Sacramento Kings
Marvin Bagley III,2021,2021-22,43,490,247,108,37,0.5040816326530613,0.3425925925925926,0.5418367346938775,0.22040816326530613,2.511627906976744,Sacramento Kings
Marvin Bagley III,2022,2022-23,48,446,225,97,23,0.5044843049327354,0.23711340206185566,0.5302690582959642,0.21748878923766815,2.0208333333333335,Sacramento Kings
Marvin Bagley III,2023,2023-24,42,382,202,66,19,0.5287958115183246,0.2878787878787879,0.5536649214659686,0.17277486910994763,1.5714285714285714,Detroit Pistons
Marvin Bagley III,2024,2024-25,50,408,239,23,9,0.5857843137254902,0.391304347826087,0.5968137254901961,0.056372549019607844,0.46,Washington Wizards
Marvin Williams,2013,2013-14,73,470,199,166,54,0.42340425531914894,0.3253012048192771,0.4808510638297872,0.35319148936170214,2.2739726027397262,Utah Jazz
Marvin Williams,2014,2014-15,66,526,231,234,84,0.4391634980988593,0.358974358974359,0.5190114068441065,0.4448669201520912,3.5454545454545454,Utah Jazz
Marvin Williams,2015,2015-16,78,495,210,265,95,0.42424242424242425,0.3584905660377358,0.5202020202020202,0.5353535353535354,3.3974358974358974,Charlotte Hornets
Marvin Williams,2016,2016-17,81,746,338,377,152,0.45308310991957107,0.40318302387267907,0.5549597855227882,0.5053619302949062,4.654320987654321,Charlotte Hornets
Marvin Williams,2017,2017-18,76,704,297,354,124,0.421875,0.3502824858757062,0.5099431818181818,0.5028409090909091,4.657894736842105,Charlotte Hornets
Marvin Williams,2018,2018-19,78,563,258,305,126,0.458259325044405,0.4131147540983607,0.5701598579040853,0.5417406749555951,3.91025641025641,Charlotte Hornets
Marvin Williams,2019,2019-20,75,652,275,382,140,0.4217791411042945,0.36649214659685864,0.5291411042944786,0.5858895705521472,5.093333333333334,Charlotte Hornets
Marvin Williams,2020,2020-21,58,267,119,156,56,0.44569288389513106,0.358974358974359,0.550561797752809,0.5842696629213483,2.689655172413793,Charlotte Hornets
Mason Plumlee,2014,2014-15,66,302,199,3,0,0.6589403973509934,0,0.6589403973509934,0.009933774834437087,0.045454545454545456,Brooklyn Nets
Mason Plumlee,2015,2015-16,82,489,280,3,0,0.5725971370143149,0,0.5725971370143149,0.006134969325153374,0.036585365853658534,Brooklyn Nets
Mason Plumlee,2016,2016-17,81,517,267,4,0,0.5164410058027079,0,0.5164410058027079,0.007736943907156673,0.04938271604938271,Portland Trail Blazers
Mason Plumlee,2017,2017-18,81,623,334,6,0,0.536115569823435,0,0.536115569823435,0.009630818619582664,0.07407407407407407,Portland Trail Blazers
Mason Plumlee,2018,2018-19,73,368,221,1,0,0.6005434782608695,0,0.6005434782608695,0.002717391304347826,0.0136986301369863,Denver Nuggets
Mason Plumlee,2019,2019-20,82,442,262,10,2,0.5927601809954751,0.2,0.5950226244343891,0.02262443438914027,0.12195121951219512,Denver Nuggets
Mason Plumlee,2020,2020-21,61,288,177,5,0,0.6145833333333334,0,0.6145833333333334,0.017361111111111112,0.08196721311475409,Denver Nuggets
Mason Plumlee,2021,2021-22,56,381,234,7,0,0.6141732283464567,0,0.6141732283464567,0.01837270341207349,0.125,Detroit Pistons
Mason Plumlee,2022,2022-23,73,320,205,2,0,0.640625,0,0.640625,0.00625,0.0273972602739726,Charlotte Hornets
Mason Plumlee,2023,2023-24,79,484,329,0,0,0.6797520661157025,NA,0.6797520661157025,0,0,Charlotte Hornets
Mason Plumlee,2024,2024-25,43,153,87,6,0,0.5686274509803921,0,0.5686274509803921,0.0392156862745098,0.13953488372093023,LA Clippers
Matisse Thybulle,2020,2020-21,64,265,112,157,56,0.4226415094339623,0.35668789808917195,0.5283018867924528,0.5924528301886792,2.453125,Philadelphia 76ers
Matisse Thybulle,2021,2021-22,62,243,102,143,43,0.41975308641975306,0.3006993006993007,0.5082304526748971,0.588477366255144,2.306451612903226,Philadelphia 76ers
Matisse Thybulle,2022,2022-23,66,300,150,144,45,0.5,0.3125,0.575,0.48,2.1818181818181817,Philadelphia 76ers
Matisse Thybulle,2023,2023-24,58,253,110,148,54,0.43478260869565216,0.36486486486486486,0.541501976284585,0.5849802371541502,2.5517241379310347,Portland Trail Blazers
Matisse Thybulle,2024,2024-25,65,317,126,231,80,0.39747634069400634,0.3463203463203463,0.5236593059936908,0.7287066246056783,3.5538461538461537,Portland Trail Blazers
Matt Barnes,2013,2013-14,80,675,312,325,111,0.4622222222222222,0.3415384615384615,0.5444444444444444,0.48148148148148145,4.0625,Los Angeles Clippers
Matt Barnes,2014,2014-15,63,526,230,282,96,0.4372623574144487,0.3404255319148936,0.5285171102661597,0.5361216730038023,4.476190476190476,Los Angeles Clippers
Matt Barnes,2015,2015-16,76,623,277,375,136,0.4446227929373997,0.3626666666666667,0.5537720706260032,0.6019261637239165,4.934210526315789,Los Angeles Clippers
Matt Barnes,2016,2016-17,76,692,263,369,118,0.3800578034682081,0.31978319783197834,0.4653179190751445,0.5332369942196532,4.855263157894737,Memphis Grizzlies
Matt Barnes,2017,2017-18,74,472,184,262,86,0.3898305084745763,0.3282442748091603,0.4809322033898305,0.5550847457627118,3.5405405405405403,Sacramento Kings
Matthew Dellavedova,2014,2014-15,64,296,122,155,57,0.41216216216216217,0.36774193548387096,0.5084459459459459,0.5236486486486487,2.421875,Cleveland Cavaliers
Matthew Dellavedova,2015,2015-16,66,307,111,167,68,0.36156351791530944,0.40718562874251496,0.4723127035830619,0.5439739413680782,2.5303030303030303,Cleveland Cavaliers
Matthew Dellavedova,2016,2016-17,76,511,207,239,98,0.4050880626223092,0.4100418410041841,0.5009784735812133,0.46771037181996084,3.1447368421052633,Cleveland Cavaliers
Matthew Dellavedova,2017,2017-18,76,533,207,214,78,0.3883677298311445,0.3644859813084112,0.46153846153846156,0.40150093808630394,2.8157894736842106,Milwaukee Bucks
Matthew Dellavedova,2018,2018-19,38,152,55,78,29,0.3618421052631579,0.3717948717948718,0.45723684210526316,0.5131578947368421,2.0526315789473686,Milwaukee Bucks
Matthew Dellavedova,2019,2019-20,45,242,98,130,44,0.4049586776859504,0.3384615384615385,0.49586776859504134,0.5371900826446281,2.888888888888889,Cleveland Cavaliers
Matthew Dellavedova,2020,2020-21,54,175,62,91,21,0.35428571428571426,0.23076923076923078,0.4142857142857143,0.52,1.6851851851851851,Cleveland Cavaliers
Matthew Dellavedova,2021,2021-22,13,56,14,25,4,0.25,0.16,0.2857142857142857,0.44642857142857145,1.9230769230769231,Cleveland Cavaliers
Matthew Dellavedova,2023,2023-24,21,50,17,27,9,0.34,0.3333333333333333,0.43,0.54,1.2857142857142858,Sacramento Kings
Maurice Harkless,2013,2013-14,75,564,260,117,32,0.46099290780141844,0.27350427350427353,0.48936170212765956,0.2074468085106383,1.56,Orlando Magic
Maurice Harkless,2014,2014-15,78,483,224,154,59,0.463768115942029,0.38311688311688313,0.5248447204968945,0.3188405797101449,1.9743589743589745,Orlando Magic
Maurice Harkless,2015,2015-16,38,158,63,56,10,0.3987341772151899,0.17857142857142858,0.43037974683544306,0.35443037974683544,1.4736842105263157,Orlando Magic
Maurice Harkless,2016,2016-17,75,411,195,140,39,0.4744525547445255,0.2785714285714286,0.5218978102189781,0.340632603406326,1.8666666666666667,Portland Trail Blazers
Maurice Harkless,2017,2017-18,77,623,313,193,67,0.5024077046548957,0.3471502590673575,0.5561797752808989,0.3097913322632424,2.5064935064935066,Portland Trail Blazers
Maurice Harkless,2018,2018-19,55,297,147,118,49,0.494949494949495,0.4152542372881356,0.5774410774410774,0.39730639730639733,2.1454545454545455,Portland Trail Blazers
Maurice Harkless,2019,2019-20,60,388,189,120,33,0.48711340206185566,0.275,0.529639175257732,0.30927835051546393,2,Portland Trail Blazers
Maurice Harkless,2020,2020-21,60,283,142,98,34,0.5017667844522968,0.3469387755102041,0.5618374558303887,0.3462897526501767,1.6333333333333333,Los Angeles Clippers
Maurice Harkless,2021,2021-22,32,165,69,84,23,0.41818181818181815,0.27380952380952384,0.48787878787878786,0.509090909090909,2.625,Sacramento Kings
Maurice Harkless,2022,2022-23,40,181,83,101,31,0.4585635359116022,0.3069306930693069,0.5441988950276243,0.5580110497237569,2.525,Sacramento Kings
Max Strus,2020,2020-21,1,3,2,1,0,0.6666666666666666,0,0.6666666666666666,0.3333333333333333,1,Chicago Bulls
Max Strus,2021,2021-22,34,187,85,148,50,0.45454545454545453,0.33783783783783783,0.5882352941176471,0.7914438502673797,4.352941176470588,Miami Heat
Max Strus,2022,2022-23,67,564,249,442,181,0.44148936170212766,0.4095022624434389,0.6019503546099291,0.7836879432624113,6.597014925373134,Miami Heat
Max Strus,2023,2023-24,79,790,324,563,197,0.41012658227848103,0.34991119005328597,0.5348101265822784,0.7126582278481013,7.1265822784810124,Miami Heat
Max Strus,2024,2024-25,70,728,304,479,168,0.4175824175824176,0.35073068893528186,0.532967032967033,0.657967032967033,6.8428571428571425,Cleveland Cavaliers
Maxi Kleber,2018,2018-19,66,309,151,128,40,0.4886731391585761,0.3125,0.5533980582524272,0.41423948220064727,1.9393939393939394,Dallas Mavericks
Maxi Kleber,2019,2019-20,70,386,175,218,77,0.4533678756476684,0.3532110091743119,0.5531088082901554,0.56476683937823835,3.1142857142857143,Dallas Mavericks
Maxi Kleber,2020,2020-21,74,514,237,319,119,0.46108949416342415,0.3730407523510972,0.5768482490272373,0.6206225680933852,4.3108108108108105,Dallas Mavericks
Maxi Kleber,2021,2021-22,50,275,116,212,87,0.4218181818181818,0.41037735849056606,0.58,0.7709090909090909,4.24,Dallas Mavericks
Maxi Kleber,2022,2022-23,59,354,141,255,83,0.3983050847457627,0.3254901960784314,0.5155367231638418,0.7203389830508474,4.322033898305085,Dallas Mavericks
Maxi Kleber,2023,2023-24,36,169,77,112,39,0.4556213017751479,0.3482142857142857,0.5710059171597633,0.6627218934911243,3.111111111111111,Dallas Mavericks
Maxi Kleber,2024,2024-25,41,146,63,92,32,0.4315068493150685,0.34782608695652173,0.541095890410959,0.6301369863013698,2.2439024390243905,Dallas Mavericks
Metta World Peace,2013,2013-14,75,821,330,409,139,0.40194884287454324,0.33985330073349634,0.4866017052375152,0.4981729598051157,5.453333333333333,Los Angeles Lakers
Metta World Peace,2014,2014-15,25,141,56,54,17,0.3971631205673759,0.3148148148148148,0.4574468085106383,0.3829787234042553,2.16,New York Knicks
Metta World Peace,2016,2016-17,34,177,55,84,26,0.3107344632768362,0.30952380952380953,0.384180790960452,0.4745762711864407,2.4705882352941178,Los Angeles Lakers
Metta World Peace,2017,2017-18,18,68,19,38,9,0.27941176470588236,0.23684210526315788,0.34558823529411764,0.5588235294117647,2.111111111111111,Los Angeles Lakers
Meyers Leonard,2013,2013-14,58,277,151,7,3,0.5451263537906137,0.42857142857142855,0.5505415162454874,0.02527075812274368,0.1206896551724138,Portland Trail Blazers
Meyers Leonard,2014,2014-15,32,91,41,6,0,0.45054945054945056,0,0.45054945054945056,0.06593406593406594,0.1875,Portland Trail Blazers
Meyers Leonard,2015,2015-16,50,245,125,112,47,0.5102040816326531,0.41964285714285715,0.6061224489795919,0.45714285714285713,2.24,Portland Trail Blazers
Meyers Leonard,2016,2016-17,60,434,195,227,86,0.44930875576036866,0.3788546255506608,0.5483870967741935,0.5230414746543779,3.783333333333333,Portland Trail Blazers
Meyers Leonard,2017,2017-18,71,378,146,213,74,0.3862433862433862,0.3474178403755869,0.48412698412698413,0.5634920634920635,3,Portland Trail Blazers
Meyers Leonard,2018,2018-19,23,78,46,26,11,0.5897435897435898,0.4230769230769231,0.6602564102564102,0.3333333333333333,1.1304347826086956,Portland Trail Blazers
Meyers Leonard,2019,2019-20,55,242,132,111,50,0.5454545454545454,0.45045045045045046,0.6487603305785123,0.45867768595041325,2.018181818181818,Portland Trail Blazers
Meyers Leonard,2020,2020-21,50,234,119,128,53,0.5085470085470085,0.4140625,0.6217948717948718,0.5470085470085471,2.56,Miami Heat
Meyers Leonard,2021,2021-22,3,7,3,7,3,0.42857142857142855,0.42857142857142855,0.6428571428571429,1,2.3333333333333335,Miami Heat
Meyers Leonard,2023,2023-24,9,29,14,18,7,0.4827586206896552,0.3888888888888889,0.603448275862069,0.6206896551724138,2,Milwaukee Bucks
Michael Beasley,2013,2013-14,74,766,310,144,45,0.4046997389033943,0.3125,0.43407310704960833,0.18798955613577023,1.945945945945946,Phoenix Suns
Michael Beasley,2014,2014-15,54,355,177,54,21,0.49859154929577465,0.3888888888888889,0.528169014084507,0.15211267605633802,1,Miami Heat
Michael Beasley,2015,2015-16,24,212,92,34,8,0.4339622641509434,0.23529411764705882,0.4528301886792453,0.16037735849056603,1.4166666666666667,Miami Heat
Michael Beasley,2016,2016-17,20,205,107,9,3,0.5219512195121951,0.3333333333333333,0.5292682926829269,0.04390243902439024,0.45,Houston Rockets
Michael Beasley,2017,2017-18,56,406,216,43,18,0.5320197044334976,0.4186046511627907,0.5541871921182266,0.10591133004926108,0.7678571428571429,Milwaukee Bucks
Michael Beasley,2018,2018-19,73,807,409,86,34,0.506815365551425,0.3953488372093023,0.5278810408921933,0.10656753407682776,1.178082191780822,New York Knicks
Michael Beasley,2019,2019-20,23,153,75,17,3,0.49019607843137253,0.17647058823529413,0.5,0.1111111111111111,0.7391304347826086,Los Angeles Lakers
Michael Carter-Williams,2014,2014-15,70,1054,427,208,55,0.40512333965844405,0.2644230769230769,0.4312144212523719,0.19734345351043645,2.9714285714285715,Philadelphia 76ers
Michael Carter-Williams,2015,2015-16,66,919,364,153,36,0.39608269858541895,0.23529411764705882,0.41566920565832427,0.16648531011969533,2.3181818181818183,Philadelphia 76ers
Michael Carter-Williams,2016,2016-17,54,555,251,55,15,0.45225225225225224,0.2727272727272727,0.4657657657657658,0.0990990990990991,1.0185185185185186,Milwaukee Bucks
Michael Carter-Williams,2017,2017-18,42,306,112,64,15,0.3660130718954248,0.234375,0.39052287581699346,0.20915032679738563,1.5238095238095237,Chicago Bulls
Michael Carter-Williams,2018,2018-19,52,229,76,59,14,0.3318777292576419,0.23728813559322035,0.3624454148471616,0.2576419213973799,1.1346153846153846,Charlotte Hornets
Michael Carter-Williams,2019,2019-20,27,123,46,38,10,0.37398373983739835,0.2631578947368421,0.4146341463414634,0.3089430894308943,1.4074074074074074,Orlando Magic
Michael Carter-Williams,2020,2020-21,45,260,111,75,22,0.4269230769230769,0.29333333333333333,0.46923076923076923,0.28846153846153844,1.6666666666666667,Orlando Magic
Michael Carter-Williams,2021,2021-22,31,270,105,61,15,0.3888888888888889,0.2459016393442623,0.4166666666666667,0.22592592592592592,1.967741935483871,Orlando Magic
Michael Carter-Williams,2023,2023-24,3,14,6,3,1,0.42857142857142855,0.3333333333333333,0.4642857142857143,0.21428571428571427,1,Orlando Magic
Michael Kidd-Gilchrist,2013,2013-14,78,613,281,9,2,0.45840130505709625,0.2222222222222222,0.4600326264274062,0.01468189233278956,0.11538461538461539,Charlotte Bobcats
Michael Kidd-Gilchrist,2014,2014-15,62,353,167,9,1,0.4730878186968839,0.1111111111111111,0.4745042492917847,0.025495750708215296,0.14516129032258066,Charlotte Bobcats
Michael Kidd-Gilchrist,2015,2015-16,55,482,224,0,0,0.46473029045643155,NA,0.46473029045643155,0,0,Charlotte Hornets
Michael Kidd-Gilchrist,2016,2016-17,7,61,33,7,3,0.5409836065573771,0.42857142857142855,0.5655737704918032,0.11475409836065574,1,Charlotte Hornets
Michael Kidd-Gilchrist,2017,2017-18,81,618,295,9,1,0.4773462783171521,0.1111111111111111,0.47815533980582525,0.014563106796116505,0.1111111111111111,Charlotte Hornets
Michael Kidd-Gilchrist,2018,2018-19,73,560,282,2,0,0.5035714285714286,0,0.5035714285714286,0.0035714285714285713,0.0273972602739726,Charlotte Hornets
Michael Kidd-Gilchrist,2019,2019-20,63,332,158,47,16,0.4759036144578313,0.3404255319148936,0.5,0.14156626506024098,0.746031746031746,Charlotte Hornets
Michael Kidd-Gilchrist,2020,2020-21,17,66,22,20,5,0.3333333333333333,0.25,0.3712121212121212,0.30303030303030304,1.1764705882352942,Charlotte Hornets
Michael Porter Jr.,2020,2020-21,55,383,195,147,62,0.5091383812010444,0.4217687074829932,0.5900783289817232,0.3838120104438642,2.672727272727273,Denver Nuggets
Michael Porter Jr.,2021,2021-22,61,817,443,382,170,0.5422276621787026,0.44502617801047123,0.6462668298653611,0.4675642594859241,6.262295081967213,Denver Nuggets
Michael Porter Jr.,2022,2022-23,9,103,37,48,10,0.3592233009708738,0.20833333333333334,0.4077669902912621,0.46601941747572817,5.333333333333333,Denver Nuggets
Michael Porter Jr.,2023,2023-24,62,817,398,454,188,0.48714810281517745,0.41409691629955947,0.602203182374541,0.5556915544675642,7.32258064516129,Denver Nuggets
Michael Porter Jr.,2024,2024-25,81,1079,522,554,220,0.48378127896200185,0.3971119133574007,0.5857275254865616,0.5134383688600556,6.839506172839506,Denver Nuggets
Mikal Bridges,2019,2019-20,81,563,242,313,105,0.42984014209591476,0.3354632587859425,0.5230905861456483,0.5559502664298401,3.8641975308641974,Phoenix Suns
Mikal Bridges,2020,2020-21,73,484,247,194,70,0.5103305785123967,0.36082474226804123,0.5826446280991735,0.40082644628099173,2.6575342465753424,Phoenix Suns
Mikal Bridges,2021,2021-22,72,669,363,315,134,0.5426008968609866,0.4253968253968254,0.6427503736920778,0.47085201793721976,4.375,Phoenix Suns
Mikal Bridges,2022,2022-23,82,858,458,312,115,0.5337995337995338,0.3685897435897436,0.6008158508158508,0.36363636363636365,3.8048780487804876,Phoenix Suns
Mikal Bridges,2023,2023-24,82,1267,593,442,169,0.468034727703236,0.38235294117647056,0.5347277032359905,0.34885556432517756,5.390243902439025,Phoenix Suns
Mikal Bridges,2024,2024-25,82,1294,564,592,220,0.43585780525502316,0.3716216216216216,0.5208655332302936,0.4574961360123648,7.219512195121951,Brooklyn Nets
Mike Conley,2013,2013-14,80,940,414,293,106,0.44042553191489364,0.36177474402730375,0.4968085106382979,0.31170212765957445,3.6625,Memphis Grizzlies
Mike Conley,2014,2014-15,73,1030,463,291,105,0.4495145631067961,0.36082474226804123,0.5004854368932039,0.28252427184466017,3.9863013698630136,Memphis Grizzlies
Mike Conley,2015,2015-16,70,882,393,277,107,0.445578231292517,0.3862815884476534,0.5062358276643991,0.31405895691609975,3.9571428571428573,Memphis Grizzlies
Mike Conley,2016,2016-17,56,696,294,215,78,0.4224137931034483,0.3627906976744186,0.47844827586206895,0.3089080459770115,3.8392857142857144,Memphis Grizzlies
Mike Conley,2017,2017-18,69,1009,464,419,171,0.45986124876114964,0.4081145584725537,0.5445986124876115,0.41526263627353815,6.072463768115942,Memphis Grizzlies
Mike Conley,2018,2018-19,12,168,64,77,24,0.38095238095238093,0.3116883116883117,0.4523809523809524,0.4583333333333333,6.416666666666667,Memphis Grizzlies
Mike Conley,2019,2019-20,70,1120,490,426,155,0.4375,0.36384976525821594,0.5066964285714286,0.38035714285714284,6.085714285714285,Memphis Grizzlies
Mike Conley,2020,2020-21,47,567,232,256,96,0.4091710758377425,0.375,0.49382716049382713,0.4514991181657848,5.446808510638298,Utah Jazz
Mike Conley,2021,2021-22,51,640,284,335,138,0.44375,0.41194029850746267,0.5515625,0.5234375,6.568627450980392,Utah Jazz
Mike Conley,2022,2022-23,72,791,344,414,169,0.43489254108723135,0.4082125603864734,0.5417193426042983,0.5233881163084703,5.75,Utah Jazz
Mike Conley,2023,2023-24,67,610,261,351,135,0.4278688524590164,0.38461538461538464,0.5385245901639344,0.5754098360655737,5.2388059701492535,Utah Jazz
Mike Conley,2024,2024-25,76,644,294,405,179,0.45652173913043476,0.4419753086419753,0.5954968944099379,0.6288819875776398,5.328947368421052,Minnesota Timberwolves
Mike Dunleavy,2013,2013-14,75,624,276,299,128,0.4423076923076923,0.4280936454849498,0.5448717948717948,0.4791666666666667,3.986666666666667,Milwaukee Bucks
Mike Dunleavy,2014,2014-15,82,774,333,324,123,0.43023255813953487,0.37962962962962965,0.5096899224806202,0.4186046511627907,3.951219512195122,Chicago Bulls
Mike Dunleavy,2015,2015-16,63,481,209,263,107,0.43451143451143454,0.4068441064638783,0.5457380457380457,0.5467775467775468,4.174603174603175,Chicago Bulls
Mike Dunleavy,2016,2016-17,31,188,77,99,39,0.4095744680851064,0.3939393939393939,0.5132978723404256,0.526595744680851,3.193548387096774,Chicago Bulls
Mike Dunleavy,2017,2017-18,52,219,93,133,53,0.4246575342465753,0.39849624060150374,0.545662100456621,0.6073059360730594,2.5576923076923075,Atlanta Hawks
Mike Muscala,2014,2014-15,18,73,31,3,0,0.4246575342465753,0,0.4246575342465753,0.0410958904109589,0.16666666666666666,Atlanta Hawks
Mike Muscala,2015,2015-16,35,151,83,22,9,0.5496688741721855,0.4090909090909091,0.5794701986754967,0.1456953642384106,0.6285714285714286,Atlanta Hawks
Mike Muscala,2016,2016-17,48,152,76,39,12,0.5,0.3076923076923077,0.5394736842105263,0.2565789473684211,0.8125,Atlanta Hawks
Mike Muscala,2017,2017-18,66,336,170,109,46,0.5059523809523809,0.42201834862385323,0.5744047619047619,0.3244047619047619,1.6515151515151516,Atlanta Hawks
Mike Muscala,2018,2018-19,53,312,143,167,62,0.4583333333333333,0.3712574850299401,0.5576923076923077,0.5352564102564102,3.150943396226415,Atlanta Hawks
Mike Muscala,2019,2019-20,62,361,145,256,89,0.40166204986149584,0.34765625,0.5249307479224377,0.7091412742382271,4.129032258064516,Philadelphia 76ers
Mike Muscala,2020,2020-21,42,189,77,143,54,0.4074074074074074,0.3776223776223776,0.5502645502645502,0.7566137566137566,3.4047619047619047,Oklahoma City Thunder
Mike Muscala,2021,2021-22,35,267,119,184,68,0.44569288389513106,0.3695652173913043,0.5730337078651685,0.6891385767790262,5.257142857142857,Oklahoma City Thunder
Mike Muscala,2022,2022-23,43,248,113,163,70,0.45564516129032256,0.4294478527607362,0.5967741935483871,0.657258064516129,3.7906976744186047,Oklahoma City Thunder
Mike Muscala,2023,2023-24,58,292,131,207,81,0.4486301369863014,0.391304347826087,0.5873287671232876,0.708904109589041,3.5689655172413794,Oklahoma City Thunder
Mike Muscala,2024,2024-25,46,156,56,96,28,0.358974358974359,0.2916666666666667,0.44871794871794873,0.6153846153846154,2.0869565217391304,Washington Wizards
Mike Scott,2013,2013-14,31,147,70,1,0,0.47619047619047616,0,0.47619047619047616,0.006802721088435374,0.03225806451612903,Atlanta Hawks
Mike Scott,2014,2014-15,79,628,301,200,62,0.47929936305732485,0.31,0.5286624203821656,0.3184713375796178,2.5316455696202533,Atlanta Hawks
Mike Scott,2015,2015-16,68,453,201,192,66,0.44370860927152317,0.34375,0.5165562913907285,0.423841059602649,2.823529411764706,Atlanta Hawks
Mike Scott,2016,2016-17,70,376,176,158,62,0.46808510638297873,0.3924050632911392,0.550531914893617,0.42021276595744683,2.257142857142857,Atlanta Hawks
Mike Scott,2017,2017-18,17,59,17,27,4,0.288135593220339,0.14814814814814814,0.3220338983050847,0.4576271186440678,1.588235294117647,Atlanta Hawks
Mike Scott,2018,2018-19,76,524,276,163,66,0.5267175572519084,0.4049079754601227,0.5896946564885496,0.3110687022900763,2.1447368421052633,Washington Wizards
Mike Scott,2019,2019-20,76,420,168,252,101,0.4,0.4007936507936508,0.5202380952380953,0.6,3.3157894736842106,LA Clippers
Mike Scott,2020,2020-21,67,350,149,217,80,0.4257142857142857,0.3686635944700461,0.54,0.62,3.2388059701492535,Philadelphia 76ers
Mike Scott,2021,2021-22,47,211,76,155,53,0.36018957345971564,0.3419354838709677,0.48578199052132703,0.7345971563981043,3.297872340425532,Philadelphia 76ers
Miles Bridges,2019,2019-20,79,511,237,200,65,0.4637964774951076,0.325,0.5273972602739726,0.3913894324853229,2.5316455696202533,Charlotte Hornets
Miles Bridges,2020,2020-21,65,753,319,300,99,0.42363877822045154,0.33,0.4893758300132802,0.398406374501992,4.615384615384615,Charlotte Hornets
Miles Bridges,2021,2021-22,65,622,313,290,116,0.5032154340836013,0.4,0.5964630225080386,0.4662379421221865,4.461538461538462,Charlotte Hornets
Miles Bridges,2022,2022-23,80,1214,596,465,154,0.49093904448105435,0.3311827956989247,0.5543657331136738,0.3830313014827018,5.8125,Charlotte Hornets
Miles Bridges,2024,2024-25,69,1210,559,450,157,0.46198347107438015,0.3488888888888889,0.5268595041322314,0.371900826446281,6.521739130434782,Charlotte Hornets
Miles Plumlee,2013,2013-14,11,21,5,0,0,0.23809523809523808,NA,0.23809523809523808,0,0,Indiana Pacers
Miles Plumlee,2014,2014-15,80,553,286,0,0,0.5171790235081374,NA,0.5171790235081374,0,0,Phoenix Suns
Miles Plumlee,2015,2015-16,66,254,136,0,0,0.5354330708661418,NA,0.5354330708661418,0,0,Phoenix Suns
Miles Plumlee,2016,2016-17,51,233,140,0,0,0.6008583690987125,NA,0.6008583690987125,0,0,Milwaukee Bucks
Miles Plumlee,2017,2017-18,36,92,44,0,0,0.4782608695652174,NA,0.4782608695652174,0,0,Milwaukee Bucks
Miles Plumlee,2018,2018-19,50,180,105,0,0,0.5833333333333334,NA,0.5833333333333334,0,0,Atlanta Hawks
Miles Plumlee,2019,2019-20,12,48,32,0,0,0.6666666666666666,NA,0.6666666666666666,0,0,Atlanta Hawks
Mirza Teletovic,2013,2013-14,47,185,71,108,37,0.3837837837837838,0.3425925925925926,0.4837837837837838,0.5837837837837838,2.297872340425532,Brooklyn Nets
Mirza Teletovic,2014,2014-15,71,528,220,348,135,0.4166666666666667,0.3879310344827586,0.5445075757575758,0.6590909090909091,4.901408450704225,Brooklyn Nets
Mirza Teletovic,2015,2015-16,40,319,122,193,62,0.3824451410658307,0.32124352331606215,0.47962382445141066,0.6050156739811913,4.825,Brooklyn Nets
Mirza Teletovic,2016,2016-17,77,777,332,460,181,0.4272844272844273,0.3934782608695652,0.5437580437580437,0.592020592020592,5.974025974025974,Phoenix Suns
Mirza Teletovic,2017,2017-18,69,417,156,304,104,0.37410071942446044,0.34210526315789475,0.4988009592326139,0.7290167865707434,4.405797101449275,Milwaukee Bucks
Mirza Teletovic,2018,2018-19,10,57,25,45,21,0.43859649122807015,0.4666666666666667,0.6228070175438597,0.7894736842105263,4.5,Milwaukee Bucks
Mitchell Robinson,2019,2019-20,65,291,202,0,0,0.6941580756013745,NA,0.6941580756013745,0,0,New York Knicks
Mitchell Robinson,2020,2020-21,61,341,253,0,0,0.7419354838709677,NA,0.7419354838709677,0,0,New York Knicks
Mitchell Robinson,2021,2021-22,31,176,115,0,0,0.6534090909090909,NA,0.6534090909090909,0,0,New York Knicks
Mitchell Robinson,2022,2022-23,71,343,261,0,0,0.760932944606414,NA,0.760932944606414,0,0,New York Knicks
Mitchell Robinson,2023,2023-24,57,280,188,0,0,0.6714285714285714,NA,0.6714285714285714,0,0,New York Knicks
Mitchell Robinson,2024,2024-25,29,127,73,0,0,0.5748031496062992,NA,0.5748031496062992,0,0,New York Knicks
Mo Bamba,2019,2019-20,47,243,117,70,21,0.48148148148148145,0.3,0.5246913580246914,0.2880658436213992,1.4893617021276595,Orlando Magic
Mo Bamba,2020,2020-21,62,286,132,107,37,0.46153846153846156,0.34579439252336447,0.5262237762237763,0.3741258741258741,1.7258064516129032,Orlando Magic
Mo Bamba,2021,2021-22,43,301,142,118,38,0.4717607973421927,0.3220338983050847,0.5348837209302325,0.3920265780730897,2.744186046511628,Orlando Magic
Mo Bamba,2022,2022-23,70,617,296,281,107,0.47974068071312803,0.3807829181494662,0.56645056726094,0.4554294975688817,4.014285714285714,Orlando Magic
Mo Bamba,2023,2023-24,45,241,117,124,48,0.4854771784232365,0.3870967741935484,0.5850622406639004,0.5145228215767634,2.7555555555555555,Orlando Magic
Mo Bamba,2024,2024-25,49,198,97,64,25,0.4898989898989899,0.390625,0.553030303030303,0.32323232323232326,1.3061224489795917,Philadelphia 76ers
Mo Williams,2013,2013-14,46,533,229,154,59,0.42964352720450283,0.38311688311688313,0.4849906191369606,0.28893058161350843,3.347826086956522,Utah Jazz
Mo Williams,2014,2014-15,74,672,280,225,83,0.4166666666666667,0.3688888888888889,0.47842261904761907,0.33482142857142855,3.0405405405405403,Portland Trail Blazers
Mo Williams,2015,2015-16,68,860,341,348,119,0.39651162790697675,0.34195402298850575,0.46569767441860466,0.4046511627906977,5.117647058823529,Minnesota Timberwolves
Mo Williams,2016,2016-17,40,302,132,102,36,0.4370860927152318,0.35294117647058826,0.4966887417218543,0.33774834437086093,2.55,Cleveland Cavaliers
Monta Ellis,2013,2013-14,82,1436,597,328,94,0.4157381615598886,0.2865853658536585,0.44846796657381616,0.22841225626740946,4,Milwaukee Bucks
Monta Ellis,2014,2014-15,82,1278,576,209,69,0.4507042253521127,0.33014354066985646,0.47769953051643194,0.16353677621283255,2.548780487804878,Dallas Mavericks
Monta Ellis,2015,2015-16,80,1354,602,284,81,0.4446085672082718,0.2852112676056338,0.474519940915805,0.20974889217134415,3.55,Dallas Mavericks
Monta Ellis,2016,2016-17,81,1015,433,276,84,0.4266009852216749,0.30434782608695654,0.46798029556650245,0.27192118226600986,3.4074074074074074,Indiana Pacers
Monta Ellis,2017,2017-18,74,555,245,133,41,0.44144144144144143,0.3082706766917293,0.4783783783783784,0.23963963963963963,1.7972972972972974,Indiana Pacers
Monte Morris,2018,2018-19,2,6,4,1,0,0.6666666666666666,0,0.6666666666666666,0.16666666666666666,0.5,Denver Nuggets
Monte Morris,2019,2019-20,82,702,346,227,94,0.4928774928774929,0.41409691629955947,0.5598290598290598,0.32336182336182334,2.768292682926829,Denver Nuggets
Monte Morris,2020,2020-21,73,566,260,172,65,0.45936395759717313,0.37790697674418605,0.5167844522968198,0.303886925795053,2.356164383561644,Denver Nuggets
Monte Morris,2021,2021-22,47,387,186,134,51,0.4806201550387597,0.3805970149253731,0.5465116279069767,0.3462532299741602,2.851063829787234,Denver Nuggets
Monte Morris,2022,2022-23,75,773,374,314,124,0.48382923673997413,0.39490445859872614,0.5640362225097024,0.40620957309184996,4.1866666666666665,Denver Nuggets
Monte Morris,2023,2023-24,62,515,247,204,78,0.4796116504854369,0.38235294117647056,0.5553398058252427,0.39611650485436894,3.2903225806451615,Washington Wizards
Monte Morris,2024,2024-25,33,153,62,70,27,0.40522875816993464,0.38571428571428573,0.4934640522875817,0.45751633986928103,2.121212121212121,Minnesota Timberwolves
Montrezl Harrell,2016,2016-17,28,90,58,1,0,0.6444444444444445,0,0.6444444444444445,0.011111111111111112,0.03571428571428571,Houston Rockets
Montrezl Harrell,2017,2017-18,56,344,225,6,1,0.6540697674418605,0.16666666666666666,0.6555232558139535,0.01744186046511628,0.10714285714285714,Houston Rockets
Montrezl Harrell,2018,2018-19,75,548,348,7,1,0.635036496350365,0.14285714285714285,0.6359489051094891,0.012773722627737226,0.09333333333333334,LA Clippers
Montrezl Harrell,2019,2019-20,82,888,546,17,3,0.6148648648648649,0.17647058823529413,0.6165540540540541,0.019144144144144143,0.2073170731707317,LA Clippers
Montrezl Harrell,2020,2020-21,63,812,471,18,0,0.5800492610837439,0,0.5800492610837439,0.022167487684729065,0.2857142857142857,Los Angeles Clippers
Montrezl Harrell,2021,2021-22,68,603,375,10,0,0.6218905472636815,0,0.6218905472636815,0.01658374792703151,0.14705882352941177,Los Angeles Lakers
Montrezl Harrell,2022,2022-23,71,555,358,17,4,0.645045045045045,0.23529411764705882,0.6486486486486487,0.03063063063063063,0.23943661971830985,Washington Wizards
Montrezl Harrell,2023,2023-24,52,209,125,6,0,0.5980861244019139,0,0.5980861244019139,0.028708133971291867,0.11538461538461539,Philadelphia 76ers
Moritz Wagner,2019,2019-20,38,171,71,77,22,0.4152046783625731,0.2857142857142857,0.47953216374269003,0.4502923976608187,2.026315789473684,Los Angeles Lakers
Moritz Wagner,2020,2020-21,44,266,145,80,25,0.5451127819548872,0.3125,0.5921052631578947,0.3007518796992481,1.8181818181818181,Washington Wizards
Moritz Wagner,2021,2021-22,38,229,104,91,31,0.45414847161572053,0.34065934065934067,0.5218340611353712,0.39737991266375544,2.3947368421052633,Washington Wizards
Moritz Wagner,2022,2022-23,60,396,197,201,66,0.49747474747474746,0.3283582089552239,0.5808080808080808,0.5075757575757576,3.35,Orlando Magic
Moritz Wagner,2023,2023-24,56,396,198,163,51,0.5,0.3128834355828221,0.5643939393939394,0.4116161616161616,2.9107142857142856,Orlando Magic
Moritz Wagner,2024,2024-25,80,552,332,115,38,0.6014492753623188,0.33043478260869563,0.6358695652173914,0.20833333333333334,1.4375,Orlando Magic
Myles Turner,2016,2016-17,59,530,264,14,3,0.4981132075471698,0.21428571428571427,0.5009433962264151,0.026415094339622643,0.23728813559322035,Indiana Pacers
Myles Turner,2017,2017-18,81,869,444,115,40,0.5109321058688148,0.34782608695652173,0.5339470655926352,0.1323360184119678,1.4197530864197532,Indiana Pacers
Myles Turner,2018,2018-19,65,639,306,157,56,0.4788732394366197,0.35668789808917195,0.5226917057902973,0.24569640062597808,2.4153846153846152,Indiana Pacers
Myles Turner,2019,2019-20,74,780,380,196,76,0.48717948717948717,0.3877551020408163,0.5358974358974359,0.2512820512820513,2.6486486486486487,Indiana Pacers
Myles Turner,2020,2020-21,62,587,268,250,86,0.4565587734241908,0.344,0.5298126064735945,0.42589437819420783,4.032258064516129,Indiana Pacers
Myles Turner,2021,2021-22,47,432,206,206,69,0.47685185185185186,0.33495145631067963,0.5567129629629629,0.47685185185185186,4.382978723404255,Indiana Pacers
Myles Turner,2022,2022-23,42,393,200,183,61,0.5089058524173028,0.3333333333333333,0.5865139949109415,0.46564885496183206,4.357142857142857,Indiana Pacers
Myles Turner,2023,2023-24,62,733,402,249,93,0.548431105047749,0.37349397590361444,0.611869031377899,0.339699863574352,4.016129032258065,Indiana Pacers
Myles Turner,2024,2024-25,77,909,476,324,116,0.5236523652365237,0.35802469135802467,0.5874587458745875,0.3564356435643564,4.207792207792208,Indiana Pacers
Naji Marshall,2021,2021-22,29,209,82,83,29,0.3923444976076555,0.3493975903614458,0.46172248803827753,0.39712918660287083,2.8620689655172415,New Orleans Pelicans
Naji Marshall,2022,2022-23,51,269,109,105,21,0.4052044609665427,0.2,0.44423791821561337,0.3903345724907063,2.0588235294117645,New Orleans Pelicans
Naji Marshall,2023,2023-24,77,571,247,218,66,0.43257443082311736,0.30275229357798167,0.4903677758318739,0.38178633975481613,2.831168831168831,New Orleans Pelicans
Naji Marshall,2024,2024-25,65,367,170,150,58,0.46321525885558584,0.38666666666666666,0.5422343324250681,0.4087193460490463,2.3076923076923075,New Orleans Pelicans
Nassir Little,2020,2020-21,44,151,65,59,14,0.4304635761589404,0.23728813559322035,0.4768211920529801,0.39072847682119205,1.3409090909090908,Portland Trail Blazers
Nassir Little,2021,2021-22,43,167,78,80,28,0.46706586826347307,0.35,0.5508982035928144,0.47904191616766467,1.8604651162790697,Portland Trail Blazers
Nassir Little,2022,2022-23,42,315,145,154,51,0.4603174603174603,0.33116883116883117,0.5412698412698412,0.4888888888888889,3.6666666666666665,Portland Trail Blazers
Nassir Little,2023,2023-24,53,303,134,158,58,0.44224422442244227,0.3670886075949367,0.5379537953795379,0.5214521452145214,2.981132075471698,Portland Trail Blazers
Nassir Little,2024,2024-25,37,124,57,70,21,0.4596774193548387,0.3,0.5443548387096774,0.5645161290322581,1.8918918918918919,Phoenix Suns
Nate Robinson,2013,2013-14,82,921,399,348,141,0.43322475570032576,0.4051724137931034,0.509771986970684,0.3778501628664495,4.2439024390243905,Chicago Bulls
Nate Robinson,2014,2014-15,44,383,164,154,58,0.4281984334203655,0.37662337662337664,0.5039164490861618,0.402088772845953,3.5,Denver Nuggets
Nate Robinson,2015,2015-16,42,255,88,112,31,0.34509803921568627,0.2767857142857143,0.40588235294117647,0.4392156862745098,2.6666666666666665,Denver Nuggets
Nate Robinson,2016,2016-17,1,1,0,1,0,0,0,0,1,1,New Orleans Pelicans
Naz Reid,2020,2020-21,28,243,100,97,32,0.411522633744856,0.32989690721649484,0.4773662551440329,0.3991769547325103,3.4642857142857144,Minnesota Timberwolves
Naz Reid,2021,2021-22,69,581,304,174,61,0.5232358003442341,0.3505747126436782,0.5757314974182444,0.29948364888123924,2.5217391304347827,Minnesota Timberwolves
Naz Reid,2022,2022-23,77,476,233,166,57,0.4894957983193277,0.3433734939759036,0.5493697478991597,0.3487394957983193,2.155844155844156,Minnesota Timberwolves
Naz Reid,2023,2023-24,67,577,310,217,75,0.537261698440208,0.3456221198156682,0.6022530329289428,0.37608318890814557,3.2388059701492535,Minnesota Timberwolves
Naz Reid,2024,2024-25,81,851,406,408,169,0.4770857814336075,0.41421568627450983,0.5763807285546416,0.4794359576968273,5.037037037037037,Minnesota Timberwolves
Nemanja Bjelica,2016,2016-17,56,235,110,125,48,0.46808510638297873,0.384,0.5702127659574469,0.5319148936170213,2.232142857142857,Minnesota Timberwolves
Nemanja Bjelica,2017,2017-18,65,356,151,177,56,0.4241573033707865,0.3163841807909605,0.5028089887640449,0.49719101123595505,2.723076923076923,Minnesota Timberwolves
Nemanja Bjelica,2018,2018-19,65,371,171,183,76,0.4609164420485175,0.41530054644808745,0.5633423180592992,0.49326145552560646,2.8153846153846156,Minnesota Timberwolves
Nemanja Bjelica,2019,2019-20,77,593,284,257,103,0.47892074198988194,0.40077821011673154,0.5657672849915683,0.433389544688027,3.3376623376623376,Sacramento Kings
Nemanja Bjelica,2020,2020-21,72,653,314,320,134,0.48085758039816234,0.41875,0.5834609494640123,0.4900459418070444,4.444444444444445,Sacramento Kings
Nemanja Bjelica,2021,2021-22,33,196,89,85,27,0.45408163265306123,0.3176470588235294,0.5229591836734694,0.4336734693877551,2.5757575757575757,Sacramento Kings
Nemanja Bjelica,2022,2022-23,69,342,160,149,54,0.4678362573099415,0.3624161073825503,0.5467836257309941,0.43567251461988304,2.1594202898550723,Golden State Warriors
Nene,2013,2013-14,61,594,285,1,0,0.4797979797979798,0,0.4797979797979798,0.0016835016835016834,0.01639344262295082,Washington Wizards
Nene,2014,2014-15,53,594,299,5,1,0.5033670033670034,0.2,0.5042087542087542,0.008417508417508417,0.09433962264150944,Washington Wizards
Nene,2015,2015-16,67,601,307,5,1,0.5108153078202995,0.2,0.5116472545757071,0.008319467554076539,0.07462686567164178,Washington Wizards
Nene,2016,2016-17,57,384,209,3,0,0.5442708333333334,0,0.5442708333333334,0.0078125,0.05263157894736842,Washington Wizards
Nene,2017,2017-18,67,397,245,9,3,0.6171284634760705,0.3333333333333333,0.6209068010075567,0.022670025188916875,0.13432835820895522,Houston Rockets
Nene,2018,2018-19,52,239,136,2,0,0.5690376569037657,0,0.5690376569037657,0.008368200836820083,0.038461538461538464,Houston Rockets
Nene,2019,2019-20,37,116,60,3,0,0.5172413793103449,0,0.5172413793103449,0.02586206896551724,0.08108108108108109,Houston Rockets
Nerlens Noel,2015,2015-16,75,653,302,0,0,0.46248085758039814,NA,0.46248085758039814,0,0,Philadelphia 76ers
Nerlens Noel,2016,2016-17,67,587,306,2,1,0.5212947189097104,0.5,0.5221465076660988,0.0034071550255536627,0.029850746268656716,Philadelphia 76ers
Nerlens Noel,2017,2017-18,50,309,184,1,0,0.5954692556634305,0,0.5954692556634305,0.003236245954692557,0.02,Philadelphia 76ers
Nerlens Noel,2018,2018-19,28,105,55,1,0,0.5238095238095238,0,0.5238095238095238,0.009523809523809525,0.03571428571428571,Dallas Mavericks
Nerlens Noel,2019,2019-20,75,276,162,0,0,0.5869565217391305,NA,0.5869565217391305,0,0,Oklahoma City Thunder
Nerlens Noel,2020,2020-21,59,269,184,3,1,0.6840148698884758,0.3333333333333333,0.6858736059479554,0.011152416356877323,0.05084745762711865,Oklahoma City Thunder
Nerlens Noel,2021,2021-22,62,223,137,3,0,0.6143497757847534,0,0.6143497757847534,0.013452914798206279,0.04838709677419355,New York Knicks
Nerlens Noel,2022,2022-23,22,60,32,3,0,0.5333333333333333,0,0.5333333333333333,0.05,0.13636363636363635,New York Knicks
Nerlens Noel,2023,2023-24,15,36,13,2,1,0.3611111111111111,0.5,0.375,0.05555555555555555,0.13333333333333333,Detroit Pistons
Nic Claxton,2020,2020-21,13,48,27,7,1,0.5625,0.14285714285714285,0.5729166666666666,0.14583333333333334,0.5384615384615384,Brooklyn Nets
Nic Claxton,2021,2021-22,31,145,90,5,1,0.6206896551724138,0.2,0.6241379310344828,0.034482758620689655,0.16129032258064516,Brooklyn Nets
Nic Claxton,2022,2022-23,46,264,178,0,0,0.6742424242424242,NA,0.6742424242424242,0,0,Brooklyn Nets
Nic Claxton,2023,2023-24,76,587,414,2,0,0.7052810902896082,0,0.7052810902896082,0.0034071550255536627,0.02631578947368421,Brooklyn Nets
Nic Claxton,2024,2024-25,71,582,366,5,1,0.6288659793814433,0.2,0.6297250859106529,0.00859106529209622,0.07042253521126761,Brooklyn Nets
Nick Young,2013,2013-14,59,542,224,210,75,0.4132841328413284,0.35714285714285715,0.48247232472324725,0.3874538745387454,3.559322033898305,Philadelphia 76ers
Nick Young,2014,2014-15,64,889,387,350,135,0.43532058492688414,0.38571428571428573,0.5112485939257593,0.3937007874015748,5.46875,Los Angeles Lakers
Nick Young,2015,2015-16,42,476,174,225,83,0.36554621848739494,0.3688888888888889,0.4527310924369748,0.4726890756302521,5.357142857142857,Los Angeles Lakers
Nick Young,2016,2016-17,54,369,126,234,77,0.34146341463414637,0.32905982905982906,0.44579945799457993,0.6341463414634146,4.333333333333333,Los Angeles Lakers
Nick Young,2017,2017-18,59,624,267,412,165,0.42788461538461536,0.40048543689320387,0.5600961538461539,0.6602564102564102,6.983050847457627,Los Angeles Lakers
Nick Young,2018,2018-19,79,488,201,326,123,0.41188524590163933,0.3773006134969325,0.5379098360655737,0.6680327868852459,4.1265822784810124,Golden State Warriors
Nick Young,2019,2019-20,4,9,3,8,3,0.3333333333333333,0.375,0.5,0.8888888888888888,2,Denver Nuggets
Nickeil Alexander-Walker,2020,2020-21,43,266,98,133,46,0.3684210526315789,0.3458646616541353,0.4548872180451128,0.5,3.0930232558139537,New Orleans Pelicans
Nickeil Alexander-Walker,2021,2021-22,46,458,192,219,76,0.4192139737991266,0.3470319634703196,0.5021834061135371,0.4781659388646288,4.760869565217392,New Orleans Pelicans
Nickeil Alexander-Walker,2022,2022-23,62,680,253,338,105,0.3720588235294118,0.3106508875739645,0.44926470588235295,0.4970588235294118,5.451612903225806,New Orleans Pelicans
Nickeil Alexander-Walker,2023,2023-24,55,295,131,159,61,0.4440677966101695,0.3836477987421384,0.5474576271186441,0.5389830508474577,2.890909090909091,Utah Jazz
Nickeil Alexander-Walker,2024,2024-25,82,538,236,335,131,0.43866171003717475,0.39104477611940297,0.5604089219330854,0.6226765799256505,4.085365853658536,Minnesota Timberwolves
Nicolas Batum,2013,2013-14,73,832,352,443,165,0.4230769230769231,0.3724604966139955,0.5222355769230769,0.5324519230769231,6.068493150684931,Portland Trail Blazers
Nicolas Batum,2014,2014-15,82,819,381,402,145,0.4652014652014652,0.36069651741293535,0.5537240537240538,0.4908424908424908,4.902439024390244,Portland Trail Blazers
Nicolas Batum,2015,2015-16,71,599,239,308,99,0.3989983305509182,0.32142857142857145,0.48163606010016696,0.5141903171953256,4.338028169014085,Portland Trail Blazers
Nicolas Batum,2016,2016-17,70,873,372,399,139,0.4261168384879725,0.3483709273182957,0.5057273768613975,0.4570446735395189,5.7,Charlotte Hornets
Nicolas Batum,2017,2017-18,77,975,393,405,135,0.40307692307692305,0.3333333333333333,0.4723076923076923,0.4153846153846154,5.259740259740259,Charlotte Hornets
Nicolas Batum,2018,2018-19,64,650,270,274,92,0.4153846153846154,0.3357664233576642,0.48615384615384616,0.42153846153846153,4.28125,Charlotte Hornets
Nicolas Batum,2019,2019-20,75,562,253,298,116,0.4501779359430605,0.38926174496644295,0.5533807829181495,0.5302491103202847,3.973333333333333,Charlotte Hornets
Nicolas Batum,2020,2020-21,21,81,28,49,14,0.345679012345679,0.2857142857142857,0.43209876543209874,0.6049382716049383,2.3333333333333335,Charlotte Hornets
Nicolas Batum,2021,2021-22,67,412,191,272,110,0.46359223300970875,0.40441176470588236,0.5970873786407767,0.6601941747572816,4.059701492537314,Los Angeles Clippers
Nicolas Batum,2022,2022-23,59,387,179,270,108,0.4625322997416021,0.4,0.6020671834625323,0.6976744186046512,4.576271186440678,Los Angeles Clippers
Nicolas Batum,2023,2023-24,77,381,160,317,124,0.4199475065616798,0.3911671924290221,0.5826771653543307,0.8320209973753281,4.116883116883117,LA Clippers
Nicolas Batum,2024,2024-25,57,256,116,185,73,0.453125,0.3945945945945946,0.595703125,0.72265625,3.245614035087719,Philadelphia 76ers
Nik Stauskas,2015,2015-16,66,296,108,149,48,0.36486486486486486,0.3221476510067114,0.44594594594594594,0.5033783783783784,2.257575757575758,Sacramento Kings
Nik Stauskas,2016,2016-17,70,545,210,325,106,0.3853211009174312,0.3261538461538461,0.48256880733944957,0.5963302752293578,4.642857142857143,Philadelphia 76ers
Nik Stauskas,2017,2017-18,80,630,250,355,131,0.3968253968253968,0.36901408450704226,0.5007936507936508,0.5634920634920635,4.4375,Philadelphia 76ers
Nik Stauskas,2018,2018-19,34,154,60,100,40,0.38961038961038963,0.4,0.5194805194805194,0.6493506493506493,2.9411764705882355,Brooklyn Nets
Nik Stauskas,2019,2019-20,67,338,136,188,70,0.40236686390532544,0.3723404255319149,0.5059171597633136,0.5562130177514792,2.8059701492537314,Portland Trail Blazers
Nik Stauskas,2022,2022-23,6,14,5,10,4,0.35714285714285715,0.4,0.5,0.7142857142857143,1.6666666666666667,Miami Heat
Nikola Jokic,2016,2016-17,76,600,307,84,28,0.5116666666666667,0.3333333333333333,0.535,0.14,1.105263157894737,Denver Nuggets
Nikola Jokic,2017,2017-18,73,854,494,139,45,0.5784543325526932,0.3237410071942446,0.6048009367681498,0.16276346604215455,1.904109589041096,Denver Nuggets
Nikola Jokic,2018,2018-19,75,1010,504,280,111,0.499009900990099,0.3964285714285714,0.553960396039604,0.27722772277227725,3.7333333333333334,Denver Nuggets
Nikola Jokic,2019,2019-20,80,1206,616,270,83,0.5107794361525705,0.3074074074074074,0.5451907131011609,0.22388059701492538,3.375,Denver Nuggets
Nikola Jokic,2020,2020-21,73,1071,565,255,80,0.5275443510737629,0.3137254901960784,0.5648926237161531,0.23809523809523808,3.493150684931507,Denver Nuggets
Nikola Jokic,2021,2021-22,72,1293,732,237,92,0.5661252900232019,0.3881856540084388,0.6017014694508894,0.18329466357308585,3.2916666666666665,Denver Nuggets
Nikola Jokic,2022,2022-23,74,1311,764,288,97,0.5827612509534706,0.3368055555555556,0.6197559115179252,0.21967963386727687,3.891891891891892,Denver Nuggets
Nikola Jokic,2023,2023-24,69,1022,646,149,57,0.6320939334637965,0.3825503355704698,0.6599804305283757,0.14579256360078277,2.1594202898550723,Denver Nuggets
Nikola Jokic,2024,2024-25,79,1411,822,231,83,0.5825655563430191,0.3593073593073593,0.6119773210489015,0.16371367824238128,2.9240506329113924,Denver Nuggets
Nikola Mirotic,2015,2015-16,77,624,253,313,99,0.40544871794871795,0.31629392971246006,0.484775641025641,0.5016025641025641,4.064935064935065,Chicago Bulls
Nikola Mirotic,2016,2016-17,66,609,248,346,135,0.4072249589490969,0.3901734104046243,0.5180623973727422,0.5681444991789819,5.242424242424242,Chicago Bulls
Nikola Mirotic,2017,2017-18,70,623,258,375,129,0.41412520064205455,0.344,0.5176565008025682,0.6019261637239165,5.357142857142857,Chicago Bulls
Nikola Mirotic,2018,2018-19,55,684,306,358,135,0.4473684210526316,0.3770949720670391,0.5460526315789473,0.5233918128654971,6.509090909090909,New Orleans Pelicans
Nikola Mirotic,2019,2019-20,46,542,238,318,116,0.43911439114391143,0.36477987421383645,0.5461254612546126,0.5867158671586716,6.913043478260869,New Orleans Pelicans
Nikola Pekovic,2013,2013-14,62,741,385,0,0,0.5195681511470985,NA,0.5195681511470985,0,0,Minnesota Timberwolves
Nikola Pekovic,2014,2014-15,54,701,379,0,0,0.5406562054208274,NA,0.5406562054208274,0,0,Minnesota Timberwolves
Nikola Pekovic,2015,2015-16,31,328,139,0,0,0.42378048780487804,NA,0.42378048780487804,0,0,Minnesota Timberwolves
Nikola Pekovic,2016,2016-17,12,50,19,0,0,0.38,NA,0.38,0,0,Minnesota Timberwolves
Nikola Vucevic,2013,2013-14,77,889,461,3,0,0.5185601799775028,0,0.5185601799775028,0.003374578177727784,0.03896103896103896,Orlando Magic
Nikola Vucevic,2014,2014-15,57,696,353,0,0,0.507183908045977,NA,0.507183908045977,0,0,Orlando Magic
Nikola Vucevic,2015,2015-16,74,1206,631,6,2,0.5232172470978441,0.3333333333333333,0.5240464344941956,0.004975124378109453,0.08108108108108109,Orlando Magic
Nikola Vucevic,2016,2016-17,65,1046,533,9,2,0.5095602294455067,0.2222222222222222,0.5105162523900574,0.008604206500956023,0.13846153846153847,Orlando Magic
Nikola Vucevic,2017,2017-18,75,1031,483,75,23,0.4684772065955383,0.30666666666666664,0.47963142580019397,0.07274490785645005,1,Orlando Magic
Nikola Vucevic,2018,2018-19,57,840,399,204,64,0.475,0.3137254901960784,0.513095238095238,0.24285714285714285,3.5789473684210527,Orlando Magic
Nikola Vucevic,2019,2019-20,80,1354,701,231,84,0.517725258493353,0.36363636363636365,0.5487444608567208,0.1706056129985229,2.8875,Orlando Magic
Nikola Vucevic,2020,2020-21,62,1033,493,289,98,0.47725072604065827,0.3391003460207612,0.5246853823814134,0.2797676669893514,4.661290322580645,Orlando Magic
Nikola Vucevic,2021,2021-22,70,1396,666,440,176,0.47707736389684813,0.4,0.5401146131805158,0.3151862464183381,6.285714285714286,Orlando Magic
Nikola Vucevic,2022,2022-23,73,1154,546,331,104,0.4731369150779896,0.31419939577039274,0.5181975736568457,0.28682842287694976,4.534246575342466,Chicago Bulls
Nikola Vucevic,2023,2023-24,82,1148,597,347,121,0.5200348432055749,0.34870317002881845,0.5727351916376306,0.30226480836236935,4.2317073170731705,Chicago Bulls
Nikola Vucevic,2024,2024-25,76,1211,586,313,92,0.4838976052848885,0.2939297124600639,0.5218827415359207,0.2584640792733278,4.118421052631579,Chicago Bulls
Noah Vonleh,2015,2015-16,22,76,30,13,5,0.39473684210526316,0.38461538461538464,0.4276315789473684,0.17105263157894737,0.5909090909090909,Charlotte Hornets
Noah Vonleh,2016,2016-17,74,278,117,46,11,0.420863309352518,0.2391304347826087,0.44064748201438847,0.16546762589928057,0.6216216216216216,Portland Trail Blazers
Noah Vonleh,2017,2017-18,64,269,129,19,6,0.4795539033457249,0.3157894736842105,0.49070631970260226,0.07063197026022305,0.296875,Portland Trail Blazers
Noah Vonleh,2018,2018-19,52,234,104,66,20,0.4444444444444444,0.30303030303030304,0.48717948717948717,0.28205128205128205,1.2692307692307692,Chicago Bulls
Noah Vonleh,2019,2019-20,68,440,207,137,46,0.47045454545454546,0.3357664233576642,0.5227272727272727,0.31136363636363634,2.014705882352941,New York Knicks
Noah Vonleh,2020,2020-21,31,92,52,15,3,0.5652173913043478,0.2,0.5815217391304348,0.16304347826086957,0.4838709677419355,Minnesota Timberwolves
Noah Vonleh,2021,2021-22,2,3,0,2,0,0,0,0,0.6666666666666666,1,Brooklyn Nets
Noah Vonleh,2023,2023-24,10,24,11,4,1,0.4583333333333333,0.25,0.4791666666666667,0.16666666666666666,0.4,Boston Celtics
Norman Powell,2016,2016-17,45,228,97,88,36,0.42543859649122806,0.4090909090909091,0.5043859649122807,0.38596491228070173,1.9555555555555555,Toronto Raptors
Norman Powell,2017,2017-18,73,505,227,172,56,0.4495049504950495,0.32558139534883723,0.504950495049505,0.3405940594059406,2.356164383561644,Toronto Raptors
Norman Powell,2018,2018-19,65,374,150,186,53,0.40106951871657753,0.2849462365591398,0.47192513368983957,0.49732620320855614,2.8615384615384616,Toronto Raptors
Norman Powell,2019,2019-20,59,400,193,170,68,0.4825,0.4,0.5675,0.425,2.8813559322033897,Toronto Raptors
Norman Powell,2020,2020-21,52,598,296,273,109,0.49498327759197325,0.3992673992673993,0.5861204013377926,0.45652173913043476,5.25,Toronto Raptors
Norman Powell,2021,2021-22,69,918,438,416,171,0.477124183006536,0.4110576923076923,0.5702614379084967,0.4531590413943355,6.028985507246377,Toronto Raptors
Norman Powell,2022,2022-23,45,605,279,253,106,0.46115702479338844,0.4189723320158103,0.5487603305785124,0.41818181818181815,5.622222222222222,Portland Trail Blazers
Norman Powell,2023,2023-24,60,710,340,287,114,0.4788732394366197,0.397212543554007,0.5591549295774648,0.4042253521126761,4.783333333333333,LA Clippers
Norman Powell,2024,2024-25,76,768,373,384,167,0.4856770833333333,0.4348958333333333,0.5944010416666666,0.5,5.052631578947368,LA Clippers
Norris Cole,2013,2013-14,77,424,179,97,35,0.4221698113207547,0.36082474226804123,0.4634433962264151,0.22877358490566038,1.2597402597402598,Miami Heat
Norris Cole,2014,2014-15,81,500,207,174,60,0.414,0.3448275862068966,0.474,0.348,2.1481481481481484,Miami Heat
Norris Cole,2015,2015-16,75,557,229,175,54,0.4111310592459605,0.30857142857142855,0.45960502692998206,0.3141831238779174,2.3333333333333335,Miami Heat
Norris Cole,2016,2016-17,45,484,196,102,33,0.4049586776859504,0.3235294117647059,0.4390495867768595,0.21074380165289255,2.2666666666666666,New Orleans Pelicans
Norris Cole,2017,2017-18,12,52,16,13,3,0.3076923076923077,0.23076923076923078,0.33653846153846156,0.25,1.0833333333333333,Oklahoma City Thunder
O.G. Anunoby,2018,2018-19,72,346,163,197,73,0.47109826589595377,0.37055837563451777,0.5765895953757225,0.569364161849711,2.736111111111111,Toronto Raptors
O.G. Anunoby,2019,2019-20,67,404,183,202,67,0.452970297029703,0.3316831683168317,0.5358910891089109,0.5,3.014925373134328,Toronto Raptors
O.G. Anunoby,2023,2023-24,67,885,421,367,142,0.47570621468926555,0.3869209809264305,0.5559322033898305,0.41468926553672314,5.477611940298507,Toronto Raptors
O.J. Mayo,2013,2013-14,82,1026,461,349,142,0.449317738791423,0.4068767908309456,0.5185185185185185,0.3401559454191033,4.2560975609756095,Dallas Mavericks
O.J. Mayo,2014,2014-15,52,549,224,226,84,0.4080145719489982,0.37168141592920356,0.48451730418943534,0.4116575591985428,4.346153846153846,Milwaukee Bucks
O.J. Mayo,2015,2015-16,71,701,296,277,99,0.4222539229671897,0.3574007220216607,0.492867332382311,0.39514978601997147,3.9014084507042255,Milwaukee Bucks
O.J. Mayo,2016,2016-17,41,316,119,157,52,0.37658227848101267,0.33121019108280253,0.4588607594936709,0.49683544303797467,3.8292682926829267,Milwaukee Bucks
OG Anunoby,2020,2020-21,68,566,286,228,89,0.5053003533568905,0.39035087719298245,0.583922261484099,0.4028268551236749,3.3529411764705883,Toronto Raptors
OG Anunoby,2021,2021-22,43,519,249,261,104,0.4797687861271676,0.39846743295019155,0.5799614643545279,0.5028901734104047,6.069767441860465,Toronto Raptors
OG Anunoby,2022,2022-23,48,697,309,317,115,0.4433285509325681,0.3627760252365931,0.5258249641319943,0.45480631276901007,6.604166666666667,Toronto Raptors
OG Anunoby,2024,2024-25,50,577,282,267,102,0.48873483535528595,0.38202247191011235,0.5771230502599654,0.462738301559792,5.34,Toronto Raptors
Obi Toppin,2021,2021-22,57,209,104,85,26,0.49760765550239233,0.3058823529411765,0.5598086124401914,0.40669856459330145,1.4912280701754386,New York Knicks
Obi Toppin,2022,2022-23,71,473,251,169,52,0.5306553911205074,0.3076923076923077,0.5856236786469344,0.3572938689217759,2.380281690140845,New York Knicks
Obi Toppin,2023,2023-24,67,419,187,247,85,0.44630071599045346,0.3441295546558704,0.5477326968973747,0.5894988066825776,3.6865671641791047,New York Knicks
Obi Toppin,2024,2024-25,82,579,332,253,102,0.5734024179620034,0.4031620553359684,0.6614853195164075,0.4369602763385147,3.0853658536585367,Indiana Pacers
Omer Asik,2013,2013-14,82,614,332,1,0,0.5407166123778502,0,0.5407166123778502,0.0016286644951140066,0.012195121951219513,Houston Rockets
Omer Asik,2014,2014-15,43,190,101,0,0,0.531578947368421,NA,0.531578947368421,0,0,Houston Rockets
Omer Asik,2015,2015-16,76,412,213,0,0,0.5169902912621359,NA,0.5169902912621359,0,0,New Orleans Pelicans
Omer Asik,2016,2016-17,58,195,104,0,0,0.5333333333333333,NA,0.5333333333333333,0,0,New Orleans Pelicans
Omer Asik,2017,2017-18,25,65,31,0,0,0.47692307692307695,NA,0.47692307692307695,0,0,New Orleans Pelicans
Omer Asik,2018,2018-19,11,22,9,0,0,0.4090909090909091,NA,0.4090909090909091,0,0,New Orleans Pelicans
Omri Casspi,2013,2013-14,38,160,63,76,25,0.39375,0.32894736842105265,0.471875,0.475,2,Cleveland Cavaliers
Omri Casspi,2014,2014-15,70,410,173,176,61,0.4219512195121951,0.3465909090909091,0.49634146341463414,0.4292682926829268,2.5142857142857142,Houston Rockets
Omri Casspi,2015,2015-16,66,427,209,87,35,0.4894613583138173,0.40229885057471265,0.5304449648711944,0.20374707259953162,1.3181818181818181,Sacramento Kings
Omri Casspi,2016,2016-17,69,622,299,274,112,0.4807073954983923,0.40875912408759124,0.5707395498392283,0.4405144694533762,3.971014492753623,Sacramento Kings
Omri Casspi,2017,2017-18,36,164,77,43,15,0.4695121951219512,0.3488372093023256,0.5152439024390244,0.2621951219512195,1.1944444444444444,Sacramento Kings
Omri Casspi,2018,2018-19,49,207,120,22,10,0.5797101449275363,0.45454545454545453,0.6038647342995169,0.10628019323671498,0.4489795918367347,Golden State Warriors
Omri Casspi,2019,2019-20,36,161,86,43,15,0.5341614906832298,0.3488372093023256,0.5807453416149069,0.2670807453416149,1.1944444444444444,Memphis Grizzlies
Onyeka Okongwu,2021,2021-22,44,149,96,3,0,0.6442953020134228,0,0.6442953020134228,0.020134228187919462,0.06818181818181818,Atlanta Hawks
Onyeka Okongwu,2022,2022-23,47,226,156,0,0,0.6902654867256637,NA,0.6902654867256637,0,0,Atlanta Hawks
Onyeka Okongwu,2023,2023-24,79,497,317,13,4,0.6378269617706237,0.3076923076923077,0.641851106639839,0.026156941649899398,0.16455696202531644,Atlanta Hawks
Onyeka Okongwu,2024,2024-25,55,365,223,69,23,0.6109589041095891,0.3333333333333333,0.6424657534246575,0.18904109589041096,1.2545454545454546,Atlanta Hawks
Oshae Brissett,2020,2020-21,12,36,13,15,3,0.3611111111111111,0.2,0.4027777777777778,0.4166666666666667,1.25,Toronto Raptors
Oshae Brissett,2021,2021-22,20,151,73,78,33,0.48344370860927155,0.4230769230769231,0.5927152317880795,0.5165562913907285,3.9,Indiana Pacers
Oshae Brissett,2022,2022-23,64,506,208,237,83,0.41106719367588934,0.350210970464135,0.49308300395256915,0.4683794466403162,3.703125,Indiana Pacers
Oshae Brissett,2023,2023-24,62,319,123,155,48,0.38557993730407525,0.3096774193548387,0.4608150470219436,0.48589341692789967,2.5,Indiana Pacers
Oshae Brissett,2024,2024-25,40,153,68,55,15,0.4444444444444444,0.2727272727272727,0.4934640522875817,0.35947712418300654,1.375,Boston Celtics
Otto Porter Jr.,2014,2014-15,29,91,33,21,4,0.3626373626373626,0.19047619047619047,0.38461538461538464,0.23076923076923078,0.7241379310344828,Washington Wizards
Otto Porter Jr.,2015,2015-16,71,391,176,104,35,0.45012787723785164,0.33653846153846156,0.4948849104859335,0.2659846547314578,1.4647887323943662,Washington Wizards
Otto Porter Jr.,2016,2016-17,75,716,339,266,98,0.473463687150838,0.3684210526315789,0.5418994413407822,0.3715083798882682,3.546666666666667,Washington Wizards
Otto Porter Jr.,2017,2017-18,80,802,414,340,148,0.516209476309227,0.43529411764705883,0.6084788029925187,0.4239401496259352,4.25,Washington Wizards
Otto Porter Jr.,2018,2018-19,77,885,445,313,138,0.5028248587570622,0.44089456869009586,0.5807909604519774,0.3536723163841808,4.064935064935065,Washington Wizards
Otto Porter Jr.,2019,2019-20,56,643,299,256,104,0.46500777604976673,0.40625,0.5458786936236392,0.39813374805598756,4.571428571428571,Washington Wizards
Otto Porter Jr.,2020,2020-21,14,140,62,62,24,0.44285714285714284,0.3870967741935484,0.5285714285714286,0.44285714285714284,4.428571428571429,Chicago Bulls
Otto Porter Jr.,2021,2021-22,28,227,98,104,39,0.43171806167400884,0.375,0.5176211453744494,0.4581497797356828,3.7142857142857144,Chicago Bulls
Otto Porter Jr.,2022,2022-23,63,416,193,216,80,0.4639423076923077,0.37037037037037035,0.5600961538461539,0.5192307692307693,3.4285714285714284,Golden State Warriors
Otto Porter Jr.,2023,2023-24,8,30,15,17,6,0.5,0.35294117647058826,0.6,0.5666666666666667,2.125,Toronto Raptors
Otto Porter Jr.,2024,2024-25,13,33,14,23,8,0.42424242424242425,0.34782608695652173,0.5454545454545454,0.696969696969697,1.7692307692307692,Toronto Raptors
P.J. Tucker,2013,2013-14,77,444,210,70,22,0.47297297297297297,0.3142857142857143,0.49774774774774777,0.15765765765765766,0.9090909090909091,Phoenix Suns
P.J. Tucker,2014,2014-15,81,614,265,190,74,0.43159609120521175,0.3894736842105263,0.49185667752442996,0.30944625407166126,2.345679012345679,Phoenix Suns
P.J. Tucker,2015,2015-16,78,596,261,252,87,0.43791946308724833,0.34523809523809523,0.5109060402684564,0.4228187919463087,3.230769230769231,Phoenix Suns
P.J. Tucker,2016,2016-17,81,582,239,206,68,0.4106529209621993,0.3300970873786408,0.4690721649484536,0.3539518900343643,2.54320987654321,Phoenix Suns
P.J. Tucker,2017,2017-18,79,482,199,196,70,0.41286307053941906,0.35714285714285715,0.4854771784232365,0.4066390041493776,2.481012658227848,Phoenix Suns
P.J. Tucker,2018,2018-19,81,441,172,310,115,0.3900226757369615,0.3709677419354839,0.5204081632653061,0.7029478458049887,3.8271604938271606,Houston Rockets
P.J. Tucker,2019,2019-20,82,523,207,387,146,0.39579349904397704,0.3772609819121447,0.5353728489483748,0.739961759082218,4.719512195121951,Houston Rockets
P.J. Tucker,2020,2020-21,71,426,177,299,107,0.4154929577464789,0.35785953177257523,0.5410798122065728,0.7018779342723005,4.211267605633803,Houston Rockets
P.J. Tucker,2021,2021-22,48,177,66,119,40,0.3728813559322034,0.33613445378151263,0.4858757062146893,0.672316384180791,2.4791666666666665,Houston Rockets
P.J. Tucker,2022,2022-23,71,428,207,193,80,0.48364485981308414,0.41450777202072536,0.5771028037383178,0.45093457943925236,2.7183098591549295,Miami Heat
P.J. Tucker,2023,2023-24,68,225,96,140,55,0.4266666666666667,0.39285714285714285,0.5488888888888889,0.6222222222222222,2.0588235294117645,Philadelphia 76ers
P.J. Tucker,2024,2024-25,22,50,18,35,13,0.36,0.37142857142857144,0.49,0.7,1.5909090909090908,LA Clippers
P.J. Washington,2020,2020-21,58,589,268,230,86,0.45500848896434637,0.3739130434782609,0.5280135823429541,0.3904923599320883,3.9655172413793105,Charlotte Hornets
P.J. Washington,2021,2021-22,64,686,302,290,112,0.4402332361516035,0.38620689655172413,0.521865889212828,0.4227405247813411,4.53125,Charlotte Hornets
P.J. Washington,2022,2022-23,65,532,250,301,110,0.4699248120300752,0.3654485049833887,0.5733082706766918,0.5657894736842105,4.630769230769231,Charlotte Hornets
P.J. Washington,2023,2023-24,73,978,434,428,149,0.4437627811860941,0.34813084112149534,0.5199386503067485,0.4376278118609407,5.863013698630137,Charlotte Hornets
P.J. Washington,2024,2024-25,72,811,354,413,132,0.436498150431566,0.3196125907990315,0.5178791615289766,0.5092478421701603,5.736111111111111,Charlotte Hornets
Paolo Banchero,2023,2023-24,72,1122,479,285,85,0.4269162210338681,0.2982456140350877,0.46479500891265596,0.2540106951871658,3.9583333333333335,Orlando Magic
Paolo Banchero,2024,2024-25,80,1407,640,351,119,0.4548685145700071,0.33903133903133903,0.4971570717839375,0.24946695095948826,4.3875,Orlando Magic
Pascal Siakam,2017,2017-18,53,204,103,6,1,0.5049019607843137,0.16666666666666666,0.5073529411764706,0.029411764705882353,0.11320754716981132,Toronto Raptors
Pascal Siakam,2018,2018-19,80,498,253,132,29,0.5080321285140562,0.2196969696969697,0.5371485943775101,0.26506024096385544,1.65,Toronto Raptors
Pascal Siakam,2019,2019-20,80,945,519,214,79,0.5492063492063493,0.3691588785046729,0.591005291005291,0.22645502645502646,2.675,Toronto Raptors
Pascal Siakam,2020,2020-21,60,1104,500,365,131,0.4528985507246377,0.3589041095890411,0.5122282608695652,0.33061594202898553,6.083333333333333,Toronto Raptors
Pascal Siakam,2021,2021-22,56,961,437,246,73,0.4547346514047867,0.2967479674796748,0.4927159209157128,0.2559833506763788,4.392857142857143,Toronto Raptors
Pascal Siakam,2022,2022-23,68,1207,596,218,75,0.49378624689312345,0.3440366972477064,0.5248550124275062,0.18061309030654515,3.2058823529411766,Toronto Raptors
Pascal Siakam,2023,2023-24,71,1313,630,287,93,0.4798172124904798,0.3240418118466899,0.5152322924600152,0.21858339680121858,4.042253521126761,Toronto Raptors
Pascal Siakam,2024,2024-25,80,1271,681,246,85,0.5357985837922895,0.34552845528455284,0.569236821400472,0.1935483870967742,3.075,Indiana Pacers
Pat Connaughton,2016,2016-17,24,49,13,21,5,0.2653061224489796,0.23809523809523808,0.3163265306122449,0.42857142857142855,0.875,Portland Trail Blazers
Pat Connaughton,2017,2017-18,24,72,37,33,17,0.5138888888888888,0.5151515151515151,0.6319444444444444,0.4583333333333333,1.375,Portland Trail Blazers
Pat Connaughton,2018,2018-19,81,390,165,210,74,0.4230769230769231,0.3523809523809524,0.517948717948718,0.5384615384615384,2.5925925925925926,Portland Trail Blazers
Pat Connaughton,2019,2019-20,58,350,163,200,66,0.4657142857142857,0.33,0.56,0.5714285714285714,3.4482758620689653,Milwaukee Bucks
Pat Connaughton,2020,2020-21,63,301,137,166,55,0.45514950166112955,0.3313253012048193,0.5465116279069767,0.5514950166112956,2.634920634920635,Milwaukee Bucks
Pat Connaughton,2021,2021-22,69,387,168,272,101,0.43410852713178294,0.3713235294117647,0.5645994832041343,0.7028423772609819,3.9420289855072466,Milwaukee Bucks
Pat Connaughton,2022,2022-23,65,496,227,370,146,0.4576612903225806,0.3945945945945946,0.6048387096774194,0.7459677419354839,5.6923076923076925,Milwaukee Bucks
Pat Connaughton,2023,2023-24,60,421,165,322,109,0.3919239904988123,0.3385093167701863,0.5213776722090261,0.7648456057007126,5.366666666666666,Milwaukee Bucks
Pat Connaughton,2024,2024-25,74,347,151,238,82,0.43515850144092216,0.3445378151260504,0.553314121037464,0.6858789625360231,3.2162162162162162,Milwaukee Bucks
Patrick Beverley,2013,2013-14,40,189,79,96,36,0.41798941798941797,0.375,0.5132275132275133,0.5079365079365079,2.4,Houston Rockets
Patrick Beverley,2014,2014-15,56,480,198,254,91,0.4125,0.35826771653543305,0.5072916666666667,0.5291666666666667,4.535714285714286,Houston Rockets
Patrick Beverley,2015,2015-16,56,532,204,323,115,0.38345864661654133,0.3560371517027864,0.49154135338345867,0.6071428571428571,5.767857142857143,Houston Rockets
Patrick Beverley,2016,2016-17,71,594,258,310,124,0.43434343434343436,0.4,0.5387205387205387,0.5218855218855218,4.366197183098592,Houston Rockets
Patrick Beverley,2017,2017-18,67,541,227,286,109,0.4195933456561922,0.3811188811188811,0.5203327171903882,0.5286506469500925,4.268656716417911,Houston Rockets
Patrick Beverley,2018,2018-19,11,119,48,60,24,0.40336134453781514,0.4,0.5042016806722689,0.5042016806722689,5.454545454545454,LA Clippers
Patrick Beverley,2019,2019-20,78,477,194,282,112,0.40670859538784065,0.3971631205673759,0.5241090146750524,0.5911949685534591,3.6153846153846154,LA Clippers
Patrick Beverley,2020,2020-21,51,341,147,206,80,0.4310850439882698,0.3883495145631068,0.5483870967741935,0.60410557184750735,4.03921568627451,Los Angeles Clippers
Patrick Beverley,2021,2021-22,37,220,93,141,56,0.42272727272727273,0.3971631205673759,0.55,0.6409090909090909,3.810810810810811,Los Angeles Clippers
Patrick Beverley,2022,2022-23,58,436,177,242,83,0.4059633027522936,0.34297520661157027,0.5011467889908257,0.555045871559633,4.172413793103448,Minnesota Timberwolves
Patrick Beverley,2023,2023-24,67,360,144,239,80,0.4,0.33472803347280333,0.5111111111111111,0.6638888888888889,3.5671641791044775,Los Angeles Lakers
Patrick Beverley,2024,2024-25,73,379,158,181,61,0.41688654353562005,0.3370165745856354,0.4973614775725594,0.47757255936675463,2.4794520547945207,Philadelphia 76ers
Patrick Patterson,2013,2013-14,71,623,319,132,51,0.5120385232744783,0.38636363636363635,0.5529695024077047,0.21187800963081863,1.8591549295774648,Houston Rockets
Patrick Patterson,2014,2014-15,65,489,225,151,55,0.4601226993865031,0.36423841059602646,0.516359918200409,0.30879345603271985,2.3230769230769233,Toronto Raptors
Patrick Patterson,2015,2015-16,80,535,240,283,105,0.4485981308411215,0.3710247349823322,0.5467289719626168,0.5289719626168224,3.5375,Toronto Raptors
Patrick Patterson,2016,2016-17,79,492,204,292,106,0.4146341463414634,0.363013698630137,0.5223577235772358,0.5934959349593496,3.6962025316455698,Toronto Raptors
Patrick Patterson,2017,2017-18,65,384,154,253,94,0.4010416666666667,0.3715415019762846,0.5234375,0.6588541666666666,3.8923076923076922,Toronto Raptors
Patrick Patterson,2018,2018-19,78,266,106,171,66,0.39849624060150374,0.38596491228070173,0.5225563909774437,0.6428571428571429,2.1923076923076925,Oklahoma City Thunder
Patrick Patterson,2019,2019-20,57,219,82,137,46,0.3744292237442922,0.3357664233576642,0.4794520547945205,0.6255707762557078,2.4035087719298245,Oklahoma City Thunder
Patrick Patterson,2020,2020-21,55,233,95,172,67,0.40772532188841204,0.38953488372093026,0.5515021459227468,0.7381974248927039,3.1272727272727274,Los Angeles Clippers
Patrick Patterson,2021,2021-22,37,165,72,112,40,0.43636363636363634,0.35714285714285715,0.5575757575757576,0.6787878787878788,3.027027027027027,Los Angeles Clippers
Patrick Williams,2021,2021-22,71,528,255,138,54,0.48295454545454547,0.391304347826087,0.5340909090909091,0.26136363636363635,1.943661971830986,Chicago Bulls
Patrick Williams,2022,2022-23,16,102,54,29,15,0.5294117647058824,0.5172413793103449,0.6029411764705882,0.28431372549019607,1.8125,Chicago Bulls
Patrick Williams,2023,2023-24,82,677,314,277,115,0.4638109305760709,0.4151624548736462,0.5487444608567208,0.4091580502215657,3.3780487804878048,Chicago Bulls
Patrick Williams,2024,2024-25,43,359,159,148,59,0.4428969359331476,0.39864864864864863,0.5250696378830083,0.41225626740947074,3.441860465116279,Chicago Bulls
Patty Mills,2013,2013-14,51,241,113,130,52,0.46887966804979253,0.4,0.5767634854771784,0.5394190871369294,2.549019607843137,San Antonio Spurs
Patty Mills,2014,2014-15,81,666,309,318,135,0.46396396396396394,0.42452830188679247,0.5653153153153153,0.4774774774774775,3.925925925925926,San Antonio Spurs
Patty Mills,2015,2015-16,50,336,128,182,62,0.38095238095238093,0.34065934065934067,0.4732142857142857,0.5416666666666666,3.64,San Antonio Spurs
Patty Mills,2016,2016-17,81,612,260,320,123,0.42483660130718953,0.384375,0.5253267973856209,0.5228758169934641,3.950617283950617,San Antonio Spurs
Patty Mills,2017,2017-18,80,621,273,355,147,0.4396135265700483,0.4140845070422535,0.5579710144927537,0.571658615136876,4.4375,San Antonio Spurs
Patty Mills,2018,2018-19,82,682,280,414,154,0.41055718475073316,0.3719806763285024,0.5234604105571847,0.6070381231671554,5.048780487804878,San Antonio Spurs
Patty Mills,2019,2019-20,82,663,282,404,159,0.4253393665158371,0.3935643564356436,0.5452488687782805,0.6093514328808446,4.926829268292683,San Antonio Spurs
Patty Mills,2020,2020-21,66,598,258,403,154,0.431438127090301,0.38213399503722084,0.560200668896321,0.6739130434782609,6.106060606060606,San Antonio Spurs
Patty Mills,2021,2021-22,68,611,252,429,161,0.41243862520458263,0.3752913752913753,0.544189852700491,0.7021276595744681,6.3088235294117645,San Antonio Spurs
Patty Mills,2022,2022-23,81,794,324,568,227,0.4080604534005038,0.3996478873239437,0.551007556675063,0.7153652392947103,7.012345679012346,Brooklyn Nets
Patty Mills,2023,2023-24,39,209,86,134,49,0.41148325358851673,0.3656716417910448,0.5287081339712919,0.6411483253588517,3.4358974358974357,Brooklyn Nets
Patty Mills,2024,2024-25,28,131,46,87,24,0.3511450381679389,0.27586206896551724,0.44274809160305345,0.6641221374045801,3.107142857142857,Miami Heat
Pau Gasol,2013,2013-14,49,579,270,28,8,0.46632124352331605,0.2857142857142857,0.47322970639032813,0.04835924006908463,0.5714285714285714,Los Angeles Lakers
Pau Gasol,2014,2014-15,60,885,425,14,4,0.480225988700565,0.2857142857142857,0.4824858757062147,0.015819209039548022,0.23333333333333334,Los Angeles Lakers
Pau Gasol,2015,2015-16,78,1153,570,26,12,0.4943625325238508,0.46153846153846156,0.49956634865568084,0.022549869904596703,0.3333333333333333,Chicago Bulls
Pau Gasol,2016,2016-17,72,995,467,69,24,0.46934673366834173,0.34782608695652173,0.4814070351758794,0.06934673366834171,0.9583333333333334,Chicago Bulls
Pau Gasol,2017,2017-18,64,604,303,104,56,0.5016556291390728,0.5384615384615384,0.5480132450331126,0.17218543046357615,1.625,San Antonio Spurs
Pau Gasol,2018,2018-19,77,627,287,120,43,0.45773524720893144,0.35833333333333334,0.4920255183413078,0.19138755980861244,1.5584415584415585,San Antonio Spurs
Pau Gasol,2019,2019-20,27,94,42,13,6,0.44680851063829785,0.46153846153846156,0.4787234042553192,0.13829787234042554,0.48148148148148145,San Antonio Spurs
Paul George,2013,2013-14,79,1176,493,469,170,0.4192176870748299,0.3624733475479744,0.4914965986394558,0.39880952380952384,5.936708860759493,Indiana Pacers
Paul George,2014,2014-15,80,1361,577,499,182,0.4239529757531227,0.36472945891783565,0.4908155767817781,0.3666421748714181,6.2375,Indiana Pacers
Paul George,2015,2015-16,6,49,18,22,9,0.3673469387755102,0.4090909090909091,0.45918367346938777,0.4489795918367347,3.6666666666666665,Indiana Pacers
Paul George,2016,2016-17,81,1445,603,562,208,0.41730103806228375,0.3701067615658363,0.4892733564013841,0.3889273356401384,6.938271604938271,Indiana Pacers
Paul George,2017,2017-18,75,1345,620,493,193,0.46096654275092935,0.39148073022312374,0.5327137546468401,0.36654275092936806,6.573333333333333,Indiana Pacers
Paul George,2018,2018-19,79,1340,576,609,244,0.4298507462686567,0.4006568144499179,0.5208955223880597,0.4544776119402985,7.708860759493671,Oklahoma City Thunder
Paul George,2019,2019-20,77,1614,707,757,292,0.43804213135068154,0.3857331571994716,0.5285006195786865,0.46902106567534074,9.831168831168831,Oklahoma City Thunder
Paul George,2020,2020-21,48,782,343,381,157,0.43861892583120204,0.4120734908136483,0.539002557544757,0.48721227621483376,7.9375,Los Angeles Clippers
Paul George,2021,2021-22,54,953,445,416,171,0.4669464847848898,0.4110576923076923,0.5566631689401889,0.43651626442812175,7.703703703703703,Los Angeles Clippers
Paul George,2022,2022-23,31,636,268,257,91,0.42138364779874216,0.3540856031128405,0.49292452830188677,0.40408805031446543,8.290322580645162,Los Angeles Clippers
Paul George,2023,2023-24,56,1004,459,426,158,0.45717131474103584,0.37089201877934275,0.5358565737051793,0.4243027888446215,7.607142857142857,LA Clippers
Paul George,2024,2024-25,74,1236,582,588,243,0.470873786407767,0.413265306122449,0.5691747572815534,0.47572815533980584,7.945945945945946,LA Clippers
Paul Millsap,2013,2013-14,78,875,429,39,13,0.49028571428571427,0.3333333333333333,0.4977142857142857,0.044571428571428574,0.5,Utah Jazz
Paul Millsap,2014,2014-15,74,1047,483,212,76,0.46131805157593125,0.3584905660377358,0.4976122254059217,0.20248328557784145,2.864864864864865,Atlanta Hawks
Paul Millsap,2015,2015-16,73,930,443,216,77,0.47634408602150535,0.35648148148148145,0.5177419354838709,0.23225806451612904,2.958904109589041,Atlanta Hawks
Paul Millsap,2016,2016-17,81,1066,501,232,74,0.4699812382739212,0.31896551724137934,0.5046904315196998,0.2176360225140713,2.8641975308641974,Atlanta Hawks
Paul Millsap,2017,2017-18,69,972,430,241,75,0.44238683127572015,0.3112033195020747,0.4809670781893004,0.24794238683127573,3.4927536231884058,Atlanta Hawks
Paul Millsap,2018,2018-19,38,435,202,113,39,0.46436781609195404,0.34513274336283184,0.5091954022988506,0.2597701149425287,2.973684210526316,Denver Nuggets
Paul Millsap,2019,2019-20,70,665,322,159,58,0.4842105263157895,0.36477987421383645,0.5278195488721804,0.23909774436090225,2.2714285714285714,Denver Nuggets
Paul Millsap,2020,2020-21,51,438,211,124,54,0.4817351598173516,0.43548387096774194,0.54337899543379,0.2831050228310502,2.4313725490196076,Denver Nuggets
Paul Millsap,2021,2021-22,56,401,191,143,49,0.4763092269326683,0.34265734265734266,0.5374064837905237,0.3566084788029925,2.5535714285714284,Denver Nuggets
Paul Millsap,2022,2022-23,30,115,45,35,8,0.391304347826087,0.22857142857142856,0.4260869565217391,0.30434782608695654,1.1666666666666667,Brooklyn Nets
Paul Pierce,2013,2013-14,77,1092,476,382,145,0.4358974358974359,0.3795811518324607,0.5022893772893773,0.3498168498168498,4.961038961038961,Boston Celtics
Paul Pierce,2014,2014-15,75,712,321,300,112,0.4508426966292135,0.37333333333333335,0.5294943820224719,0.42134831460674155,4,Brooklyn Nets
Paul Pierce,2015,2015-16,73,656,293,303,118,0.44664634146341464,0.38943894389438943,0.5365853658536586,0.46189024390243905,4.1506849315068495,Washington Wizards
Paul Pierce,2016,2016-17,68,394,143,239,74,0.3629441624365482,0.30962343096234307,0.45685279187817257,0.6065989847715736,3.514705882352941,LA Clippers
Paul Pierce,2017,2017-18,21,70,28,43,15,0.4,0.3488372093023256,0.5071428571428571,0.6142857142857143,2.0476190476190474,LA Clippers
Payton Pritchard,2021,2021-22,65,418,184,248,102,0.44019138755980863,0.4112903225806452,0.562200956937799,0.5933014354066986,3.8153846153846156,Boston Celtics
Payton Pritchard,2022,2022-23,67,373,160,245,101,0.4289544235924933,0.4122448979591837,0.564343163538874,0.6568364611260054,3.656716417910448,Boston Celtics
Payton Pritchard,2023,2023-24,44,245,101,154,56,0.4122448979591837,0.36363636363636365,0.5265306122448979,0.6285714285714286,3.5,Boston Celtics
Payton Pritchard,2024,2024-25,82,635,297,382,147,0.46771653543307085,0.38481675392670156,0.5834645669291338,0.6015748031496063,4.658536585365853,Boston Celtics
Precious Achiuwa,2021,2021-22,56,228,124,1,0,0.543859649122807,0,0.543859649122807,0.0043859649122807015,0.017857142857142856,Miami Heat
Precious Achiuwa,2022,2022-23,73,603,265,156,56,0.439469320066335,0.358974358974359,0.4859038142620232,0.25870646766169153,2.136986301369863,Toronto Raptors
Precious Achiuwa,2023,2023-24,55,404,196,108,29,0.48514851485148514,0.26851851851851855,0.5210396039603961,0.26732673267326734,1.9636363636363636,Toronto Raptors
Precious Achiuwa,2024,2024-25,73,469,235,97,26,0.5010660980810234,0.26804123711340205,0.5287846481876333,0.2068230277185501,1.3287671232876712,New York Knicks
Quentin Grimes,2022,2022-23,39,235,95,189,72,0.40425531914893614,0.38095238095238093,0.5574468085106383,0.8042553191489362,4.846153846153846,New York Knicks
Quentin Grimes,2023,2023-24,71,602,282,407,157,0.4684385382059801,0.3857493857493858,0.5988372093023255,0.6760797342192691,5.732394366197183,New York Knicks
Quentin Grimes,2024,2024-25,51,328,122,240,81,0.3719512195121951,0.3375,0.4954268292682927,0.7317073170731707,4.705882352941177,New York Knicks
Quincy Acy,2013,2013-14,25,75,42,2,1,0.56,0.5,0.5666666666666667,0.02666666666666667,0.08,Toronto Raptors
Quincy Acy,2014,2014-15,50,141,66,15,4,0.46808510638297873,0.26666666666666666,0.48226950354609927,0.10638297872340426,0.3,Sacramento Kings
Quincy Acy,2015,2015-16,65,331,152,60,18,0.459214501510574,0.3,0.486404833836858,0.18126888217522658,0.9230769230769231,New York Knicks
Quincy Acy,2016,2016-17,52,213,119,48,19,0.5586854460093896,0.3958333333333333,0.6032863849765259,0.22535211267605634,0.9230769230769231,Sacramento Kings
Quincy Acy,2017,2017-18,37,170,70,90,37,0.4117647058823529,0.4111111111111111,0.5205882352941177,0.5294117647058824,2.4324324324324325,Brooklyn Nets
Quincy Acy,2018,2018-19,70,365,130,292,102,0.3561643835616438,0.3493150684931507,0.4958904109589041,0.8,4.171428571428572,Brooklyn Nets
Quincy Acy,2019,2019-20,8,18,4,15,2,0.2222222222222222,0.13333333333333333,0.2777777777777778,0.8333333333333334,1.875,Phoenix Suns
Quinn Cook,2017,2017-18,12,66,33,26,11,0.5,0.4230769230769231,0.5833333333333334,0.3939393939393939,2.1666666666666665,New Orleans Pelicans
Quinn Cook,2018,2018-19,31,252,122,104,46,0.48412698412698413,0.4423076923076923,0.5753968253968254,0.4126984126984127,3.3548387096774195,Golden State Warriors
Quinn Cook,2019,2019-20,69,439,204,200,81,0.4646924829157175,0.405,0.5569476082004556,0.45558086560364464,2.898550724637681,Golden State Warriors
Quinn Cook,2020,2020-21,40,214,91,85,31,0.4252336448598131,0.36470588235294116,0.4976635514018692,0.397196261682243,2.125,Los Angeles Lakers
Quinn Cook,2021,2021-22,19,68,29,26,11,0.4264705882352941,0.4230769230769231,0.5073529411764706,0.38235294117647056,1.368421052631579,Cleveland Cavaliers
R.J. Hampton,2021,2021-22,46,313,136,87,27,0.43450479233226835,0.3103448275862069,0.4776357827476038,0.2779552715654952,1.891304347826087,Orlando Magic
R.J. Hampton,2022,2022-23,64,457,175,183,64,0.38293216630196936,0.34972677595628415,0.45295404814004375,0.40043763676148797,2.859375,Orlando Magic
R.J. Hampton,2023,2023-24,42,237,102,116,41,0.43037974683544306,0.35344827586206895,0.5168776371308017,0.48945147679324896,2.761904761904762,Detroit Pistons
R.J. Hampton,2024,2024-25,6,14,4,8,1,0.2857142857142857,0.125,0.32142857142857145,0.5714285714285714,1.3333333333333333,Miami Heat
RJ Barrett,2020,2020-21,56,727,292,197,63,0.4016506189821183,0.3197969543147208,0.4449793672627235,0.27097661623108665,3.517857142857143,New York Knicks
RJ Barrett,2021,2021-22,72,1060,467,309,124,0.44056603773584907,0.40129449838187703,0.4990566037735849,0.29150943396226414,4.291666666666667,New York Knicks
RJ Barrett,2022,2022-23,70,1194,487,404,138,0.40787269681742044,0.3415841584158416,0.4656616415410385,0.33835845896147404,5.771428571428571,New York Knicks
RJ Barrett,2023,2023-24,73,1176,510,390,121,0.4336734693877551,0.31025641025641026,0.4851190476190476,0.33163265306122447,5.342465753424658,New York Knicks
RJ Barrett,2024,2024-25,58,880,436,250,90,0.4954545454545455,0.36,0.5465909090909091,0.2840909090909091,4.310344827586207,Toronto Raptors
Rajon Rondo,2013,2013-14,38,465,225,50,12,0.4838709677419355,0.24,0.4967741935483871,0.10752688172043011,1.3157894736842106,Boston Celtics
Rajon Rondo,2014,2014-15,30,350,141,90,26,0.40285714285714286,0.28888888888888886,0.44,0.2571428571428571,3,Boston Celtics
Rajon Rondo,2015,2015-16,67,645,275,86,27,0.4263565891472868,0.313953488372093,0.44728682170542633,0.13333333333333333,1.2835820895522387,Dallas Mavericks
Rajon Rondo,2016,2016-17,72,782,355,170,62,0.4539641943734015,0.36470588235294116,0.4936061381074169,0.21739130434782608,2.361111111111111,Sacramento Kings
Rajon Rondo,2017,2017-18,68,561,229,133,50,0.40819964349376114,0.37593984962406013,0.45276292335115864,0.23707664884135474,1.9558823529411764,Chicago Bulls
Rajon Rondo,2018,2018-19,65,494,231,150,50,0.4676113360323887,0.3333333333333333,0.5182186234817814,0.30364372469635625,2.3076923076923075,New Orleans Pelicans
Rajon Rondo,2019,2019-20,46,432,175,142,51,0.4050925925925926,0.3591549295774648,0.46412037037037035,0.3287037037037037,3.0869565217391304,Los Angeles Lakers
Rajon Rondo,2020,2020-21,48,328,137,125,41,0.4176829268292683,0.328,0.4801829268292683,0.38109756097560976,2.6041666666666665,Los Angeles Lakers
Rajon Rondo,2021,2021-22,45,215,95,89,36,0.4418604651162791,0.4044943820224719,0.5255813953488372,0.413953488372093,1.9777777777777779,Atlanta Hawks
Rajon Rondo,2022,2022-23,38,176,68,88,31,0.38636363636363635,0.3522727272727273,0.4744318181818182,0.5,2.3157894736842106,Cleveland Cavaliers
Ramon Sessions,2013,2013-14,61,676,276,107,33,0.40828402366863903,0.308411214953271,0.4326923076923077,0.15828402366863906,1.7540983606557377,Charlotte Bobcats
Ramon Sessions,2014,2014-15,83,769,330,124,35,0.42912873862158646,0.28225806451612906,0.4518855656697009,0.16124837451235371,1.4939759036144578,Charlotte Bobcats
Ramon Sessions,2015,2015-16,63,334,125,60,19,0.37425149700598803,0.31666666666666665,0.4026946107784431,0.17964071856287425,0.9523809523809523,Sacramento Kings
Ramon Sessions,2016,2016-17,82,591,280,110,36,0.47377326565143824,0.32727272727272727,0.5042301184433164,0.18612521150592218,1.3414634146341464,Washington Wizards
Ramon Sessions,2017,2017-18,50,263,100,62,21,0.38022813688212925,0.3387096774193548,0.42015209125475284,0.23574144486692014,1.24,Charlotte Hornets
Ramon Sessions,2018,2018-19,26,117,42,26,8,0.358974358974359,0.3076923076923077,0.39316239316239315,0.2222222222222222,1,Washington Wizards
Randy Foye,2013,2013-14,82,738,293,434,178,0.3970189701897019,0.41013824884792627,0.5176151761517616,0.5880758807588076,5.2926829268292686,Utah Jazz
Randy Foye,2014,2014-15,81,875,361,498,189,0.4125714285714286,0.3795180722891566,0.5205714285714286,0.5691428571428572,6.148148148148148,Denver Nuggets
Randy Foye,2015,2015-16,49,402,148,263,94,0.3681592039800995,0.3574144486692015,0.48507462686567165,0.654228855721393,5.36734693877551,Denver Nuggets
Randy Foye,2016,2016-17,81,482,169,250,75,0.3506224066390041,0.3,0.4284232365145228,0.5186721991701245,3.0864197530864197,Denver Nuggets
Randy Foye,2017,2017-18,67,324,117,202,66,0.3611111111111111,0.32673267326732675,0.46296296296296297,0.6234567901234568,3.014925373134328,Brooklyn Nets
Raul Neto,2016,2016-17,81,418,180,162,64,0.430622009569378,0.3950617283950617,0.507177033492823,0.3875598086124402,2,Utah Jazz
Raul Neto,2017,2017-18,30,91,41,31,10,0.45054945054945056,0.3225806451612903,0.5054945054945055,0.34065934065934067,1.0333333333333334,Utah Jazz
Raul Neto,2018,2018-19,39,151,69,47,19,0.45695364238410596,0.40425531914893614,0.5198675496688742,0.31125827814569534,1.205128205128205,Utah Jazz
Raul Neto,2019,2019-20,34,161,74,60,20,0.45962732919254656,0.3333333333333333,0.5217391304347826,0.37267080745341613,1.7647058823529411,Utah Jazz
Raul Neto,2020,2020-21,49,222,101,88,34,0.45495495495495497,0.38636363636363635,0.5315315315315315,0.3963963963963964,1.7959183673469388,Philadelphia 76ers
Raul Neto,2021,2021-22,63,447,209,164,64,0.46756152125279643,0.3902439024390244,0.5391498881431768,0.3668903803131991,2.6031746031746033,Washington Wizards
Raul Neto,2022,2022-23,67,441,204,120,35,0.46258503401360546,0.2916666666666667,0.5022675736961452,0.272108843537415,1.791044776119403,Washington Wizards
Raul Neto,2023,2023-24,36,110,57,42,12,0.5181818181818182,0.2857142857142857,0.5727272727272728,0.38181818181818183,1.1666666666666667,Cleveland Cavaliers
Ray Allen,2013,2013-14,79,650,292,331,139,0.4492307692307692,0.4199395770392749,0.5561538461538461,0.5092307692307693,4.189873417721519,Miami Heat
Ray Allen,2014,2014-15,73,543,240,309,116,0.4419889502762431,0.37540453074433655,0.5488029465930019,0.569060773480663,4.232876712328767,Miami Heat
Raymond Felton,2013,2013-14,68,882,377,258,93,0.427437641723356,0.36046511627906974,0.4801587301587302,0.2925170068027211,3.7941176470588234,New York Knicks
Raymond Felton,2014,2014-15,65,608,240,195,62,0.39473684210526316,0.31794871794871793,0.4457236842105263,0.3207236842105263,3,New York Knicks
Raymond Felton,2015,2015-16,27,106,43,34,10,0.4056603773584906,0.29411764705882354,0.4528301886792453,0.32075471698113206,1.2592592592592593,Dallas Mavericks
Raymond Felton,2016,2016-17,80,682,277,213,60,0.40615835777126097,0.28169014084507044,0.4501466275659824,0.312316715542522,2.6625,Dallas Mavericks
Raymond Felton,2017,2017-18,80,512,221,142,46,0.431640625,0.323943661971831,0.4765625,0.27734375,1.775,LA Clippers
Raymond Felton,2018,2018-19,82,552,224,230,81,0.4057971014492754,0.3521739130434783,0.4791666666666667,0.4166666666666667,2.8048780487804876,Oklahoma City Thunder
Raymond Felton,2019,2019-20,31,135,55,61,20,0.4074074074074074,0.32786885245901637,0.48148148148148145,0.45185185185185184,1.967741935483871,Oklahoma City Thunder
Reggie Bullock,2014,2014-15,36,121,43,73,22,0.35537190082644626,0.3013698630136986,0.4462809917355372,0.6033057851239669,2.0277777777777777,Los Angeles Clippers
Reggie Bullock,2015,2015-16,32,69,23,45,14,0.3333333333333333,0.3111111111111111,0.43478260869565216,0.6521739130434783,1.40625,Los Angeles Clippers
Reggie Bullock,2016,2016-17,27,98,43,53,22,0.4387755102040816,0.41509433962264153,0.5510204081632653,0.5408163265306123,1.962962962962963,Detroit Pistons
Reggie Bullock,2017,2017-18,29,128,54,73,28,0.421875,0.3835616438356164,0.53125,0.5703125,2.5172413793103448,Detroit Pistons
Reggie Bullock,2018,2018-19,62,546,267,281,125,0.489010989010989,0.44483985765124556,0.6034798534798534,0.5146520146520146,4.532258064516129,Detroit Pistons
Reggie Bullock,2019,2019-20,63,594,245,393,148,0.41245791245791247,0.37659033078880405,0.5370370370370371,0.6616161616161617,6.238095238095238,Detroit Pistons
Reggie Bullock,2020,2020-21,28,224,90,111,37,0.4017857142857143,0.3333333333333333,0.484375,0.4955357142857143,3.9642857142857144,New York Knicks
Reggie Bullock,2021,2021-22,65,561,248,398,163,0.44206773618538325,0.40954773869346733,0.5873440285204992,0.7094474153297683,6.123076923076923,New York Knicks
Reggie Bullock,2022,2022-23,68,501,201,392,141,0.40119760479041916,0.3596938775510204,0.5419161676646707,0.782435129740519,5.764705882352941,Dallas Mavericks
Reggie Bullock,2023,2023-24,78,470,192,397,151,0.4085106382978723,0.380352644836272,0.5691489361702128,0.8446808510638298,5.089743589743589,Dallas Mavericks
Reggie Jackson,2013,2013-14,65,325,149,104,24,0.4584615384615385,0.23076923076923078,0.49538461538461537,0.32,1.6,Oklahoma City Thunder
Reggie Jackson,2014,2014-15,80,916,403,245,83,0.43995633187772926,0.33877551020408164,0.48526200873362446,0.26746724890829693,3.0625,Oklahoma City Thunder
Reggie Jackson,2015,2015-16,77,996,432,241,72,0.43373493975903615,0.2987551867219917,0.46987951807228917,0.2419678714859438,3.1298701298701297,Oklahoma City Thunder
Reggie Jackson,2016,2016-17,79,1244,540,334,118,0.4340836012861736,0.3532934131736527,0.4815112540192926,0.2684887459807074,4.227848101265823,Detroit Pistons
Reggie Jackson,2017,2017-18,52,676,284,183,66,0.42011834319526625,0.36065573770491804,0.46893491124260356,0.27071005917159763,3.519230769230769,Detroit Pistons
Reggie Jackson,2018,2018-19,45,577,246,169,52,0.42634315424610053,0.3076923076923077,0.4714038128249567,0.292894280762565,3.7555555555555555,Detroit Pistons
Reggie Jackson,2019,2019-20,82,1047,441,471,174,0.42120343839541546,0.36942675159235666,0.504297994269341,0.4498567335243553,5.7439024390243905,Detroit Pistons
Reggie Jackson,2020,2020-21,31,326,134,145,57,0.4110429447852761,0.3931034482758621,0.49846625766871167,0.4447852760736196,4.67741935483871,Detroit Pistons
Reggie Jackson,2021,2021-22,64,585,263,282,122,0.4495726495726496,0.4326241134751773,0.5538461538461539,0.48205128205128206,4.40625,Los Angeles Clippers
Reggie Jackson,2022,2022-23,75,1222,479,512,167,0.39198036006546644,0.326171875,0.4603109656301146,0.41898527004909986,6.826666666666667,Los Angeles Clippers
Reggie Jackson,2023,2023-24,68,640,263,288,96,0.4109375,0.3333333333333333,0.4859375,0.45,4.235294117647059,LA Clippers
Reggie Jackson,2024,2024-25,82,756,326,284,102,0.4312169312169312,0.3591549295774648,0.49867724867724866,0.37566137566137564,3.4634146341463414,Denver Nuggets
Richard Jefferson,2013,2013-14,44,136,62,45,14,0.45588235294117646,0.3111111111111111,0.5073529411764706,0.33088235294117646,1.0227272727272727,Golden State Warriors
Richard Jefferson,2014,2014-15,82,654,294,301,123,0.44954128440366975,0.40863787375415284,0.5435779816513762,0.4602446483180428,3.6707317073170733,Utah Jazz
Richard Jefferson,2015,2015-16,67,324,144,155,66,0.4444444444444444,0.4258064516129032,0.5462962962962963,0.4783950617283951,2.3134328358208953,Dallas Mavericks
Richard Jefferson,2016,2016-17,70,311,143,172,66,0.45980707395498394,0.38372093023255816,0.5659163987138264,0.5530546623794212,2.4571428571428573,Cleveland Cavaliers
Richard Jefferson,2017,2017-18,78,342,152,185,61,0.4444444444444444,0.32972972972972975,0.533625730994152,0.5409356725146199,2.371794871794872,Cleveland Cavaliers
Richard Jefferson,2018,2018-19,12,27,12,7,2,0.4444444444444444,0.2857142857142857,0.48148148148148145,0.25925925925925924,0.5833333333333334,Denver Nuggets
Richaun Holmes,2016,2016-17,47,222,114,44,8,0.5135135135135135,0.18181818181818182,0.5315315315315315,0.1981981981981982,0.9361702127659575,Philadelphia 76ers
Richaun Holmes,2017,2017-18,57,412,230,77,27,0.558252427184466,0.35064935064935066,0.5910194174757282,0.18689320388349515,1.3508771929824561,Philadelphia 76ers
Richaun Holmes,2018,2018-19,47,241,135,31,4,0.5601659751037344,0.12903225806451613,0.5684647302904564,0.12863070539419086,0.6595744680851063,Philadelphia 76ers
Richaun Holmes,2019,2019-20,66,365,222,0,0,0.6082191780821918,NA,0.6082191780821918,0,0,Phoenix Suns
Richaun Holmes,2020,2020-21,44,344,223,0,0,0.6482558139534884,NA,0.6482558139534884,0,0,Sacramento Kings
Richaun Holmes,2021,2021-22,61,575,366,11,2,0.6365217391304347,0.18181818181818182,0.6382608695652174,0.019130434782608695,0.18032786885245902,Sacramento Kings
Richaun Holmes,2022,2022-23,44,300,198,5,2,0.66,0.4,0.6633333333333333,0.016666666666666666,0.11363636363636363,Sacramento Kings
Richaun Holmes,2023,2023-24,32,89,55,8,5,0.6179775280898876,0.625,0.6460674157303371,0.0898876404494382,0.25,Sacramento Kings
Richaun Holmes,2024,2024-25,36,147,82,3,1,0.5578231292517006,0.3333333333333333,0.5612244897959183,0.02040816326530612,0.08333333333333333,Washington Wizards
Ricky Rubio,2013,2013-14,56,514,185,92,27,0.35992217898832685,0.29347826086956524,0.3861867704280156,0.17898832684824903,1.6428571428571428,Minnesota Timberwolves
Ricky Rubio,2014,2014-15,82,670,255,133,44,0.3805970149253731,0.3308270676691729,0.4134328358208955,0.19850746268656716,1.6219512195121952,Minnesota Timberwolves
Ricky Rubio,2015,2015-16,22,219,78,51,13,0.3561643835616438,0.2549019607843137,0.3858447488584475,0.2328767123287671,2.3181818181818183,Minnesota Timberwolves
Ricky Rubio,2016,2016-17,75,585,218,189,61,0.37264957264957266,0.32275132275132273,0.4247863247863248,0.3230769230769231,2.52,Minnesota Timberwolves
Ricky Rubio,2017,2017-18,75,650,261,196,60,0.4015384615384615,0.30612244897959184,0.44769230769230767,0.30153846153846153,2.6133333333333333,Minnesota Timberwolves
Ricky Rubio,2018,2018-19,77,827,346,273,96,0.4183796856106409,0.3516483516483517,0.47642079806529625,0.3301088270858525,3.5454545454545454,Utah Jazz
Ricky Rubio,2019,2019-20,68,730,295,254,79,0.4041095890410959,0.3110236220472441,0.45821917808219176,0.34794520547945207,3.735294117647059,Utah Jazz
Ricky Rubio,2020,2020-21,65,692,287,216,78,0.4147398843930636,0.3611111111111111,0.47109826589595377,0.31213872832369943,3.3230769230769233,Phoenix Suns
Ricky Rubio,2021,2021-22,68,498,193,214,66,0.38755020080321284,0.308411214953271,0.4538152610441767,0.42971887550200805,3.1470588235294117,Minnesota Timberwolves
Ricky Rubio,2022,2022-23,34,411,149,174,59,0.36253041362530414,0.3390804597701149,0.4343065693430657,0.4233576642335766,5.117647058823529,Cleveland Cavaliers
Ricky Rubio,2023,2023-24,33,178,61,82,21,0.34269662921348315,0.25609756097560976,0.40168539325842695,0.4606741573033708,2.484848484848485,Cleveland Cavaliers
Robert Covington,2014,2014-15,4,14,6,11,4,0.42857142857142855,0.36363636363636365,0.5714285714285714,0.7857142857142857,2.75,Houston Rockets
Robert Covington,2015,2015-16,69,756,299,446,167,0.3955026455026455,0.3744394618834081,0.5059523809523809,0.58994708994709,6.463768115942029,Philadelphia 76ers
Robert Covington,2016,2016-17,67,712,274,482,170,0.3848314606741573,0.35269709543568467,0.5042134831460674,0.6769662921348315,7.1940298507462686,Philadelphia 76ers
Robert Covington,2017,2017-18,67,729,291,409,136,0.3991769547325103,0.33251833740831294,0.4924554183813443,0.5610425240054869,6.104477611940299,Philadelphia 76ers
Robert Covington,2018,2018-19,80,836,345,550,203,0.4126794258373206,0.3690909090909091,0.5340909090909091,0.6578947368421053,6.875,Philadelphia 76ers
Robert Covington,2019,2019-20,35,362,156,225,85,0.430939226519337,0.37777777777777777,0.5483425414364641,0.6215469613259669,6.428571428571429,Minnesota Timberwolves
Robert Covington,2020,2020-21,70,723,305,480,161,0.4218533886583679,0.33541666666666664,0.533195020746888,0.6639004149377593,6.857142857142857,Minnesota Timberwolves
Robert Covington,2021,2021-22,70,509,204,356,135,0.40078585461689586,0.3792134831460674,0.5333988212180747,0.6994106090373281,5.085714285714285,Portland Trail Blazers
Robert Covington,2022,2022-23,70,498,209,339,128,0.41967871485943775,0.3775811209439528,0.5481927710843374,0.6807228915662651,4.8428571428571425,Portland Trail Blazers
Robert Covington,2023,2023-24,45,229,102,136,54,0.44541484716157204,0.39705882352941174,0.5633187772925764,0.5938864628820961,3.022222222222222,LA Clippers
Robert Covington,2024,2024-25,26,98,43,56,19,0.4387755102040816,0.3392857142857143,0.5357142857142857,0.5714285714285714,2.1538461538461537,Philadelphia 76ers
Robin Lopez,2013,2013-14,82,719,384,0,0,0.5340751043115438,NA,0.5340751043115438,0,0,New Orleans Hornets
Robin Lopez,2014,2014-15,81,644,355,1,0,0.5512422360248447,0,0.5512422360248447,0.0015527950310559005,0.012345679012345678,Portland Trail Blazers
Robin Lopez,2015,2015-16,59,437,234,1,0,0.5354691075514875,0,0.5354691075514875,0.002288329519450801,0.01694915254237288,Portland Trail Blazers
Robin Lopez,2016,2016-17,82,662,357,1,0,0.5392749244712991,0,0.5392749244712991,0.0015105740181268882,0.012195121951219513,New York Knicks
Robin Lopez,2017,2017-18,80,775,382,2,0,0.49290322580645163,0,0.49290322580645163,0.0025806451612903226,0.025,Chicago Bulls
Robin Lopez,2018,2018-19,64,645,342,14,4,0.5302325581395348,0.2857142857142857,0.5333333333333333,0.021705426356589147,0.21875,Chicago Bulls
Robin Lopez,2019,2019-20,73,535,304,31,7,0.5682242990654206,0.22580645161290322,0.5747663551401869,0.05794392523364486,0.4246575342465753,Chicago Bulls
Robin Lopez,2020,2020-21,64,299,147,105,35,0.4916387959866221,0.3333333333333333,0.5501672240802675,0.3511705685618729,1.640625,Milwaukee Bucks
Robin Lopez,2021,2021-22,67,425,269,18,5,0.6329411764705882,0.2777777777777778,0.6388235294117647,0.042352941176470586,0.26865671641791045,Washington Wizards
Robin Lopez,2022,2022-23,34,199,110,6,2,0.5527638190954773,0.3333333333333333,0.5577889447236181,0.03015075376884422,0.17647058823529413,Orlando Magic
Robin Lopez,2023,2023-24,27,75,48,4,2,0.64,0.5,0.6533333333333333,0.05333333333333334,0.14814814814814814,Cleveland Cavaliers
Robin Lopez,2024,2024-25,9,19,7,8,2,0.3684210526315789,0.25,0.42105263157894735,0.42105263157894735,0.8888888888888888,Milwaukee Bucks
Rodney Hood,2015,2015-16,50,374,155,170,62,0.4144385026737968,0.36470588235294116,0.49732620320855614,0.45454545454545453,3.4,Utah Jazz
Rodney Hood,2016,2016-17,79,972,408,449,161,0.41975308641975306,0.3585746102449889,0.5025720164609053,0.4619341563786008,5.6835443037974684,Utah Jazz
Rodney Hood,2017,2017-18,59,666,272,307,114,0.4084084084084084,0.3713355048859935,0.493993993993994,0.46096096096096095,5.203389830508475,Utah Jazz
Rodney Hood,2018,2018-19,60,751,322,333,127,0.42876165113182424,0.3813813813813814,0.5133155792276964,0.4434087882822903,5.55,Utah Jazz
Rodney Hood,2019,2019-20,72,671,292,236,84,0.43517138599105815,0.3559322033898305,0.4977645305514158,0.35171385991058124,3.2777777777777777,Cleveland Cavaliers
Rodney Hood,2020,2020-21,20,172,87,71,35,0.5058139534883721,0.49295774647887325,0.6075581395348837,0.4127906976744186,3.55,Portland Trail Blazers
Rodney Hood,2021,2021-22,53,260,94,113,34,0.36153846153846153,0.3008849557522124,0.4269230769230769,0.4346153846153846,2.1320754716981134,Portland Trail Blazers
Rodney Hood,2022,2022-23,49,157,58,91,30,0.36942675159235666,0.32967032967032966,0.46496815286624205,0.5796178343949044,1.8571428571428572,Milwaukee Bucks
Rodney McGruder,2017,2017-18,75,459,189,219,72,0.4117647058823529,0.3287671232876712,0.49019607843137253,0.477124183006536,2.92,Miami Heat
Rodney McGruder,2018,2018-19,18,73,36,35,15,0.4931506849315068,0.42857142857142855,0.5958904109589042,0.4794520547945205,1.9444444444444444,Miami Heat
Rodney McGruder,2019,2019-20,64,461,186,225,79,0.403470715835141,0.3511111111111111,0.4891540130151844,0.4880694143167028,3.515625,Miami Heat
Rodney McGruder,2020,2020-21,53,181,72,89,24,0.39779005524861877,0.2696629213483146,0.46408839779005523,0.49171270718232046,1.679245283018868,Los Angeles Clippers
Rodney McGruder,2021,2021-22,13,70,37,24,11,0.5285714285714286,0.4583333333333333,0.6071428571428571,0.34285714285714286,1.8461538461538463,Detroit Pistons
Rodney McGruder,2022,2022-23,47,225,98,146,58,0.43555555555555553,0.3972602739726027,0.5644444444444444,0.6488888888888888,3.106382978723404,Detroit Pistons
Rodney McGruder,2023,2023-24,28,152,62,97,41,0.40789473684210525,0.422680412371134,0.5427631578947368,0.6381578947368421,3.4642857142857144,Detroit Pistons
Rodney Stuckey,2013,2013-14,76,748,304,182,55,0.40641711229946526,0.3021978021978022,0.4431818181818182,0.24331550802139038,2.3947368421052633,Detroit Pistons
Rodney Stuckey,2014,2014-15,73,853,372,88,24,0.4361078546307151,0.2727272727272727,0.4501758499413834,0.10316529894490035,1.2054794520547945,Detroit Pistons
Rodney Stuckey,2015,2015-16,71,754,332,141,55,0.4403183023872679,0.3900709219858156,0.47679045092838196,0.1870026525198939,1.9859154929577465,Indiana Pacers
Rodney Stuckey,2016,2016-17,57,442,182,82,19,0.4117647058823529,0.23170731707317074,0.4332579185520362,0.18552036199095023,1.4385964912280702,Indiana Pacers
Rodney Stuckey,2017,2017-18,39,243,90,59,18,0.37037037037037035,0.3050847457627119,0.4074074074074074,0.24279835390946503,1.5128205128205128,Indiana Pacers
Rondae Hollis-Jefferson,2016,2016-17,28,138,63,14,4,0.45652173913043476,0.2857142857142857,0.47101449275362317,0.10144927536231885,0.5,Brooklyn Nets
Rondae Hollis-Jefferson,2017,2017-18,78,542,235,67,15,0.43357933579335795,0.22388059701492538,0.4474169741697417,0.12361623616236163,0.8589743589743589,Brooklyn Nets
Rondae Hollis-Jefferson,2018,2018-19,68,724,342,54,13,0.4723756906077348,0.24074074074074073,0.481353591160221,0.07458563535911603,0.7941176470588235,Brooklyn Nets
Rondae Hollis-Jefferson,2019,2019-20,58,487,200,49,9,0.4106776180698152,0.1836734693877551,0.419917864476386,0.10061601642710473,0.8448275862068966,Brooklyn Nets
Rondae Hollis-Jefferson,2020,2020-21,55,329,155,23,3,0.47112462006079026,0.13043478260869565,0.4756838905775076,0.06990881458966565,0.41818181818181815,Toronto Raptors
Rondae Hollis-Jefferson,2021,2021-22,8,18,9,1,0,0.5,0,0.5,0.05555555555555555,0.125,Portland Trail Blazers
Roy Hibbert,2013,2013-14,79,859,385,4,1,0.4481955762514552,0.25,0.4487776484284051,0.004656577415599534,0.05063291139240506,Indiana Pacers
Roy Hibbert,2014,2014-15,81,754,331,5,2,0.4389920424403183,0.4,0.4403183023872679,0.006631299734748011,0.06172839506172839,Indiana Pacers
Roy Hibbert,2015,2015-16,76,710,317,2,0,0.44647887323943664,0,0.44647887323943664,0.0028169014084507044,0.02631578947368421,Indiana Pacers
Roy Hibbert,2016,2016-17,81,411,182,2,0,0.44282238442822386,0,0.44282238442822386,0.004866180048661801,0.024691358024691357,Los Angeles Lakers
Roy Hibbert,2017,2017-18,42,147,80,0,0,0.54421768707483,NA,0.54421768707483,0,0,Charlotte Hornets
Royce O'Neale,2018,2018-19,63,284,120,118,42,0.4225352112676056,0.3559322033898305,0.4964788732394366,0.4154929577464789,1.873015873015873,Utah Jazz
Royce O'Neale,2019,2019-20,76,343,163,176,68,0.4752186588921283,0.38636363636363635,0.5743440233236151,0.5131195335276968,2.3157894736842106,Utah Jazz
Royce O'Neale,2020,2020-21,70,365,158,244,92,0.4328767123287671,0.3770491803278688,0.5589041095890411,0.6684931506849315,3.4857142857142858,Utah Jazz
Royce O'Neale,2021,2021-22,71,394,175,278,107,0.44416243654822335,0.38489208633093525,0.5799492385786802,0.7055837563451777,3.915492957746479,Utah Jazz
Royce O'Neale,2022,2022-23,76,444,203,306,119,0.4572072072072072,0.3888888888888889,0.5912162162162162,0.6891891891891891,4.026315789473684,Utah Jazz
Royce O'Neale,2023,2023-24,76,593,229,419,163,0.38617200674536256,0.38902147971360385,0.5236087689713322,0.7065767284991569,5.5131578947368425,Brooklyn Nets
Royce O'Neale,2024,2024-25,79,539,214,422,156,0.3970315398886827,0.3696682464454976,0.5417439703153989,0.7829313543599258,5.341772151898734,Brooklyn Nets
Rudy Gay,2013,2013-14,75,1252,521,259,84,0.41613418530351437,0.32432432432432434,0.4496805111821086,0.20686900958466453,3.453333333333333,Memphis Grizzlies
Rudy Gay,2014,2014-15,73,1179,537,197,65,0.455470737913486,0.3299492385786802,0.4830364715860899,0.1670907548770144,2.6986301369863015,Sacramento Kings
Rudy Gay,2015,2015-16,68,1116,508,220,79,0.4551971326164875,0.35909090909090907,0.4905913978494624,0.1971326164874552,3.235294117647059,Sacramento Kings
Rudy Gay,2016,2016-17,70,1007,466,215,74,0.4627606752730884,0.34418604651162793,0.49950347567030784,0.2135054617676266,3.0714285714285716,Sacramento Kings
Rudy Gay,2017,2017-18,30,442,201,113,42,0.45475113122171945,0.37168141592920356,0.502262443438914,0.25565610859728505,3.7666666666666666,Sacramento Kings
Rudy Gay,2018,2018-19,57,537,253,118,37,0.47113594040968343,0.3135593220338983,0.505586592178771,0.21973929236499068,2.0701754385964914,San Antonio Spurs
Rudy Gay,2019,2019-20,69,746,376,184,74,0.5040214477211796,0.40217391304347827,0.5536193029490617,0.24664879356568364,2.6666666666666665,San Antonio Spurs
Rudy Gay,2020,2020-21,67,596,266,220,74,0.4463087248322148,0.33636363636363636,0.5083892617449665,0.3691275167785235,3.283582089552239,San Antonio Spurs
Rudy Gay,2021,2021-22,63,628,264,278,106,0.42038216560509556,0.381294964028777,0.5047770700636943,0.4426751592356688,4.412698412698413,San Antonio Spurs
Rudy Gay,2022,2022-23,55,379,157,203,70,0.41424802110817943,0.3448275862068966,0.5065963060686016,0.5356200527704486,3.690909090909091,Utah Jazz
Rudy Gay,2023,2023-24,55,288,109,131,33,0.3784722222222222,0.25190839694656486,0.4357638888888889,0.4548611111111111,2.381818181818182,Utah Jazz
Rudy Gobert,2014,2014-15,31,74,36,0,0,0.4864864864864865,NA,0.4864864864864865,0,0,Utah Jazz
Rudy Gobert,2015,2015-16,80,427,258,2,0,0.6042154566744731,0,0.6042154566744731,0.00468384074941452,0.025,Utah Jazz
Rudy Gobert,2016,2016-17,61,354,198,0,0,0.559322033898305,NA,0.559322033898305,0,0,Utah Jazz
Rudy Gobert,2017,2017-18,81,625,413,1,0,0.6608,0,0.6608,0.0016,0.012345679012345678,Utah Jazz
Rudy Gobert,2018,2018-19,56,444,276,0,0,0.6216216216216216,NA,0.6216216216216216,0,0,Utah Jazz
Rudy Gobert,2019,2019-20,81,712,476,0,0,0.6685393258426966,NA,0.6685393258426966,0,0,Utah Jazz
Rudy Gobert,2020,2020-21,68,557,386,0,0,0.6929982046678635,NA,0.6929982046678635,0,0,Utah Jazz
Rudy Gobert,2021,2021-22,71,579,391,4,0,0.6753022452504318,0,0.6753022452504318,0.0069084628670120895,0.056338028169014086,Utah Jazz
Rudy Gobert,2022,2022-23,66,508,362,4,0,0.7125984251968503,0,0.7125984251968503,0.007874015748031496,0.06060606060606061,Utah Jazz
Rudy Gobert,2023,2023-24,69,546,360,3,0,0.6593406593406593,0,0.6593406593406593,0.005494505494505495,0.043478260869565216,Minnesota Timberwolves
Rudy Gobert,2024,2024-25,76,614,406,3,0,0.6612377850162866,0,0.6612377850162866,0.004885993485342019,0.039473684210526314,Minnesota Timberwolves
Rui Hachimura,2020,2020-21,48,545,254,87,25,0.46605504587155966,0.28735632183908044,0.4889908256880734,0.1596330275229358,1.8125,Washington Wizards
Rui Hachimura,2021,2021-22,57,648,310,137,45,0.4783950617283951,0.3284671532846715,0.5131172839506173,0.21141975308641975,2.4035087719298245,Washington Wizards
Rui Hachimura,2022,2022-23,42,381,187,123,55,0.49081364829396323,0.44715447154471544,0.562992125984252,0.3228346456692913,2.9285714285714284,Washington Wizards
Rui Hachimura,2023,2023-24,63,584,284,160,51,0.4863013698630137,0.31875,0.5299657534246576,0.273972602739726,2.5396825396825395,Washington Wizards
Rui Hachimura,2024,2024-25,68,676,363,232,98,0.5369822485207101,0.4224137931034483,0.6094674556213018,0.3431952662721893,3.411764705882353,Los Angeles Lakers
Russell Westbrook,2013,2013-14,82,1534,672,299,96,0.4380704041720991,0.3210702341137124,0.46936114732724904,0.19491525423728814,3.6463414634146343,Oklahoma City Thunder
Russell Westbrook,2014,2014-15,46,791,346,214,68,0.43742098609355246,0.3177570093457944,0.4804045512010114,0.27054361567635904,4.6521739130434785,Oklahoma City Thunder
Russell Westbrook,2015,2015-16,67,1471,627,288,86,0.4262406526172672,0.2986111111111111,0.4554724677090415,0.19578518014955812,4.298507462686567,Oklahoma City Thunder
Russell Westbrook,2016,2016-17,80,1444,656,341,101,0.45429362880886426,0.2961876832844575,0.48926592797783935,0.23614958448753462,4.2625,Oklahoma City Thunder
Russell Westbrook,2017,2017-18,81,1941,824,583,200,0.4245234415249871,0.34305317324185247,0.4760432766615147,0.3003606388459557,7.197530864197531,Oklahoma City Thunder
Russell Westbrook,2018,2018-19,80,1687,757,326,97,0.44872554831061057,0.29754601226993865,0.47747480735032605,0.19324244220509781,4.075,Oklahoma City Thunder
Russell Westbrook,2019,2019-20,73,1473,630,411,119,0.42769857433808556,0.2895377128953771,0.4680923285811269,0.2790224032586558,5.63013698630137,Oklahoma City Thunder
Russell Westbrook,2020,2020-21,57,1281,604,213,55,0.4715066354410617,0.25821596244131456,0.4929742388758782,0.16627634660421545,3.736842105263158,Houston Rockets
Russell Westbrook,2021,2021-22,65,1238,544,273,86,0.4394184168012924,0.315018315018315,0.47415185783521807,0.22051696284329564,4.2,Washington Wizards
Russell Westbrook,2022,2022-23,78,1233,548,265,79,0.4444444444444444,0.2981132075471698,0.4764801297648013,0.21492295214922952,3.3974358974358974,Los Angeles Lakers
Russell Westbrook,2023,2023-24,73,991,432,286,89,0.43592330978809285,0.3111888111888112,0.4808274470232089,0.2885973763874874,3.9178082191780823,Los Angeles Lakers
Russell Westbrook,2024,2024-25,68,663,301,154,42,0.4539969834087481,0.2727272727272727,0.4856711915535445,0.23227752639517346,2.264705882352941,LA Clippers
Ryan Anderson,2013,2013-14,81,1115,472,557,213,0.4233183856502242,0.38240574506283664,0.5188340807174888,0.49955156950672647,6.8765432098765435,New Orleans Hornets
Ryan Anderson,2014,2014-15,22,354,155,164,67,0.4378531073446328,0.40853658536585363,0.5324858757062146,0.4632768361581921,7.454545454545454,New Orleans Pelicans
Ryan Anderson,2015,2015-16,61,729,291,359,122,0.3991769547325103,0.3398328690807799,0.4828532235939643,0.4924554183813443,5.885245901639344,New Orleans Pelicans
Ryan Anderson,2016,2016-17,66,929,397,358,131,0.42734122712594186,0.3659217877094972,0.49784714747039827,0.38536060279870826,5.424242424242424,New Orleans Pelicans
Ryan Anderson,2017,2017-18,72,773,323,506,204,0.4178525226390686,0.4031620553359684,0.5498059508408797,0.6545924967658473,7.027777777777778,Houston Rockets
Ryan Anderson,2018,2018-19,66,480,207,339,131,0.43125,0.3864306784660767,0.5677083333333334,0.70625,5.136363636363637,Houston Rockets
Ryan Anderson,2019,2019-20,19,69,21,40,9,0.30434782608695654,0.225,0.3695652173913043,0.5797101449275363,2.1052631578947367,Phoenix Suns
Ryan Anderson,2020,2020-21,2,7,2,5,1,0.2857142857142857,0.2,0.35714285714285715,0.7142857142857143,2.5,Houston Rockets
Saddiq Bey,2021,2021-22,70,691,279,460,175,0.4037626628075253,0.3804347826086957,0.5303907380607815,0.6657018813314037,6.571428571428571,Detroit Pistons
Saddiq Bey,2022,2022-23,82,1136,450,610,211,0.3961267605633803,0.34590163934426227,0.48899647887323944,0.5369718309859155,7.439024390243903,Detroit Pistons
Saddiq Bey,2023,2023-24,77,836,353,418,151,0.4222488038277512,0.361244019138756,0.5125598086124402,0.5,5.428571428571429,Detroit Pistons
Saddiq Bey,2024,2024-25,63,697,290,358,113,0.41606886657101866,0.31564245810055863,0.4971305595408895,0.5136298421807748,5.682539682539683,Atlanta Hawks
Sam Hauser,2022,2022-23,22,50,23,44,19,0.46,0.4318181818181818,0.65,0.88,2,Boston Celtics
Sam Hauser,2023,2023-24,75,396,180,335,140,0.45454545454545453,0.417910447761194,0.6313131313131313,0.8459595959595959,4.466666666666667,Boston Celtics
Sam Hauser,2024,2024-25,79,558,249,465,197,0.44623655913978494,0.4236559139784946,0.6227598566308243,0.8333333333333334,5.886075949367089,Boston Celtics
Santi Aldama,2022,2022-23,31,132,53,48,6,0.4015151515151515,0.125,0.42424242424242425,0.36363636363636365,1.5483870967741935,Memphis Grizzlies
Santi Aldama,2023,2023-24,77,525,247,266,94,0.4704761904761905,0.3533834586466165,0.56,0.5066666666666667,3.4545454545454546,Memphis Grizzlies
Santi Aldama,2024,2024-25,60,568,247,304,106,0.43485915492957744,0.34868421052631576,0.528169014084507,0.5352112676056338,5.066666666666666,Memphis Grizzlies
Scottie Barnes,2022,2022-23,74,932,459,193,58,0.4924892703862661,0.3005181347150259,0.5236051502145923,0.20708154506437768,2.608108108108108,Toronto Raptors
Scottie Barnes,2023,2023-24,77,1016,463,224,63,0.45570866141732286,0.28125,0.4867125984251969,0.2204724409448819,2.909090909090909,Toronto Raptors
Scottie Barnes,2024,2024-25,60,942,447,296,101,0.4745222929936306,0.34121621621621623,0.528131634819533,0.31422505307855625,4.933333333333334,Toronto Raptors
Sean Kilpatrick,2015,2015-16,4,20,7,13,4,0.35,0.3076923076923077,0.45,0.65,3.25,Minnesota Timberwolves
Sean Kilpatrick,2016,2016-17,29,270,123,114,39,0.45555555555555555,0.34210526315789475,0.5277777777777778,0.4222222222222222,3.9310344827586206,Brooklyn Nets
Sean Kilpatrick,2017,2017-18,70,735,305,308,105,0.41496598639455784,0.3409090909090909,0.48639455782312924,0.41904761904761906,4.4,Brooklyn Nets
Sean Kilpatrick,2018,2018-19,47,294,110,144,46,0.3741496598639456,0.3194444444444444,0.4523809523809524,0.4897959183673469,3.0638297872340425,Chicago Bulls
Serge Ibaka,2013,2013-14,80,778,446,57,20,0.5732647814910026,0.3508771929824561,0.5861182519280206,0.07326478149100257,0.7125,Oklahoma City Thunder
Serge Ibaka,2014,2014-15,81,978,524,60,23,0.5357873210633947,0.38333333333333336,0.5475460122699386,0.06134969325153374,0.7407407407407407,Oklahoma City Thunder
Serge Ibaka,2015,2015-16,64,786,374,205,77,0.4758269720101781,0.375609756097561,0.5248091603053435,0.2608142493638677,3.203125,Oklahoma City Thunder
Serge Ibaka,2016,2016-17,78,869,416,184,60,0.47871116225546606,0.32608695652173914,0.5132336018411968,0.21173762945914845,2.358974358974359,Oklahoma City Thunder
Serge Ibaka,2017,2017-18,79,982,471,317,124,0.47963340122199594,0.3911671924290221,0.5427698574338086,0.3228105906313646,4.012658227848101,Orlando Magic
Serge Ibaka,2018,2018-19,76,784,379,297,107,0.48341836734693877,0.3602693602693603,0.5516581632653061,0.3788265306122449,3.9078947368421053,Toronto Raptors
Serge Ibaka,2019,2019-20,74,877,464,169,49,0.5290763968072976,0.28994082840236685,0.557012542759407,0.19270239452679588,2.2837837837837838,Toronto Raptors
Serge Ibaka,2020,2020-21,55,670,343,182,70,0.5119402985074627,0.38461538461538464,0.564179104477612,0.2716417910447761,3.309090909090909,Toronto Raptors
Serge Ibaka,2021,2021-22,41,365,186,115,39,0.5095890410958904,0.3391304347826087,0.563013698630137,0.3150684931506849,2.8048780487804876,Los Angeles Clippers
Serge Ibaka,2022,2022-23,53,296,148,99,37,0.5,0.37373737373737376,0.5625,0.3344594594594595,1.8679245283018868,Los Angeles Clippers
Serge Ibaka,2023,2023-24,16,54,26,18,6,0.48148148148148145,0.3333333333333333,0.5370370370370371,0.3333333333333333,1.125,Milwaukee Bucks
Seth Curry,2014,2014-15,1,3,1,1,1,0.3333333333333333,1,0.5,0.3333333333333333,1,Cleveland Cavaliers
Seth Curry,2015,2015-16,2,3,0,1,0,0,0,0,0.3333333333333333,0.5,Phoenix Suns
Seth Curry,2016,2016-17,43,224,102,111,50,0.45535714285714285,0.45045045045045046,0.5669642857142857,0.4955357142857143,2.5813953488372094,Sacramento Kings
Seth Curry,2017,2017-18,70,703,338,322,137,0.48079658605974396,0.4254658385093168,0.5782361308677099,0.45803698435277385,4.6,Dallas Mavericks
Seth Curry,2019,2019-20,73,465,212,251,113,0.4559139784946237,0.450199203187251,0.5774193548387097,0.5397849462365591,3.4383561643835616,Portland Trail Blazers
Seth Curry,2020,2020-21,63,574,284,321,145,0.49477351916376305,0.4517133956386293,0.6210801393728222,0.5592334494773519,5.095238095238095,Dallas Mavericks
Seth Curry,2021,2021-22,57,552,258,280,126,0.4673913043478261,0.45,0.5815217391304348,0.5072463768115942,4.912280701754386,Philadelphia 76ers
Seth Curry,2022,2022-23,64,739,360,374,158,0.4871447902571042,0.42245989304812837,0.5940460081190798,0.5060893098782138,5.84375,Philadelphia 76ers
Seth Curry,2023,2023-24,60,449,208,232,94,0.46325167037861914,0.4051724137931034,0.5679287305122495,0.5167037861915368,3.8666666666666667,Brooklyn Nets
Seth Curry,2024,2024-25,38,204,80,108,38,0.39215686274509803,0.35185185185185186,0.4852941176470588,0.5294117647058824,2.8421052631578947,Dallas Mavericks
Shabazz Muhammad,2014,2014-15,34,124,57,11,3,0.4596774193548387,0.2727272727272727,0.4717741935483871,0.08870967741935484,0.3235294117647059,Minnesota Timberwolves
Shabazz Muhammad,2015,2015-16,37,397,194,51,20,0.48866498740554154,0.39215686274509803,0.5138539042821159,0.12846347607052896,1.3783783783783783,Minnesota Timberwolves
Shabazz Muhammad,2016,2016-17,82,681,317,152,44,0.4654919236417034,0.2894736842105263,0.4977973568281938,0.22320117474302498,1.853658536585366,Minnesota Timberwolves
Shabazz Muhammad,2017,2017-18,78,598,288,145,49,0.4816053511705686,0.33793103448275863,0.5225752508361204,0.24247491638795987,1.858974358974359,Minnesota Timberwolves
Shabazz Muhammad,2018,2018-19,41,188,84,27,7,0.44680851063829785,0.25925925925925924,0.4654255319148936,0.14361702127659576,0.6585365853658537,Minnesota Timberwolves
Shabazz Napier,2015,2015-16,46,228,87,118,43,0.3815789473684211,0.3644067796610169,0.4758771929824561,0.5175438596491229,2.5652173913043477,Miami Heat
Shabazz Napier,2016,2016-17,51,201,68,104,34,0.3383084577114428,0.3269230769230769,0.4228855721393035,0.5174129353233831,2.0392156862745097,Orlando Magic
Shabazz Napier,2017,2017-18,42,183,73,92,34,0.3989071038251366,0.3695652173913043,0.4918032786885246,0.5027322404371585,2.1904761904761907,Portland Trail Blazers
Shabazz Napier,2018,2018-19,73,531,223,218,82,0.4199623352165725,0.3761467889908257,0.4971751412429379,0.4105461393596987,2.9863013698630136,Portland Trail Blazers
Shabazz Napier,2019,2019-20,52,435,169,228,76,0.38850574712643676,0.3333333333333333,0.47586206896551725,0.5241379310344828,4.384615384615385,Brooklyn Nets
Shabazz Napier,2020,2020-21,56,456,188,240,76,0.41228070175438597,0.31666666666666665,0.4956140350877193,0.5263157894736842,4.285714285714286,Minnesota Timberwolves
Shaedon Sharpe,2023,2023-24,78,648,306,283,102,0.4722222222222222,0.36042402826855124,0.5509259259259259,0.4367283950617284,3.628205128205128,Portland Trail Blazers
Shaedon Sharpe,2024,2024-25,32,434,176,180,60,0.4055299539170507,0.3333333333333333,0.47465437788018433,0.4147465437788018,5.625,Portland Trail Blazers
Shai Gilgeous-Alexander,2019,2019-20,82,716,341,139,51,0.4762569832402235,0.3669064748201439,0.5118715083798883,0.1941340782122905,1.6951219512195121,LA Clippers
Shai Gilgeous-Alexander,2020,2020-21,70,1015,478,251,87,0.470935960591133,0.3466135458167331,0.5137931034482759,0.24729064039408866,3.585714285714286,Oklahoma City Thunder
Shai Gilgeous-Alexander,2021,2021-22,35,565,287,170,71,0.5079646017699115,0.4176470588235294,0.5707964601769911,0.3008849557522124,4.857142857142857,Oklahoma City Thunder
Shai Gilgeous-Alexander,2022,2022-23,56,1052,477,297,89,0.4534220532319392,0.2996632996632997,0.49572243346007605,0.282319391634981,5.303571428571429,Oklahoma City Thunder
Shai Gilgeous-Alexander,2023,2023-24,68,1381,704,168,58,0.5097755249818972,0.34523809523809523,0.5307748008689356,0.1216509775524982,2.4705882352941178,Oklahoma City Thunder
Shai Gilgeous-Alexander,2024,2024-25,75,1487,796,269,95,0.535305985205111,0.35315985130111527,0.5672494956287828,0.1809011432414257,3.5866666666666664,Oklahoma City Thunder
Shake Milton,2019,2019-20,18,87,34,44,14,0.39080459770114945,0.3181818181818182,0.47126436781609193,0.5057471264367817,2.4444444444444446,Philadelphia 76ers
Shake Milton,2020,2020-21,38,277,134,135,58,0.48375451263537905,0.42962962962962964,0.5884476534296029,0.48736462093862815,3.5526315789473686,Philadelphia 76ers
Shake Milton,2021,2021-22,63,667,300,203,71,0.4497751124437781,0.3497536945812808,0.5029985007496252,0.30434782608695654,3.2222222222222223,Philadelphia 76ers
Shake Milton,2022,2022-23,52,403,173,133,43,0.4292803970223325,0.3233082706766917,0.4826302729528536,0.33002481389578164,2.5576923076923075,Philadelphia 76ers
Shake Milton,2023,2023-24,74,503,241,148,56,0.47912524850894633,0.3783783783783784,0.5347912524850894,0.294234592445328,2,Philadelphia 76ers
Shake Milton,2024,2024-25,42,195,79,64,18,0.40512820512820513,0.28125,0.4512820512820513,0.3282051282051282,1.5238095238095237,Minnesota Timberwolves
Shane Larkin,2014,2014-15,39,137,52,38,12,0.3795620437956204,0.3157894736842105,0.4233576642335766,0.2773722627737226,0.9743589743589743,Dallas Mavericks
Shane Larkin,2015,2015-16,75,432,187,116,35,0.43287037037037035,0.3017241379310345,0.47337962962962965,0.26851851851851855,1.5466666666666666,New York Knicks
Shane Larkin,2016,2016-17,78,502,222,108,39,0.44223107569721115,0.3611111111111111,0.4810756972111554,0.2151394422310757,1.3846153846153846,Brooklyn Nets
Shane Larkin,2018,2018-19,48,219,84,86,31,0.3835616438356164,0.36046511627906974,0.454337899543379,0.3926940639269406,1.7916666666666667,Boston Celtics
Shaun Livingston,2013,2013-14,65,346,166,4,0,0.4797687861271676,0,0.4797687861271676,0.011560693641618497,0.06153846153846154,Cleveland Cavaliers
Shaun Livingston,2014,2014-15,76,487,235,6,1,0.48254620123203285,0.16666666666666666,0.48357289527720737,0.012320328542094456,0.07894736842105263,Brooklyn Nets
Shaun Livingston,2015,2015-16,77,396,198,2,0,0.5,0,0.5,0.005050505050505051,0.025974025974025976,Golden State Warriors
Shaun Livingston,2016,2016-17,78,379,203,12,2,0.5356200527704486,0.16666666666666666,0.5382585751978892,0.0316622691292876,0.15384615384615385,Golden State Warriors
Shaun Livingston,2017,2017-18,74,316,173,3,1,0.5474683544303798,0.3333333333333333,0.5490506329113924,0.00949367088607595,0.04054054054054054,Golden State Warriors
Shaun Livingston,2018,2018-19,69,343,172,5,0,0.5014577259475219,0,0.5014577259475219,0.014577259475218658,0.07246376811594203,Golden State Warriors
Shaun Livingston,2019,2019-20,60,210,109,2,0,0.5190476190476191,0,0.5190476190476191,0.009523809523809525,0.03333333333333333,Golden State Warriors
Shawn Marion,2013,2013-14,67,690,355,73,23,0.5144927536231884,0.3150684931506849,0.5311594202898551,0.10579710144927536,1.0895522388059702,Dallas Mavericks
Shawn Marion,2014,2014-15,76,707,340,161,57,0.4809052333804809,0.35403726708074534,0.5212164073550212,0.22772277227722773,2.1184210526315788,Dallas Mavericks
Shawn Marion,2015,2015-16,53,267,119,46,12,0.44569288389513106,0.2608695652173913,0.4681647940074906,0.17228464419475656,0.8679245283018868,Cleveland Cavaliers
Shelvin Mack,2013,2013-14,26,126,58,49,18,0.4603174603174603,0.3673469387755102,0.5317460317460317,0.3888888888888889,1.8846153846153846,Atlanta Hawks
Shelvin Mack,2014,2014-15,71,501,209,184,62,0.4171656686626746,0.33695652173913043,0.47904191616766467,0.36726546906187624,2.591549295774648,Atlanta Hawks
Shelvin Mack,2015,2015-16,51,292,117,127,40,0.4006849315068493,0.31496062992125984,0.4691780821917808,0.4349315068493151,2.4901960784313726,Atlanta Hawks
Shelvin Mack,2016,2016-17,50,415,182,125,39,0.43855421686746987,0.312,0.4855421686746988,0.30120481927710846,2.5,Utah Jazz
Shelvin Mack,2017,2017-18,54,381,170,120,37,0.4461942257217848,0.30833333333333335,0.494750656167979,0.31496062992125984,2.2222222222222223,Utah Jazz
Shelvin Mack,2018,2018-19,65,414,178,139,48,0.42995169082125606,0.34532374100719426,0.48792270531400966,0.3357487922705314,2.1384615384615384,Orlando Magic
Shelvin Mack,2019,2019-20,57,403,163,130,46,0.4044665012406948,0.35384615384615387,0.46153846153846156,0.3225806451612903,2.280701754385965,Memphis Grizzlies
Solomon Hill,2014,2014-15,19,40,17,23,7,0.425,0.30434782608695654,0.5125,0.575,1.2105263157894737,Indiana Pacers
Solomon Hill,2015,2015-16,82,634,251,208,68,0.39589905362776023,0.3269230769230769,0.44952681388012616,0.3280757097791798,2.5365853658536586,Indiana Pacers
Solomon Hill,2016,2016-17,44,208,93,74,24,0.44711538461538464,0.32432432432432434,0.5048076923076923,0.3557692307692308,1.6818181818181819,Indiana Pacers
Solomon Hill,2017,2017-18,80,476,183,268,94,0.38445378151260506,0.35074626865671643,0.4831932773109244,0.5630252100840336,3.35,New Orleans Pelicans
Solomon Hill,2018,2018-19,11,41,11,21,4,0.2682926829268293,0.19047619047619047,0.3170731707317073,0.5121951219512195,1.9090909090909092,New Orleans Pelicans
Solomon Hill,2019,2019-20,39,178,68,101,32,0.38202247191011235,0.31683168316831684,0.47191011235955055,0.5674157303370787,2.58974358974359,New Orleans Pelicans
Solomon Hill,2020,2020-21,57,278,110,171,63,0.39568345323741005,0.3684210526315789,0.5089928057553957,0.6151079136690647,3,Memphis Grizzlies
Solomon Hill,2021,2021-22,69,298,107,212,68,0.35906040268456374,0.32075471698113206,0.47315436241610737,0.7114093959731543,3.072463768115942,Atlanta Hawks
Solomon Hill,2022,2022-23,10,20,3,13,2,0.15,0.15384615384615385,0.2,0.65,1.3,Atlanta Hawks
Spencer Dinwiddie,2015,2015-16,31,169,51,65,12,0.30177514792899407,0.18461538461538463,0.33727810650887574,0.38461538461538464,2.096774193548387,Detroit Pistons
Spencer Dinwiddie,2016,2016-17,11,54,19,10,1,0.35185185185185186,0.1,0.3611111111111111,0.18518518518518517,0.9090909090909091,Detroit Pistons
Spencer Dinwiddie,2017,2017-18,58,302,134,101,38,0.44370860927152317,0.37623762376237624,0.5066225165562914,0.3344370860927152,1.7413793103448276,Brooklyn Nets
Spencer Dinwiddie,2018,2018-19,80,838,324,433,141,0.38663484486873506,0.325635103926097,0.47076372315035797,0.5167064439140812,5.4125,Brooklyn Nets
Spencer Dinwiddie,2019,2019-20,68,828,366,370,124,0.4420289855072464,0.33513513513513515,0.5169082125603864,0.4468599033816425,5.4411764705882355,Brooklyn Nets
Spencer Dinwiddie,2020,2020-21,64,1021,424,400,123,0.4152791380999021,0.3075,0.4755142017629775,0.3917727717923604,6.25,Brooklyn Nets
Spencer Dinwiddie,2021,2021-22,3,16,6,7,2,0.375,0.2857142857142857,0.4375,0.4375,2.3333333333333335,Brooklyn Nets
Spencer Dinwiddie,2022,2022-23,67,735,306,330,112,0.4163265306122449,0.3393939393939394,0.4925170068027211,0.4489795918367347,4.925373134328358,Washington Wizards
Spencer Dinwiddie,2023,2023-24,79,1050,460,490,181,0.4380952380952381,0.3693877551020408,0.5242857142857142,0.4666666666666667,6.2025316455696204,Dallas Mavericks
Spencer Dinwiddie,2024,2024-25,76,640,251,368,124,0.3921875,0.33695652173913043,0.4890625,0.575,4.842105263157895,Brooklyn Nets
Spencer Hawes,2013,2013-14,82,811,376,87,31,0.4636251541307028,0.3563218390804598,0.48273736128236744,0.10727496917385944,1.0609756097560976,Philadelphia 76ers
Spencer Hawes,2014,2014-15,80,883,403,308,128,0.4563986409966025,0.4155844155844156,0.5288788221970555,0.3488108720271801,3.85,Philadelphia 76ers
Spencer Hawes,2015,2015-16,70,415,163,176,55,0.3927710843373494,0.3125,0.45903614457831327,0.42409638554216866,2.5142857142857142,Los Angeles Clippers
Spencer Hawes,2016,2016-17,57,306,124,102,38,0.40522875816993464,0.37254901960784315,0.4673202614379085,0.3333333333333333,1.7894736842105263,Charlotte Hornets
Spencer Hawes,2017,2017-18,49,276,134,80,25,0.4855072463768116,0.3125,0.5307971014492754,0.2898550724637681,1.6326530612244898,Charlotte Hornets
Stanley Johnson,2016,2016-17,73,598,225,203,63,0.3762541806020067,0.3103448275862069,0.4289297658862876,0.3394648829431438,2.780821917808219,Detroit Pistons
Stanley Johnson,2017,2017-18,75,364,128,153,44,0.3516483516483517,0.2875816993464052,0.41208791208791207,0.42032967032967034,2.04,Detroit Pistons
Stanley Johnson,2018,2018-19,69,560,210,234,67,0.375,0.2863247863247863,0.4348214285714286,0.41785714285714287,3.391304347826087,Detroit Pistons
Stanley Johnson,2019,2019-20,64,440,171,215,62,0.3886363636363636,0.28837209302325584,0.4590909090909091,0.48863636363636365,3.359375,Detroit Pistons
Stanley Johnson,2020,2020-21,18,59,22,24,7,0.3728813559322034,0.2916666666666667,0.4322033898305085,0.4067796610169492,1.3333333333333333,Toronto Raptors
Stanley Johnson,2021,2021-22,57,233,89,137,45,0.38197424892703863,0.3284671532846715,0.47854077253218885,0.5879828326180258,2.4035087719298245,Toronto Raptors
Stanley Johnson,2022,2022-23,47,251,117,105,33,0.46613545816733065,0.3142857142857143,0.5318725099601593,0.41832669322709165,2.234042553191489,Los Angeles Lakers
Stanley Johnson,2023,2023-24,30,122,65,40,18,0.5327868852459017,0.45,0.6065573770491803,0.32786885245901637,1.3333333333333333,San Antonio Spurs
Stephen Curry,2013,2013-14,78,1388,626,600,272,0.4510086455331412,0.4533333333333333,0.5489913544668588,0.4322766570605187,7.6923076923076925,Golden State Warriors
Stephen Curry,2014,2014-15,78,1383,652,615,261,0.47143890093998553,0.424390243902439,0.5657989877078814,0.44468546637744033,7.884615384615385,Golden State Warriors
Stephen Curry,2015,2015-16,80,1341,653,646,286,0.48695003728560776,0.44272445820433437,0.5935868754660701,0.4817300521998509,8.075,Golden State Warriors
Stephen Curry,2016,2016-17,79,1596,804,884,401,0.5037593984962406,0.45361990950226244,0.6293859649122807,0.5538847117794486,11.189873417721518,Golden State Warriors
Stephen Curry,2017,2017-18,79,1442,674,788,323,0.46740638002773927,0.4098984771573604,0.5794036061026352,0.5464632454923717,9.974683544303797,Golden State Warriors
Stephen Curry,2018,2018-19,51,864,428,501,212,0.49537037037037035,0.4231536926147705,0.6180555555555556,0.5798611111111112,9.823529411764707,Golden State Warriors
Stephen Curry,2019,2019-20,69,1340,632,810,354,0.4716417910447761,0.43703703703703706,0.6037313432835821,0.6044776119402985,11.73913043478261,Golden State Warriors
Stephen Curry,2020,2020-21,5,82,33,49,12,0.4024390243902439,0.24489795918367346,0.47560975609756095,0.5975609756097561,9.8,Golden State Warriors
Stephen Curry,2021,2021-22,63,1365,658,801,337,0.48205128205128206,0.4207240948813982,0.6054945054945055,0.5868131868131868,12.714285714285714,Golden State Warriors
Stephen Curry,2022,2022-23,64,1224,535,750,285,0.43709150326797386,0.38,0.5535130718954249,0.6127450980392157,11.71875,Golden State Warriors
Stephen Curry,2023,2023-24,56,1133,559,639,273,0.49338040600176525,0.4272300469483568,0.6138570167696381,0.5639894086496028,11.410714285714286,Golden State Warriors
Stephen Curry,2024,2024-25,74,1445,650,876,357,0.44982698961937717,0.4075342465753425,0.5733564013840831,0.6062283737024221,11.837837837837839,Golden State Warriors
Sterling Brown,2018,2018-19,52,205,82,91,32,0.4,0.3516483516483517,0.47804878048780486,0.44390243902439025,1.75,Milwaukee Bucks
Sterling Brown,2019,2019-20,55,312,145,147,53,0.46474358974358976,0.36054421768707484,0.5496794871794872,0.47115384615384615,2.672727272727273,Milwaukee Bucks
Sterling Brown,2020,2020-21,48,256,95,136,44,0.37109375,0.3235294117647059,0.45703125,0.53125,2.8333333333333335,Milwaukee Bucks
Sterling Brown,2021,2021-22,50,335,150,215,91,0.44776119402985076,0.4232558139534884,0.5835820895522388,0.6417910447761194,4.3,Houston Rockets
Sterling Brown,2022,2022-23,45,155,59,92,28,0.38064516129032255,0.30434782608695654,0.47096774193548385,0.5935483870967742,2.0444444444444443,Dallas Mavericks
Sterling Brown,2023,2023-24,2,4,0,2,0,0,0,0,0.5,1,Los Angeles Lakers
Steve Blake,2013,2013-14,45,270,114,171,72,0.4222222222222222,0.42105263157894735,0.5555555555555556,0.6333333333333333,3.8,Los Angeles Lakers
Steve Blake,2014,2014-15,55,353,133,210,79,0.37677053824362605,0.3761904761904762,0.4886685552407932,0.5949008498583569,3.8181818181818183,Los Angeles Lakers
Steve Blake,2015,2015-16,79,326,121,218,76,0.37116564417177916,0.3486238532110092,0.48773006134969327,0.6687116564417178,2.759493670886076,Portland Trail Blazers
Steve Blake,2016,2016-17,58,240,93,151,52,0.3875,0.3443708609271523,0.49583333333333335,0.6291666666666667,2.603448275862069,Detroit Pistons
Steven Adams,2014,2014-15,67,185,93,0,0,0.5027027027027027,NA,0.5027027027027027,0,0,Oklahoma City Thunder
Steven Adams,2015,2015-16,70,399,217,2,0,0.543859649122807,0,0.543859649122807,0.005012531328320802,0.02857142857142857,Oklahoma City Thunder
Steven Adams,2016,2016-17,79,426,261,0,0,0.6126760563380281,NA,0.6126760563380281,0,0,Oklahoma City Thunder
Steven Adams,2017,2017-18,80,655,374,1,0,0.5709923664122137,0,0.5709923664122137,0.0015267175572519084,0.0125,Oklahoma City Thunder
Steven Adams,2018,2018-19,76,712,448,2,0,0.6292134831460674,0,0.6292134831460674,0.0028089887640449437,0.02631578947368421,Oklahoma City Thunder
Steven Adams,2019,2019-20,80,809,481,2,0,0.5945611866501854,0,0.5945611866501854,0.002472187886279357,0.025,Oklahoma City Thunder
Steven Adams,2020,2020-21,63,478,283,3,1,0.5920502092050209,0.3333333333333333,0.5930962343096234,0.006276150627615063,0.047619047619047616,Oklahoma City Thunder
Steven Adams,2021,2021-22,58,308,189,3,0,0.6136363636363636,0,0.6136363636363636,0.00974025974025974,0.05172413793103448,New Orleans Pelicans
Steven Adams,2022,2022-23,76,384,210,1,0,0.546875,0,0.546875,0.0026041666666666665,0.013157894736842105,Memphis Grizzlies
Steven Adams,2023,2023-24,42,263,157,1,0,0.596958174904943,0,0.596958174904943,0.0038022813688212928,0.023809523809523808,Memphis Grizzlies
Svi Mykhailiuk,2019,2019-20,38,140,46,89,29,0.32857142857142857,0.3258426966292135,0.43214285714285716,0.6357142857142857,2.3421052631578947,Los Angeles Lakers
Svi Mykhailiuk,2020,2020-21,55,405,166,285,115,0.40987654320987654,0.40350877192982454,0.5518518518518518,0.7037037037037037,5.181818181818182,Detroit Pistons
Svi Mykhailiuk,2021,2021-22,65,506,208,314,105,0.41106719367588934,0.3343949044585987,0.5148221343873518,0.6205533596837944,4.8307692307692305,Oklahoma City Thunder
Svi Mykhailiuk,2022,2022-23,52,234,91,134,41,0.3888888888888889,0.30597014925373134,0.47649572649572647,0.5726495726495726,2.576923076923077,Toronto Raptors
Svi Mykhailiuk,2023,2023-24,27,173,77,99,42,0.44508670520231214,0.42424242424242425,0.5664739884393064,0.5722543352601156,3.6666666666666665,Charlotte Hornets
Svi Mykhailiuk,2024,2024-25,33,137,57,108,42,0.41605839416058393,0.3888888888888889,0.5693430656934306,0.7883211678832117,3.272727272727273,Boston Celtics
T.J. McConnell,2016,2016-17,79,464,218,89,31,0.4698275862068966,0.34831460674157305,0.5032327586206896,0.19181034482758622,1.1265822784810127,Philadelphia 76ers
T.J. McConnell,2017,2017-18,79,510,235,53,10,0.46078431372549017,0.18867924528301888,0.47058823529411764,0.10392156862745099,0.6708860759493671,Philadelphia 76ers
T.J. McConnell,2018,2018-19,74,421,210,62,27,0.498812351543943,0.43548387096774194,0.5308788598574822,0.14726840855106887,0.8378378378378378,Philadelphia 76ers
T.J. McConnell,2019,2019-20,75,419,220,42,14,0.5250596658711217,0.3333333333333333,0.5417661097852029,0.10023866348448687,0.56,Philadelphia 76ers
T.J. McConnell,2020,2020-21,71,411,212,17,5,0.5158150851581509,0.29411764705882354,0.5218978102189781,0.0413625304136253,0.23943661971830985,Indiana Pacers
T.J. McConnell,2021,2021-22,69,490,274,48,15,0.5591836734693878,0.3125,0.5744897959183674,0.09795918367346938,0.6956521739130435,Indiana Pacers
T.J. McConnell,2022,2022-23,26,208,100,33,10,0.4807692307692308,0.30303030303030304,0.5048076923076923,0.15865384615384615,1.2692307692307692,Indiana Pacers
T.J. McConnell,2023,2023-24,75,521,283,59,26,0.5431861804222649,0.4406779661016949,0.5681381957773513,0.11324376199616124,0.7866666666666666,Indiana Pacers
T.J. McConnell,2024,2024-25,71,593,330,44,18,0.5564924114671164,0.4090909090909091,0.5716694772344013,0.07419898819561552,0.6197183098591549,Indiana Pacers
T.J. Warren,2015,2015-16,37,214,113,21,5,0.5280373831775701,0.23809523809523808,0.5397196261682243,0.09813084112149532,0.5675675675675675,Phoenix Suns
T.J. Warren,2016,2016-17,47,441,221,70,28,0.5011337868480725,0.4,0.5328798185941043,0.15873015873015872,1.4893617021276595,Phoenix Suns
T.J. Warren,2017,2017-18,66,814,403,98,26,0.4950859950859951,0.2653061224489796,0.5110565110565111,0.12039312039312039,1.4848484848484849,Phoenix Suns
T.J. Warren,2018,2018-19,65,1063,529,90,20,0.49764816556914393,0.2222222222222222,0.5070555032925682,0.08466603951081844,1.3846153846153846,Phoenix Suns
T.J. Warren,2019,2019-20,43,611,297,180,77,0.486088379705401,0.42777777777777776,0.5490998363338789,0.2945990180032733,4.186046511627907,Phoenix Suns
T.J. Warren,2020,2020-21,67,997,534,226,91,0.5356068204613842,0.4026548672566372,0.5812437311935807,0.22668004012036108,3.373134328358209,Indiana Pacers
T.J. Warren,2021,2021-22,4,51,27,7,0,0.5294117647058824,0,0.5294117647058824,0.13725490196078433,1.75,Indiana Pacers
T.J. Warren,2023,2023-24,39,270,132,67,22,0.4888888888888889,0.3283582089552239,0.5296296296296297,0.24814814814814815,1.7179487179487178,Brooklyn Nets
T.J. Warren,2024,2024-25,9,41,18,13,2,0.43902439024390244,0.15384615384615385,0.4634146341463415,0.3170731707317073,1.4444444444444444,Minnesota Timberwolves
Taj Gibson,2013,2013-14,65,441,214,4,0,0.4852607709750567,0,0.4852607709750567,0.009070294784580499,0.06153846153846154,Chicago Bulls
Taj Gibson,2014,2014-15,82,896,429,7,0,0.47879464285714285,0,0.47879464285714285,0.0078125,0.08536585365853659,Chicago Bulls
Taj Gibson,2015,2015-16,62,506,254,0,0,0.5019762845849802,NA,0.5019762845849802,0,0,Chicago Bulls
Taj Gibson,2016,2016-17,73,500,263,3,0,0.526,0,0.526,0.006,0.0410958904109589,Chicago Bulls
Taj Gibson,2017,2017-18,78,709,365,13,3,0.5148095909732017,0.23076923076923078,0.5169252468265162,0.018335684062059238,0.16666666666666666,Chicago Bulls
Taj Gibson,2018,2018-19,82,737,425,35,7,0.576662143826323,0.2,0.5814111261872456,0.04748982360922659,0.4268292682926829,Minnesota Timberwolves
Taj Gibson,2019,2019-20,70,537,304,34,11,0.5661080074487895,0.3235294117647059,0.5763500931098696,0.0633147113594041,0.4857142857142857,Minnesota Timberwolves
Taj Gibson,2020,2020-21,61,286,167,14,4,0.583916083916084,0.2857142857142857,0.5909090909090909,0.04895104895104895,0.22950819672131148,New York Knicks
Taj Gibson,2021,2021-22,42,158,99,15,3,0.6265822784810127,0.2,0.6360759493670886,0.0949367088607595,0.35714285714285715,New York Knicks
Taj Gibson,2022,2022-23,46,166,86,38,15,0.5180722891566265,0.39473684210526316,0.5632530120481928,0.2289156626506024,0.8260869565217391,New York Knicks
Taj Gibson,2023,2023-24,43,125,65,24,8,0.52,0.3333333333333333,0.552,0.192,0.5581395348837209,Washington Wizards
Taj Gibson,2024,2024-25,15,37,15,10,2,0.40540540540540543,0.2,0.43243243243243246,0.2702702702702703,0.6666666666666666,New York Knicks
Talen Horton-Tucker,2020,2020-21,5,30,14,13,4,0.4666666666666667,0.3076923076923077,0.5333333333333333,0.43333333333333335,2.6,Los Angeles Lakers
Talen Horton-Tucker,2021,2021-22,65,489,224,131,37,0.45807770961145194,0.2824427480916031,0.49591002044989774,0.26789366053169733,2.0153846153846153,Los Angeles Lakers
Talen Horton-Tucker,2022,2022-23,60,538,224,182,49,0.4163568773234201,0.2692307692307692,0.46189591078066916,0.3382899628252788,3.033333333333333,Los Angeles Lakers
Talen Horton-Tucker,2023,2023-24,64,613,257,203,58,0.4192495921696574,0.2857142857142857,0.466557911908646,0.33115823817292006,3.171875,Utah Jazz
Talen Horton-Tucker,2024,2024-25,51,465,184,182,60,0.3956989247311828,0.32967032967032966,0.46021505376344085,0.3913978494623656,3.5686274509803924,Utah Jazz
Taurean Prince,2017,2017-18,52,285,114,102,33,0.4,0.3235294117647059,0.45789473684210524,0.35789473684210527,1.9615384615384615,Atlanta Hawks
Taurean Prince,2018,2018-19,82,975,415,457,176,0.42564102564102563,0.3851203501094092,0.5158974358974359,0.4687179487179487,5.573170731707317,Atlanta Hawks
Taurean Prince,2019,2019-20,55,594,262,315,123,0.44107744107744107,0.3904761904761905,0.5446127946127947,0.5303030303030303,5.7272727272727275,Atlanta Hawks
Taurean Prince,2020,2020-21,64,739,278,431,146,0.3761840324763194,0.33874709976798145,0.4749661705006766,0.5832205683355887,6.734375,Brooklyn Nets
Taurean Prince,2021,2021-22,41,327,131,155,62,0.40061162079510704,0.4,0.4954128440366973,0.4740061162079511,3.7804878048780486,Cleveland Cavaliers
Taurean Prince,2022,2022-23,68,390,177,229,86,0.45384615384615384,0.37554585152838427,0.5641025641025641,0.5871794871794872,3.3676470588235294,Minnesota Timberwolves
Taurean Prince,2023,2023-24,54,379,177,194,74,0.46701846965699206,0.38144329896907214,0.5646437994722955,0.5118733509234829,3.5925925925925926,Minnesota Timberwolves
Taurean Prince,2024,2024-25,78,572,253,356,141,0.4423076923076923,0.3960674157303371,0.5655594405594405,0.6223776223776224,4.564102564102564,Los Angeles Lakers
Tayshaun Prince,2013,2013-14,82,820,359,94,38,0.4378048780487805,0.40425531914893614,0.4609756097560976,0.11463414634146342,1.146341463414634,Detroit Pistons
Tayshaun Prince,2014,2014-15,75,492,200,69,20,0.4065040650406504,0.2898550724637681,0.4268292682926829,0.1402439024390244,0.92,Memphis Grizzlies
Tayshaun Prince,2015,2015-16,58,402,177,67,31,0.44029850746268656,0.4626865671641791,0.47885572139303484,0.16666666666666666,1.1551724137931034,Memphis Grizzlies
Tayshaun Prince,2016,2016-17,72,229,102,23,4,0.44541484716157204,0.17391304347826086,0.45414847161572053,0.10043668122270742,0.3194444444444444,Minnesota Timberwolves
Terance Mann,2020,2020-21,23,79,37,20,7,0.46835443037974683,0.35,0.5126582278481012,0.25316455696202533,0.8695652173913043,Los Angeles Clippers
Terance Mann,2021,2021-22,62,350,178,91,38,0.5085714285714286,0.4175824175824176,0.5628571428571428,0.26,1.467741935483871,Los Angeles Clippers
Terance Mann,2022,2022-23,81,690,334,208,76,0.48405797101449277,0.36538461538461536,0.5391304347826087,0.30144927536231886,2.567901234567901,Los Angeles Clippers
Terance Mann,2023,2023-24,79,524,272,198,77,0.5190839694656488,0.3888888888888889,0.5925572519083969,0.37786259541984735,2.5063291139240507,LA Clippers
Terance Mann,2024,2024-25,75,493,254,204,71,0.5152129817444219,0.3480392156862745,0.5872210953346856,0.41379310344827586,2.72,LA Clippers
Terence Davis,2020,2020-21,69,436,199,242,94,0.45642201834862384,0.3884297520661157,0.5642201834862385,0.555045871559633,3.5072463768115942,Toronto Raptors
Terence Davis,2021,2021-22,58,456,195,267,98,0.4276315789473684,0.36704119850187267,0.5350877192982456,0.5855263157894737,4.603448275862069,Sacramento Kings
Terence Davis,2022,2022-23,30,267,113,149,49,0.4232209737827715,0.3288590604026846,0.5149812734082397,0.5580524344569289,4.966666666666667,Sacramento Kings
Terence Davis,2023,2023-24,63,364,154,243,89,0.4230769230769231,0.3662551440329218,0.5453296703296703,0.6675824175824175,3.857142857142857,Sacramento Kings
Terrence Jones,2013,2013-14,15,94,43,19,5,0.4574468085106383,0.2631578947368421,0.48404255319148937,0.20212765957446807,1.2666666666666666,Houston Rockets
Terrence Jones,2014,2014-15,75,712,386,101,31,0.5421348314606742,0.3069306930693069,0.5639044943820225,0.14185393258426968,1.3466666666666667,Houston Rockets
Terrence Jones,2015,2015-16,33,299,158,37,13,0.5284280936454849,0.35135135135135137,0.5501672240802675,0.12374581939799331,1.121212121212121,Houston Rockets
Terrence Jones,2016,2016-17,48,366,165,78,24,0.45081967213114754,0.3076923076923077,0.48360655737704916,0.21311475409836064,1.625,Houston Rockets
Terrence Jones,2017,2017-18,54,492,231,75,19,0.4695121951219512,0.25333333333333335,0.4888211382113821,0.1524390243902439,1.3888888888888888,New Orleans Pelicans
Terrence Jones,2019,2019-20,2,4,1,2,0,0.25,0,0.25,0.5,1,Houston Rockets
Terrence Ross,2013,2013-14,70,456,186,195,65,0.40789473684210525,0.3333333333333333,0.4791666666666667,0.4276315789473684,2.7857142857142856,Toronto Raptors
Terrence Ross,2014,2014-15,81,750,318,407,161,0.424,0.3955773955773956,0.5313333333333333,0.5426666666666666,5.0246913580246915,Toronto Raptors
Terrence Ross,2015,2015-16,82,752,309,389,145,0.4109042553191489,0.37275064267352187,0.507313829787234,0.5172872340425532,4.7439024390243905,Toronto Raptors
Terrence Ross,2016,2016-17,73,623,270,336,131,0.4333868378812199,0.3898809523809524,0.5385232744783307,0.5393258426966292,4.602739726027397,Toronto Raptors
Terrence Ross,2017,2017-18,78,746,326,391,142,0.43699731903485256,0.3631713554987212,0.532171581769437,0.5241286863270778,5.012820512820513,Toronto Raptors
Terrence Ross,2018,2018-19,24,191,76,93,30,0.39790575916230364,0.3225806451612903,0.47643979057591623,0.4869109947643979,3.875,Orlando Magic
Terrence Ross,2019,2019-20,81,1027,440,566,217,0.42843232716650437,0.3833922261484099,0.5340798442064265,0.5511197663096398,6.987654320987654,Orlando Magic
Terrence Ross,2020,2020-21,69,846,341,504,177,0.4030732860520095,0.35119047619047616,0.5076832151300237,0.5957446808510638,7.304347826086956,Orlando Magic
Terrence Ross,2021,2021-22,46,616,254,264,89,0.41233766233766234,0.3371212121212121,0.48457792207792205,0.42857142857142855,5.739130434782608,Orlando Magic
Terrence Ross,2022,2022-23,62,554,220,264,77,0.3971119133574007,0.2916666666666667,0.4666064981949459,0.47653429602888087,4.258064516129032,Orlando Magic
Terrence Ross,2023,2023-24,61,465,200,258,95,0.43010752688172044,0.3682170542635659,0.532258064516129,0.5548387096774193,4.229508196721311,Orlando Magic
Terry Rozier,2016,2016-17,34,106,29,27,6,0.27358490566037735,0.2222222222222222,0.3018867924528302,0.25471698113207547,0.7941176470588235,Boston Celtics
Terry Rozier,2017,2017-18,73,409,150,177,56,0.36674816625916873,0.3163841807909605,0.4352078239608802,0.43276283618581907,2.4246575342465753,Boston Celtics
Terry Rozier,2018,2018-19,80,800,316,402,153,0.395,0.3805970149253731,0.490625,0.5025,5.025,Boston Celtics
Terry Rozier,2019,2019-20,79,666,258,337,119,0.38738738738738737,0.35311572700296734,0.4767267267267267,0.506006006006006,4.265822784810126,Boston Celtics
Terry Rozier,2020,2020-21,63,941,398,423,172,0.42295430393198724,0.4066193853427896,0.5143464399574921,0.4495217853347503,6.714285714285714,Charlotte Hornets
Terry Rozier,2021,2021-22,69,1134,510,571,222,0.4497354497354497,0.38879159369527144,0.5476190476190477,0.5035273368606702,8.27536231884058,Charlotte Hornets
Terry Rozier,2022,2022-23,73,1167,518,593,222,0.4438731790916881,0.37436762225969644,0.5389888603256212,0.508140531276778,8.123287671232877,Charlotte Hornets
Terry Rozier,2023,2023-24,63,1188,493,505,165,0.414983164983165,0.32673267326732675,0.48442760942760943,0.42508417508417506,8.015873015873016,Charlotte Hornets
Terry Rozier,2024,2024-25,61,998,442,410,149,0.44288577154308617,0.36341463414634145,0.5175350701402806,0.41082164328657317,6.721311475409836,Charlotte Hornets
Thabo Sefolosha,2013,2013-14,81,466,224,258,108,0.48068669527896996,0.4186046511627907,0.5965665236051502,0.5536480686695279,3.185185185185185,Oklahoma City Thunder
Thabo Sefolosha,2014,2014-15,61,340,141,152,48,0.4147058823529412,0.3157894736842105,0.4852941176470588,0.4470588235294118,2.4918032786885247,Oklahoma City Thunder
Thabo Sefolosha,2015,2015-16,51,249,104,78,25,0.41767068273092367,0.32051282051282054,0.4678714859437751,0.3132530120481928,1.5294117647058822,Atlanta Hawks
Thabo Sefolosha,2016,2016-17,73,371,188,123,42,0.5067385444743935,0.34146341463414637,0.5633423180592992,0.33153638814016173,1.6849315068493151,Atlanta Hawks
Thabo Sefolosha,2017,2017-18,61,395,174,120,41,0.44050632911392407,0.3416666666666667,0.49240506329113926,0.3037974683544304,1.9672131147540983,Atlanta Hawks
Thabo Sefolosha,2018,2018-19,38,240,118,84,32,0.49166666666666664,0.38095238095238093,0.5583333333333333,0.35,2.210526315789474,Utah Jazz
Thabo Sefolosha,2019,2019-20,48,149,71,78,34,0.47651006711409394,0.4358974358974359,0.5906040268456376,0.5234899328859061,1.625,Utah Jazz
Thabo Sefolosha,2020,2020-21,31,91,37,54,15,0.4065934065934066,0.2777777777777778,0.489010989010989,0.5934065934065934,1.7419354838709677,Houston Rockets
Thaddeus Young,2013,2013-14,76,958,509,8,1,0.5313152400835073,0.125,0.5318371607515657,0.008350730688935281,0.10526315789473684,Philadelphia 76ers
Thaddeus Young,2014,2014-15,79,1283,582,292,90,0.45362431800467656,0.3082191780821918,0.4886983632112237,0.22759158222915044,3.6962025316455698,Philadelphia 76ers
Thaddeus Young,2015,2015-16,76,968,451,115,38,0.4659090909090909,0.33043478260869563,0.4855371900826446,0.11880165289256199,1.513157894736842,Minnesota Timberwolves
Thaddeus Young,2016,2016-17,73,963,495,30,7,0.514018691588785,0.23333333333333334,0.5176531671858775,0.03115264797507788,0.410958904109589,Brooklyn Nets
Thaddeus Young,2017,2017-18,74,687,362,118,45,0.5269286754002911,0.3813559322033898,0.5596797671033479,0.1717612809315866,1.5945945945945945,Indiana Pacers
Thaddeus Young,2018,2018-19,81,864,421,181,58,0.48726851851851855,0.32044198895027626,0.5208333333333334,0.20949074074074073,2.234567901234568,Indiana Pacers
Thaddeus Young,2019,2019-20,81,841,443,146,51,0.5267538644470868,0.3493150684931507,0.5570749108204518,0.17360285374554102,1.8024691358024691,Indiana Pacers
Thaddeus Young,2020,2020-21,64,601,269,222,79,0.4475873544093178,0.35585585585585583,0.5133111480865225,0.36938435940099834,3.46875,Chicago Bulls
Thaddeus Young,2021,2021-22,68,662,370,45,12,0.5589123867069486,0.26666666666666666,0.56797583081571,0.06797583081570997,0.6617647058823529,Chicago Bulls
Thaddeus Young,2022,2022-23,50,272,141,48,17,0.5183823529411765,0.3541666666666667,0.5496323529411765,0.17647058823529413,0.96,Toronto Raptors
Thaddeus Young,2023,2023-24,49,198,108,34,6,0.5454545454545454,0.17647058823529413,0.5606060606060606,0.1717171717171717,0.6938775510204082,Toronto Raptors
Thaddeus Young,2024,2024-25,29,108,65,7,1,0.6018518518518519,0.14285714285714285,0.6064814814814815,0.06481481481481481,0.2413793103448276,Toronto Raptors
Theo Maledon,2021,2021-22,65,614,226,313,105,0.36807817589576547,0.3354632587859425,0.4535830618892508,0.509771986970684,4.815384615384615,Oklahoma City Thunder
Theo Maledon,2022,2022-23,49,317,119,150,44,0.3753943217665615,0.29333333333333333,0.444794952681388,0.47318611987381703,3.061224489795918,Oklahoma City Thunder
Theo Maledon,2023,2023-24,41,254,102,95,28,0.4015748031496063,0.29473684210526313,0.4566929133858268,0.37401574803149606,2.317073170731707,Charlotte Hornets
Theo Maledon,2024,2024-25,14,70,20,30,5,0.2857142857142857,0.16666666666666666,0.32142857142857145,0.42857142857142855,2.142857142857143,Charlotte Hornets
Thomas Bryant,2018,2018-19,10,21,8,10,1,0.38095238095238093,0.1,0.40476190476190477,0.47619047619047616,1,Los Angeles Lakers
Thomas Bryant,2019,2019-20,69,502,309,99,33,0.6155378486055777,0.3333333333333333,0.648406374501992,0.19721115537848605,1.434782608695652,Washington Wizards
Thomas Bryant,2020,2020-21,46,418,243,91,37,0.5813397129186603,0.4065934065934066,0.6255980861244019,0.21770334928229665,1.9782608695652173,Washington Wizards
Thomas Bryant,2021,2021-22,9,91,59,21,9,0.6483516483516484,0.42857142857142855,0.6978021978021978,0.23076923076923078,2.3333333333333335,Washington Wizards
Thomas Bryant,2022,2022-23,27,148,77,42,12,0.5202702702702703,0.2857142857142857,0.5608108108108109,0.28378378378378377,1.5555555555555556,Washington Wizards
Thomas Bryant,2023,2023-24,59,369,230,59,26,0.6233062330623306,0.4406779661016949,0.6585365853658537,0.15989159891598917,1,Los Angeles Lakers
Thomas Bryant,2024,2024-25,32,149,86,22,4,0.5771812080536913,0.18181818181818182,0.5906040268456376,0.1476510067114094,0.6875,Miami Heat
Thomas Robinson,2013,2013-14,69,321,138,1,0,0.42990654205607476,0,0.42990654205607476,0.003115264797507788,0.014492753623188406,Sacramento Kings
Thomas Robinson,2014,2014-15,66,293,141,1,0,0.4812286689419795,0,0.4812286689419795,0.0034129692832764505,0.015151515151515152,Portland Trail Blazers
Thomas Robinson,2015,2015-16,51,260,126,2,0,0.4846153846153846,0,0.4846153846153846,0.007692307692307693,0.0392156862745098,Philadelphia 76ers
Thomas Robinson,2016,2016-17,64,291,130,1,0,0.44673539518900346,0,0.44673539518900346,0.003436426116838488,0.015625,Brooklyn Nets
Thomas Robinson,2017,2017-18,43,196,105,1,0,0.5357142857142857,0,0.5357142857142857,0.00510204081632653,0.023255813953488372,Los Angeles Lakers
Tiago Splitter,2013,2013-14,81,563,315,2,0,0.5595026642984015,0,0.5595026642984015,0.003552397868561279,0.024691358024691357,San Antonio Spurs
Tiago Splitter,2014,2014-15,59,346,181,3,0,0.523121387283237,0,0.523121387283237,0.008670520231213872,0.05084745762711865,San Antonio Spurs
Tiago Splitter,2015,2015-16,52,303,169,0,0,0.5577557755775577,NA,0.5577557755775577,0,0,San Antonio Spurs
Tiago Splitter,2016,2016-17,36,155,81,2,0,0.5225806451612903,0,0.5225806451612903,0.012903225806451613,0.05555555555555555,Atlanta Hawks
Tiago Splitter,2017,2017-18,8,31,14,6,2,0.45161290322580644,0.3333333333333333,0.4838709677419355,0.1935483870967742,0.75,Philadelphia 76ers
Tim Duncan,2013,2013-14,69,976,490,7,2,0.5020491803278688,0.2857142857142857,0.5030737704918032,0.007172131147540984,0.10144927536231885,San Antonio Spurs
Tim Duncan,2014,2014-15,74,906,444,5,0,0.4900662251655629,0,0.4900662251655629,0.005518763796909493,0.06756756756756757,San Antonio Spurs
Tim Duncan,2015,2015-16,77,819,419,7,2,0.5115995115995116,0.2857142857142857,0.5128205128205128,0.008547008547008548,0.09090909090909091,San Antonio Spurs
Tim Duncan,2016,2016-17,61,441,215,2,0,0.4875283446712018,0,0.4875283446712018,0.0045351473922902496,0.03278688524590164,San Antonio Spurs
Tim Frazier,2015,2015-16,11,61,21,17,5,0.3442622950819672,0.29411764705882354,0.38524590163934425,0.2786885245901639,1.5454545454545454,Philadelphia 76ers
Tim Frazier,2016,2016-17,37,229,96,48,16,0.4192139737991266,0.3333333333333333,0.45414847161572053,0.2096069868995633,1.2972972972972974,New Orleans Pelicans
Tim Frazier,2017,2017-18,63,404,163,128,40,0.4034653465346535,0.3125,0.452970297029703,0.31683168316831684,2.0317460317460316,New Orleans Pelicans
Tim Frazier,2018,2018-19,53,172,68,56,17,0.3953488372093023,0.30357142857142855,0.44476744186046513,0.32558139534883723,1.0566037735849056,Washington Wizards
Tim Frazier,2019,2019-20,57,261,116,101,37,0.4444444444444444,0.36633663366336633,0.5153256704980843,0.38697318007662834,1.7719298245614035,New Orleans Pelicans
Tim Frazier,2020,2020-21,26,94,34,30,10,0.3617021276595745,0.3333333333333333,0.4148936170212766,0.3191489361702128,1.1538461538461537,Detroit Pistons
Tim Frazier,2021,2021-22,5,20,3,8,0,0.15,0,0.15,0.4,1.6,Memphis Grizzlies
Tim Frazier,2022,2022-23,12,45,14,17,6,0.3111111111111111,0.35294117647058826,0.37777777777777777,0.37777777777777777,1.4166666666666667,Orlando Magic
Tim Hardaway Jr.,2014,2014-15,81,687,294,358,130,0.4279475982532751,0.36312849162011174,0.5225618631732168,0.5211062590975255,4.419753086419753,New York Knicks
Tim Hardaway Jr.,2015,2015-16,69,717,279,354,121,0.3891213389121339,0.3418079096045198,0.4735006973500697,0.49372384937238495,5.130434782608695,New York Knicks
Tim Hardaway Jr.,2016,2016-17,51,265,114,143,48,0.43018867924528303,0.3356643356643357,0.5207547169811321,0.539622641509434,2.803921568627451,Atlanta Hawks
Tim Hardaway Jr.,2017,2017-18,79,912,415,417,149,0.4550438596491228,0.35731414868105515,0.5367324561403509,0.45723684210526316,5.2784810126582276,Atlanta Hawks
Tim Hardaway Jr.,2018,2018-19,57,856,360,410,130,0.4205607476635514,0.3170731707317073,0.49649532710280375,0.47897196261682246,7.192982456140351,New York Knicks
Tim Hardaway Jr.,2019,2019-20,65,993,390,477,162,0.39274924471299094,0.33962264150943394,0.4743202416918429,0.48036253776435045,7.338461538461538,New York Knicks
Tim Hardaway Jr.,2020,2020-21,71,884,384,513,204,0.4343891402714932,0.39766081871345027,0.5497737556561086,0.580316742081448,7.225352112676056,Dallas Mavericks
Tim Hardaway Jr.,2021,2021-22,70,911,407,529,207,0.446761800219539,0.391304347826087,0.5603732162458837,0.5806805708013172,7.557142857142857,Dallas Mavericks
Tim Hardaway Jr.,2022,2022-23,42,530,209,304,102,0.39433962264150946,0.3355263157894737,0.49056603773584906,0.5735849056603773,7.238095238095238,Dallas Mavericks
Tim Hardaway Jr.,2023,2023-24,71,847,340,550,212,0.4014167650531287,0.38545454545454544,0.526564344746163,0.6493506493506493,7.746478873239437,Dallas Mavericks
Tim Hardaway Jr.,2024,2024-25,79,976,392,597,211,0.4016393442622951,0.35343383584589616,0.5097336065573771,0.6116803278688525,7.556962025316456,Dallas Mavericks
Timofey Mozgov,2013,2013-14,27,87,44,2,0,0.5057471264367817,0,0.5057471264367817,0.022988505747126436,0.07407407407407407,Denver Nuggets
Timofey Mozgov,2014,2014-15,81,545,285,24,4,0.5229357798165137,0.16666666666666666,0.5266055045871559,0.044036697247706424,0.2962962962962963,Denver Nuggets
Timofey Mozgov,2015,2015-16,81,566,314,6,2,0.5547703180212014,0.3333333333333333,0.5565371024734982,0.01060070671378092,0.07407407407407407,Cleveland Cavaliers
Timofey Mozgov,2016,2016-17,72,359,203,7,1,0.5654596100278552,0.14285714285714285,0.5668523676880223,0.019498607242339833,0.09722222222222222,Cleveland Cavaliers
Timofey Mozgov,2017,2017-18,54,328,169,1,0,0.5152439024390244,0,0.5152439024390244,0.003048780487804878,0.018518518518518517,Los Angeles Lakers
Timofey Mozgov,2018,2018-19,29,93,52,18,4,0.5591397849462365,0.2222222222222222,0.5806451612903226,0.1935483870967742,0.6206896551724138,Brooklyn Nets
Timothe Luwawu-Cabarrot,2017,2017-18,66,359,145,159,50,0.403899721448468,0.31446540880503143,0.4735376044568245,0.4428969359331476,2.409090909090909,Philadelphia 76ers
Timothe Luwawu-Cabarrot,2018,2018-19,48,267,100,158,53,0.37453183520599254,0.33544303797468356,0.4737827715355805,0.5917602996254682,3.2916666666666665,Philadelphia 76ers
Timothe Luwawu-Cabarrot,2019,2019-20,42,218,82,116,36,0.3761467889908257,0.3103448275862069,0.45871559633027525,0.5321100917431193,2.761904761904762,Chicago Bulls
Timothe Luwawu-Cabarrot,2020,2020-21,45,269,117,160,62,0.4349442379182156,0.3875,0.550185873605948,0.5947955390334573,3.5555555555555554,Brooklyn Nets
Timothe Luwawu-Cabarrot,2021,2021-22,56,356,130,239,75,0.3651685393258427,0.3138075313807531,0.4705056179775281,0.6713483146067416,4.267857142857143,Brooklyn Nets
Timothe Luwawu-Cabarrot,2022,2022-23,42,186,74,122,44,0.3978494623655914,0.36065573770491804,0.5161290322580645,0.6559139784946236,2.9047619047619047,Atlanta Hawks
Tobias Harris,2013,2013-14,50,512,233,108,34,0.455078125,0.3148148148148148,0.48828125,0.2109375,2.16,Orlando Magic
Tobias Harris,2014,2014-15,61,716,332,126,32,0.46368715083798884,0.25396825396825395,0.4860335195530726,0.17597765363128492,2.0655737704918034,Orlando Magic
Tobias Harris,2015,2015-16,68,949,442,239,87,0.4657534246575342,0.36401673640167365,0.5115911485774499,0.2518440463645943,3.514705882352941,Orlando Magic
Tobias Harris,2016,2016-17,76,889,417,239,80,0.46906636670416196,0.33472803347280333,0.5140607424071991,0.2688413948256468,3.1447368421052633,Orlando Magic
Tobias Harris,2017,2017-18,82,1062,511,313,109,0.4811676082862524,0.34824281150159747,0.5324858757062146,0.2947269303201507,3.817073170731707,Detroit Pistons
Tobias Harris,2018,2018-19,80,1221,562,445,183,0.46027846027846026,0.41123595505617977,0.5352170352170352,0.36445536445536447,5.5625,Detroit Pistons
Tobias Harris,2019,2019-20,82,1254,611,393,156,0.48724082934609253,0.3969465648854962,0.5494417862838915,0.3133971291866029,4.7926829268292686,LA Clippers
Tobias Harris,2020,2020-21,72,1173,553,357,131,0.47144075021312876,0.36694677871148457,0.5272804774083546,0.30434782608695654,4.958333333333333,Philadelphia 76ers
Tobias Harris,2021,2021-22,62,924,473,208,82,0.5119047619047619,0.3942307692307692,0.5562770562770563,0.22510822510822512,3.3548387096774195,Philadelphia 76ers
Tobias Harris,2022,2022-23,73,1022,493,275,101,0.48238747553816047,0.36727272727272725,0.5318003913894325,0.2690802348336595,3.767123287671233,Philadelphia 76ers
Tobias Harris,2023,2023-24,74,845,423,324,126,0.5005917159763313,0.3888888888888889,0.5751479289940828,0.3834319526627219,4.378378378378378,Philadelphia 76ers
Tobias Harris,2024,2024-25,70,951,463,258,91,0.4868559411146162,0.35271317829457366,0.5347003154574133,0.27129337539432175,3.6857142857142855,Philadelphia 76ers
Tomas Satoransky,2017,2017-18,50,147,61,37,9,0.41496598639455784,0.24324324324324326,0.445578231292517,0.25170068027210885,0.74,Washington Wizards
Tomas Satoransky,2018,2018-19,72,384,201,101,47,0.5234375,0.46534653465346537,0.5846354166666666,0.2630208333333333,1.4027777777777777,Washington Wizards
Tomas Satoransky,2019,2019-20,80,530,257,162,64,0.4849056603773585,0.3950617283950617,0.5452830188679245,0.30566037735849055,2.025,Washington Wizards
Tomas Satoransky,2020,2020-21,65,551,237,199,64,0.4301270417422868,0.32160804020100503,0.4882032667876588,0.36116152450090744,3.0615384615384613,Chicago Bulls
Tomas Satoransky,2021,2021-22,58,329,169,118,42,0.513677811550152,0.3559322033898305,0.5775075987841946,0.3586626139817629,2.0344827586206895,Chicago Bulls
Tomas Satoransky,2022,2022-23,51,191,72,53,11,0.3769633507853403,0.20754716981132076,0.40575916230366493,0.2774869109947644,1.0392156862745099,New Orleans Pelicans
Toney Douglas,2013,2013-14,69,466,188,216,82,0.4034334763948498,0.37962962962962965,0.49141630901287553,0.463519313304721,3.130434782608696,Houston Rockets
Toney Douglas,2014,2014-15,43,190,73,102,31,0.38421052631578945,0.30392156862745096,0.46578947368421053,0.5368421052631579,2.372093023255814,Miami Heat
Toney Douglas,2015,2015-16,11,51,19,18,5,0.37254901960784315,0.2777777777777778,0.4215686274509804,0.35294117647058826,1.6363636363636365,New Orleans Pelicans
Toney Douglas,2016,2016-17,60,443,182,201,80,0.4108352144469526,0.39800995024875624,0.5011286681715575,0.45372460496614,3.35,New Orleans Pelicans
Toney Douglas,2017,2017-18,23,117,43,42,7,0.36752136752136755,0.16666666666666666,0.3974358974358974,0.358974358974359,1.826086956521739,Memphis Grizzlies
Tony Allen,2013,2013-14,79,638,284,24,3,0.445141065830721,0.125,0.44749216300940436,0.03761755485893417,0.3037974683544304,Memphis Grizzlies
Tony Allen,2014,2014-15,55,413,204,47,11,0.4939467312348668,0.23404255319148937,0.5072639225181598,0.11380145278450363,0.8545454545454545,Memphis Grizzlies
Tony Allen,2015,2015-16,63,455,225,29,10,0.4945054945054945,0.3448275862068966,0.5054945054945055,0.06373626373626373,0.4603174603174603,Memphis Grizzlies
Tony Allen,2016,2016-17,63,469,215,42,15,0.4584221748400853,0.35714285714285715,0.4744136460554371,0.08955223880597014,0.6666666666666666,Memphis Grizzlies
Tony Allen,2017,2017-18,71,595,274,54,15,0.46050420168067224,0.2777777777777778,0.473109243697479,0.0907563025210084,0.7605633802816901,Memphis Grizzlies
Tony Allen,2018,2018-19,21,91,44,12,4,0.4835164835164835,0.3333333333333333,0.5054945054945055,0.13186813186813187,0.5714285714285714,New Orleans Pelicans
Tony Parker,2013,2013-14,66,994,519,67,24,0.5221327967806841,0.3582089552238806,0.53420523138833,0.06740442655935613,1.0151515151515151,San Antonio Spurs
Tony Parker,2014,2014-15,68,914,456,67,25,0.4989059080962801,0.373134328358209,0.512582056892779,0.07330415754923414,0.9852941176470589,San Antonio Spurs
Tony Parker,2015,2015-16,68,832,404,89,38,0.4855769230769231,0.42696629213483145,0.5084134615384616,0.10697115384615384,1.3088235294117647,San Antonio Spurs
Tony Parker,2016,2016-17,72,710,350,65,27,0.49295774647887325,0.4153846153846154,0.5119718309859155,0.09154929577464789,0.9027777777777778,San Antonio Spurs
Tony Parker,2017,2017-18,63,569,265,69,23,0.46572934973637964,0.3333333333333333,0.4859402460456942,0.12126537785588752,1.0952380952380953,San Antonio Spurs
Tony Parker,2018,2018-19,53,388,178,37,10,0.4587628865979381,0.2702702702702703,0.47164948453608246,0.09536082474226804,0.6981132075471698,San Antonio Spurs
Tony Parker,2019,2019-20,56,463,213,51,13,0.46004319654427644,0.2549019607843137,0.4740820734341253,0.1101511879049676,0.9107142857142857,Charlotte Hornets
Tony Snell,2014,2014-15,65,336,129,178,57,0.38392857142857145,0.3202247191011236,0.46875,0.5297619047619048,2.7384615384615385,Chicago Bulls
Tony Snell,2015,2015-16,63,371,159,197,73,0.42857142857142855,0.37055837563451777,0.5269541778975741,0.5309973045822103,3.126984126984127,Chicago Bulls
Tony Snell,2016,2016-17,61,339,126,155,56,0.37168141592920356,0.36129032258064514,0.45427728613569324,0.45722713864306785,2.540983606557377,Chicago Bulls
Tony Snell,2017,2017-18,80,539,245,353,143,0.45454545454545453,0.40509915014164305,0.5871985157699443,0.6549165120593692,4.4125,Milwaukee Bucks
Tony Snell,2018,2018-19,75,425,185,268,108,0.43529411764705883,0.40298507462686567,0.5623529411764706,0.6305882352941177,3.5733333333333333,Milwaukee Bucks
Tony Snell,2019,2019-20,71,361,163,204,81,0.4515235457063712,0.39705882352941174,0.5637119113573407,0.5650969529085873,2.8732394366197185,Milwaukee Bucks
Tony Snell,2020,2020-21,58,382,170,254,102,0.44502617801047123,0.4015748031496063,0.5785340314136126,0.6649214659685864,4.379310344827586,Detroit Pistons
Tony Snell,2021,2021-22,46,171,88,109,62,0.5146198830409356,0.5688073394495413,0.695906432748538,0.6374269005847953,2.369565217391304,Atlanta Hawks
Tony Snell,2022,2022-23,49,171,69,128,45,0.40350877192982454,0.3515625,0.5350877192982456,0.7485380116959064,2.6122448979591835,Portland Trail Blazers
Tony Wroten,2013,2013-14,23,86,33,16,4,0.38372093023255816,0.25,0.4069767441860465,0.18604651162790697,0.6956521739130435,Memphis Grizzlies
Tony Wroten,2014,2014-15,71,808,345,188,40,0.42698019801980197,0.2127659574468085,0.45173267326732675,0.23267326732673269,2.647887323943662,Philadelphia 76ers
Tony Wroten,2015,2015-16,30,434,175,142,37,0.4032258064516129,0.2605633802816901,0.44585253456221197,0.3271889400921659,4.733333333333333,Philadelphia 76ers
Tony Wroten,2016,2016-17,8,65,22,17,3,0.3384615384615385,0.17647058823529413,0.36153846153846153,0.26153846153846155,2.125,Philadelphia 76ers
Torrey Craig,2018,2018-19,35,137,62,58,17,0.45255474452554745,0.29310344827586204,0.5145985401459854,0.4233576642335766,1.6571428571428573,Denver Nuggets
Torrey Craig,2019,2019-20,71,362,160,188,61,0.4419889502762431,0.324468085106383,0.5262430939226519,0.5193370165745856,2.647887323943662,Denver Nuggets
Torrey Craig,2020,2020-21,53,269,124,138,45,0.46096654275092935,0.32608695652173914,0.5446096654275093,0.5130111524163569,2.6037735849056602,Denver Nuggets
Torrey Craig,2021,2021-22,49,227,109,106,39,0.4801762114537445,0.36792452830188677,0.566079295154185,0.4669603524229075,2.163265306122449,Phoenix Suns
Torrey Craig,2022,2022-23,75,441,200,234,77,0.45351473922902497,0.32905982905982906,0.5408163265306123,0.5306122448979592,3.12,Indiana Pacers
Torrey Craig,2023,2023-24,79,500,228,253,100,0.456,0.3952569169960474,0.556,0.506,3.2025316455696204,Phoenix Suns
Torrey Craig,2024,2024-25,53,251,108,153,60,0.4302788844621514,0.39215686274509803,0.549800796812749,0.6095617529880478,2.8867924528301887,Chicago Bulls
Trae Young,2019,2019-20,81,1256,525,482,156,0.4179936305732484,0.3236514522821577,0.48009554140127386,0.3837579617834395,5.950617283950617,Atlanta Hawks
Trae Young,2020,2020-21,60,1249,546,568,205,0.4371497197758207,0.3609154929577465,0.5192153722978383,0.45476381104883906,9.466666666666667,Atlanta Hawks
Trae Young,2021,2021-22,63,1112,487,397,136,0.4379496402877698,0.3425692695214106,0.49910071942446044,0.35701438848920863,6.301587301587301,Atlanta Hawks
Trae Young,2022,2022-23,76,1544,711,610,233,0.46049222797927464,0.3819672131147541,0.5359455958549223,0.3950777202072539,8.026315789473685,Atlanta Hawks
Trae Young,2023,2023-24,73,1390,597,460,154,0.42949640287769786,0.3347826086956522,0.4848920863309353,0.33093525179856115,6.301369863013699,Atlanta Hawks
Trae Young,2024,2024-25,54,1008,433,469,175,0.42956349206349204,0.373134328358209,0.5163690476190477,0.4652777777777778,8.685185185185185,Atlanta Hawks
Tre Jones,2021,2021-22,28,78,37,5,3,0.47435897435897434,0.6,0.4935897435897436,0.0641025641025641,0.17857142857142858,San Antonio Spurs
Tre Jones,2022,2022-23,64,339,166,51,10,0.4896755162241888,0.19607843137254902,0.504424778761062,0.1504424778761062,0.796875,San Antonio Spurs
Tre Jones,2023,2023-24,67,743,341,158,45,0.458950201884253,0.2848101265822785,0.4892328398384926,0.2126514131897712,2.3582089552238807,San Antonio Spurs
Tre Jones,2024,2024-25,77,600,303,191,64,0.505,0.33507853403141363,0.5583333333333333,0.31833333333333336,2.4805194805194803,San Antonio Spurs
Tre Mann,2022,2022-23,60,588,231,272,98,0.39285714285714285,0.3602941176470588,0.47619047619047616,0.46258503401360546,4.533333333333333,Oklahoma City Thunder
Tre Mann,2023,2023-24,66,501,197,257,81,0.3932135728542914,0.3151750972762646,0.4740518962075848,0.5129740518962076,3.893939393939394,Oklahoma City Thunder
Tre Mann,2024,2024-25,35,316,145,126,47,0.4588607594936709,0.373015873015873,0.5332278481012658,0.3987341772151899,3.6,Charlotte Hornets
Trevor Ariza,2013,2013-14,56,451,188,209,76,0.41685144124168516,0.36363636363636365,0.5011086474501109,0.4634146341463415,3.732142857142857,Washington Wizards
Trevor Ariza,2014,2014-15,77,852,389,441,180,0.4565727699530516,0.40816326530612246,0.562206572769953,0.5176056338028169,5.7272727272727275,Washington Wizards
Trevor Ariza,2015,2015-16,82,910,366,555,194,0.4021978021978022,0.34954954954954953,0.5087912087912088,0.6098901098901099,6.7682926829268295,Houston Rockets
Trevor Ariza,2016,2016-17,81,859,357,499,185,0.41559953434225844,0.37074148296593185,0.5232828870779976,0.580908032596042,6.160493827160494,Houston Rockets
Trevor Ariza,2017,2017-18,80,797,325,554,190,0.4077791718946048,0.34296028880866425,0.5269761606022585,0.6951066499372648,6.925,Houston Rockets
Trevor Ariza,2018,2018-19,66,651,268,462,170,0.4116743471582181,0.36796536796536794,0.5422427035330261,0.7096774193548387,7,Houston Rockets
Trevor Ariza,2019,2019-20,69,736,294,434,145,0.39945652173913043,0.33410138248847926,0.49796195652173914,0.5896739130434783,6.2898550724637685,Washington Wizards
Trevor Ariza,2020,2020-21,52,324,142,207,77,0.4382716049382716,0.3719806763285024,0.5570987654320988,0.6388888888888888,3.980769230769231,Sacramento Kings
Trevor Ariza,2021,2021-22,30,241,99,143,50,0.4107883817427386,0.34965034965034963,0.5145228215767634,0.5933609958506224,4.766666666666667,Miami Heat
Trevor Ariza,2022,2022-23,24,99,33,74,20,0.3333333333333333,0.2702702702702703,0.43434343434343436,0.7474747474747475,3.0833333333333335,Los Angeles Lakers
Trevor Booker,2013,2013-14,47,220,108,5,0,0.4909090909090909,0,0.4909090909090909,0.022727272727272728,0.10638297872340426,Washington Wizards
Trevor Booker,2014,2014-15,70,403,222,2,0,0.5508684863523573,0,0.5508684863523573,0.004962779156327543,0.02857142857142857,Washington Wizards
Trevor Booker,2015,2015-16,78,464,226,84,29,0.4870689655172414,0.34523809523809523,0.5183189655172413,0.1810344827586207,1.0769230769230769,Utah Jazz
Trevor Booker,2016,2016-17,78,388,190,41,12,0.4896907216494845,0.2926829268292683,0.5051546391752577,0.1056701030927835,0.5256410256410257,Utah Jazz
Trevor Booker,2017,2017-18,71,591,305,78,25,0.5160744500846024,0.32051282051282054,0.5372250423011844,0.1319796954314721,1.0985915492957747,Brooklyn Nets
Trevor Booker,2018,2018-19,67,343,177,33,8,0.5160349854227405,0.24242424242424243,0.5276967930029155,0.09620991253644315,0.4925373134328358,Brooklyn Nets
Trey Burke,2014,2014-15,70,896,341,335,111,0.38058035714285715,0.33134328358208953,0.44252232142857145,0.37388392857142855,4.785714285714286,Utah Jazz
Trey Burke,2015,2015-16,76,1005,370,390,124,0.3681592039800995,0.31794871794871793,0.4298507462686567,0.3880597014925373,5.131578947368421,Utah Jazz
Trey Burke,2016,2016-17,63,634,262,256,88,0.41324921135646686,0.34375,0.48264984227129337,0.4037854889589905,4.063492063492063,Utah Jazz
Trey Burke,2017,2017-18,53,255,116,70,31,0.4549019607843137,0.44285714285714284,0.515686274509804,0.27450980392156865,1.320754716981132,Washington Wizards
Trey Burke,2018,2018-19,36,384,193,105,38,0.5026041666666666,0.3619047619047619,0.5520833333333334,0.2734375,2.9166666666666665,New York Knicks
Trey Burke,2019,2019-20,58,548,236,159,56,0.4306569343065693,0.3522012578616352,0.48175182481751827,0.29014598540145986,2.7413793103448274,New York Knicks
Trey Burke,2020,2020-21,32,209,94,75,32,0.44976076555023925,0.4266666666666667,0.5263157894736842,0.3588516746411483,2.34375,Philadelphia 76ers
Trey Burke,2021,2021-22,60,353,151,164,58,0.42776203966005666,0.35365853658536583,0.509915014164306,0.46458923512747874,2.7333333333333334,Dallas Mavericks
Trey Burke,2022,2022-23,38,215,84,82,26,0.39069767441860465,0.3170731707317073,0.4511627906976744,0.3813953488372093,2.1578947368421053,Dallas Mavericks
Trey Lyles,2016,2016-17,74,436,191,128,49,0.4380733944954128,0.3828125,0.49426605504587157,0.29357798165137616,1.7297297297297298,Utah Jazz
Trey Lyles,2017,2017-18,66,438,159,203,65,0.363013698630137,0.32019704433497537,0.4372146118721461,0.4634703196347032,3.0757575757575757,Utah Jazz
Trey Lyles,2018,2018-19,69,550,270,218,83,0.4909090909090909,0.38073394495412843,0.5663636363636364,0.39636363636363636,3.1594202898550723,Denver Nuggets
Trey Lyles,2019,2019-20,62,495,207,200,51,0.41818181818181815,0.255,0.4696969696969697,0.40404040404040403,3.225806451612903,Denver Nuggets
Trey Lyles,2020,2020-21,62,343,153,168,65,0.446064139941691,0.3869047619047619,0.5408163265306123,0.4897959183673469,2.7096774193548385,San Antonio Spurs
Trey Lyles,2021,2021-22,18,90,43,40,14,0.4777777777777778,0.35,0.5555555555555556,0.4444444444444444,2.2222222222222223,San Antonio Spurs
Trey Lyles,2022,2022-23,74,562,262,209,67,0.46619217081850534,0.32057416267942584,0.5258007117437722,0.3718861209964413,2.824324324324324,Detroit Pistons
Trey Lyles,2023,2023-24,72,408,187,240,87,0.4583333333333333,0.3625,0.5649509803921569,0.5882352941176471,3.3333333333333335,Sacramento Kings
Trey Lyles,2024,2024-25,57,321,143,219,84,0.4454828660436137,0.3835616438356164,0.5763239875389408,0.6822429906542056,3.8421052631578947,Sacramento Kings
Trey Murphy III,2022,2022-23,57,277,109,186,71,0.3935018050541516,0.3817204301075269,0.5216606498194946,0.6714801444043321,3.263157894736842,New Orleans Pelicans
Trey Murphy III,2023,2023-24,79,800,387,497,202,0.48375,0.40643863179074446,0.61,0.62125,6.291139240506329,New Orleans Pelicans
Trey Murphy III,2024,2024-25,57,621,275,445,169,0.4428341384863124,0.3797752808988764,0.5789049919484702,0.71658615136876,7.807017543859649,New Orleans Pelicans
Tristan Thompson,2013,2013-14,82,799,390,3,0,0.4881101376720901,0,0.4881101376720901,0.0037546933667083854,0.036585365853658534,Cleveland Cavaliers
Tristan Thompson,2014,2014-15,82,761,363,1,0,0.47700394218134035,0,0.47700394218134035,0.001314060446780552,0.012195121951219513,Cleveland Cavaliers
Tristan Thompson,2015,2015-16,81,488,267,0,0,0.5471311475409836,NA,0.5471311475409836,0,0,Cleveland Cavaliers
Tristan Thompson,2016,2016-17,80,420,247,0,0,0.5880952380952381,NA,0.5880952380952381,0,0,Cleveland Cavaliers
Tristan Thompson,2017,2017-18,76,437,262,3,0,0.5995423340961098,0,0.5995423340961098,0.006864988558352402,0.039473684210526314,Cleveland Cavaliers
Tristan Thompson,2018,2018-19,50,235,132,0,0,0.5617021276595745,NA,0.5617021276595745,0,0,Cleveland Cavaliers
Tristan Thompson,2019,2019-20,43,380,201,0,0,0.5289473684210526,NA,0.5289473684210526,0,0,Cleveland Cavaliers
Tristan Thompson,2020,2020-21,57,562,288,23,9,0.5124555160142349,0.391304347826087,0.5204626334519573,0.04092526690391459,0.40350877192982454,Cleveland Cavaliers
Tristan Thompson,2021,2021-22,53,326,169,3,0,0.5184049079754601,0,0.5184049079754601,0.009202453987730062,0.05660377358490566,Boston Celtics
Tristan Thompson,2022,2022-23,53,267,141,3,1,0.5280898876404494,0.3333333333333333,0.5299625468164794,0.011235955056179775,0.05660377358490566,Sacramento Kings
Tristan Thompson,2024,2024-25,39,119,73,1,0,0.6134453781512605,0,0.6134453781512605,0.008403361344537815,0.02564102564102564,Cleveland Cavaliers
Troy Brown Jr.,2019,2019-20,49,234,97,69,22,0.41452991452991456,0.3188405797101449,0.46153846153846156,0.2948717948717949,1.4081632653061225,Washington Wizards
Troy Brown Jr.,2020,2020-21,69,622,273,179,61,0.43890675241157556,0.3407821229050279,0.4879421221864952,0.2877813504823151,2.5942028985507246,Washington Wizards
Troy Brown Jr.,2021,2021-22,32,144,62,70,22,0.4305555555555556,0.3142857142857143,0.5069444444444444,0.4861111111111111,2.1875,Washington Wizards
Troy Brown Jr.,2022,2022-23,63,258,108,133,47,0.4186046511627907,0.3533834586466165,0.5096899224806202,0.5155038759689923,2.111111111111111,Chicago Bulls
Troy Brown Jr.,2023,2023-24,75,465,200,281,107,0.43010752688172044,0.3807829181494662,0.5451612903225806,0.6043010752688172,3.7466666666666666,Los Angeles Lakers
Troy Brown Jr.,2024,2024-25,52,226,84,141,47,0.37168141592920356,0.3333333333333333,0.4756637168141593,0.6238938053097345,2.7115384615384617,Minnesota Timberwolves
Troy Daniels,2014,2014-15,4,31,15,25,12,0.4838709677419355,0.48,0.6774193548387096,0.8064516129032258,6.25,Houston Rockets
Troy Daniels,2015,2015-16,39,165,61,118,43,0.3696969696969697,0.3644067796610169,0.5,0.7151515151515152,3.0256410256410255,Charlotte Hornets
Troy Daniels,2016,2016-17,40,187,89,122,59,0.47593582887700536,0.48360655737704916,0.6336898395721925,0.6524064171122995,3.05,Charlotte Hornets
Troy Daniels,2017,2017-18,66,494,184,354,137,0.3724696356275304,0.3870056497175141,0.5111336032388664,0.7165991902834008,5.363636363636363,Memphis Grizzlies
Troy Daniels,2018,2018-19,79,575,232,458,183,0.40347826086956523,0.39956331877729256,0.5626086956521739,0.7965217391304348,5.7974683544303796,Phoenix Suns
Troy Daniels,2019,2019-20,48,275,113,194,74,0.4109090909090909,0.38144329896907214,0.5454545454545454,0.7054545454545454,4.041666666666667,Phoenix Suns
Troy Daniels,2020,2020-21,46,186,72,132,46,0.3870967741935484,0.3484848484848485,0.510752688172043,0.7096774193548387,2.869565217391304,Los Angeles Lakers
Ty Lawson,2013,2013-14,73,971,448,232,85,0.46138002059732236,0.36637931034482757,0.5051493305870237,0.23892893923789907,3.1780821917808217,Denver Nuggets
Ty Lawson,2014,2014-15,62,806,347,202,72,0.4305210918114144,0.3564356435643564,0.47518610421836227,0.2506203473945409,3.2580645161290325,Denver Nuggets
Ty Lawson,2015,2015-16,75,926,404,205,70,0.43628509719222464,0.34146341463414637,0.4740820734341253,0.22138228941684665,2.7333333333333334,Denver Nuggets
Ty Lawson,2016,2016-17,63,354,139,108,36,0.3926553672316384,0.3333333333333333,0.4435028248587571,0.3050847457627119,1.7142857142857142,Houston Rockets
Ty Lawson,2017,2017-18,69,522,237,118,34,0.4540229885057471,0.288135593220339,0.48659003831417624,0.2260536398467433,1.710144927536232,Sacramento Kings
Tyler Herro,2020,2020-21,55,631,270,298,116,0.42789223454833597,0.38926174496644295,0.5198098256735341,0.4722662440570523,5.418181818181818,Miami Heat
Tyler Herro,2021,2021-22,54,699,307,297,107,0.43919885550786836,0.3602693602693603,0.5157367668097281,0.4248927038626609,5.5,Miami Heat
Tyler Herro,2022,2022-23,66,1122,501,439,175,0.446524064171123,0.39863325740318906,0.5245098039215687,0.39126559714795006,6.651515151515151,Miami Heat
Tyler Herro,2023,2023-24,67,1109,487,537,203,0.43913435527502254,0.3780260707635009,0.5306582506762849,0.4842200180342651,8.014925373134329,Miami Heat
Tyler Herro,2024,2024-25,42,735,324,333,132,0.44081632653061226,0.3963963963963964,0.5306122448979592,0.4530612244897959,7.928571428571429,Miami Heat
Tyler Johnson,2015,2015-16,29,167,70,48,18,0.41916167664670656,0.375,0.47305389221556887,0.2874251497005988,1.6551724137931034,Miami Heat
Tyler Johnson,2016,2016-17,35,243,118,71,27,0.48559670781893005,0.38028169014084506,0.5411522633744856,0.29218106995884774,2.0285714285714285,Miami Heat
Tyler Johnson,2017,2017-18,73,822,356,248,92,0.43309002433090027,0.3709677419354839,0.48905109489051096,0.30170316301703165,3.3972602739726026,Miami Heat
Tyler Johnson,2018,2018-19,72,711,309,324,119,0.4345991561181435,0.36728395061728397,0.5182841068917018,0.45569620253164556,4.5,Miami Heat
Tyler Johnson,2019,2019-20,57,526,217,260,90,0.41254752851711024,0.34615384615384615,0.49809885931558934,0.49429657794676807,4.56140350877193,Miami Heat
Tyler Johnson,2020,2020-21,39,250,97,119,38,0.388,0.31932773109243695,0.464,0.476,3.051282051282051,Phoenix Suns
Tyler Johnson,2021,2021-22,37,183,72,132,48,0.39344262295081966,0.36363636363636365,0.5245901639344263,0.7213114754098361,3.5675675675675675,Brooklyn Nets
Tyler Johnson,2022,2022-23,5,20,6,13,5,0.3,0.38461538461538464,0.425,0.65,2.6,Philadelphia 76ers
Tyler Zeller,2013,2013-14,76,559,245,4,0,0.43828264758497315,0,0.43828264758497315,0.007155635062611807,0.05263157894736842,Cleveland Cavaliers
Tyler Zeller,2014,2014-15,60,290,156,1,0,0.5379310344827586,0,0.5379310344827586,0.0034482758620689655,0.016666666666666666,Cleveland Cavaliers
Tyler Zeller,2015,2015-16,81,619,340,0,0,0.5492730210016155,NA,0.5492730210016155,0,0,Boston Celtics
Tyler Zeller,2016,2016-17,57,290,138,0,0,0.47586206896551725,NA,0.47586206896551725,0,0,Boston Celtics
Tyler Zeller,2017,2017-18,44,158,78,1,0,0.4936708860759494,0,0.4936708860759494,0.006329113924050633,0.022727272727272728,Boston Celtics
Tyler Zeller,2018,2018-19,66,334,187,28,10,0.5598802395209581,0.35714285714285715,0.5748502994011976,0.08383233532934131,0.42424242424242425,Brooklyn Nets
Tyler Zeller,2019,2019-20,5,30,16,1,0,0.5333333333333333,0,0.5333333333333333,0.03333333333333333,0.2,Memphis Grizzlies
Tyler Zeller,2020,2020-21,1,4,1,0,0,0.25,NA,0.25,0,0,San Antonio Spurs
Tyreke Evans,2013,2013-14,65,765,366,133,45,0.47843137254901963,0.3383458646616541,0.5078431372549019,0.1738562091503268,2.046153846153846,Sacramento Kings
Tyreke Evans,2014,2014-15,71,897,391,95,21,0.4358974358974359,0.22105263157894736,0.447603121516165,0.10590858416945373,1.3380281690140845,New Orleans Pelicans
Tyreke Evans,2015,2015-16,79,1165,521,227,69,0.4472103004291845,0.3039647577092511,0.47682403433476395,0.19484978540772532,2.8734177215189876,New Orleans Pelicans
Tyreke Evans,2016,2016-17,25,314,136,85,33,0.43312101910828027,0.38823529411764707,0.4856687898089172,0.27070063694267515,3.4,New Orleans Pelicans
Tyreke Evans,2017,2017-18,40,369,150,117,42,0.4065040650406504,0.358974358974359,0.4634146341463415,0.3170731707317073,2.925,New Orleans Pelicans
Tyreke Evans,2018,2018-19,52,809,366,286,114,0.45241038318912236,0.3986013986013986,0.522867737948084,0.3535228677379481,5.5,Memphis Grizzlies
Tyreke Evans,2019,2019-20,69,660,257,216,77,0.3893939393939394,0.35648148148148145,0.44772727272727275,0.32727272727272727,3.130434782608696,Indiana Pacers
Tyrese Haliburton,2021,2021-22,58,619,292,296,121,0.4717285945072698,0.40878378378378377,0.5694668820678513,0.4781906300484653,5.103448275862069,Sacramento Kings
Tyrese Haliburton,2022,2022-23,77,909,430,389,161,0.4730473047304731,0.4138817480719794,0.5616061606160616,0.42794279427942794,5.0519480519480515,Sacramento Kings
Tyrese Haliburton,2023,2023-24,56,841,412,402,161,0.48989298454221164,0.40049751243781095,0.5856123662306778,0.4780023781212842,7.178571428571429,Indiana Pacers
Tyrese Haliburton,2024,2024-25,69,1048,500,535,195,0.4770992366412214,0.3644859813084112,0.5701335877862596,0.5104961832061069,7.753623188405797,Indiana Pacers
Tyrese Maxey,2021,2021-22,58,429,198,103,31,0.46153846153846156,0.30097087378640774,0.4976689976689977,0.2400932400932401,1.7758620689655173,Philadelphia 76ers
Tyrese Maxey,2022,2022-23,75,995,483,309,132,0.48542713567839196,0.42718446601941745,0.5517587939698493,0.31055276381909547,4.12,Philadelphia 76ers
Tyrese Maxey,2023,2023-24,60,913,439,369,160,0.48083242059145676,0.43360433604336046,0.5684556407447974,0.40416210295728366,6.15,Philadelphia 76ers
Tyrese Maxey,2024,2024-25,70,1419,638,569,212,0.4496124031007752,0.37258347978910367,0.5243128964059197,0.4009866102889359,8.128571428571428,Philadelphia 76ers
Tyson Chandler,2013,2013-14,66,400,255,0,0,0.6375,NA,0.6375,0,0,New York Knicks
Tyson Chandler,2014,2014-15,55,322,191,1,0,0.593167701863354,0,0.593167701863354,0.003105590062111801,0.01818181818181818,New York Knicks
Tyson Chandler,2015,2015-16,74,440,293,0,0,0.6659090909090909,NA,0.6659090909090909,0,0,Dallas Mavericks
Tyson Chandler,2016,2016-17,64,314,183,1,0,0.5828025477707006,0,0.5828025477707006,0.0031847133757961785,0.015625,Phoenix Suns
Tyson Chandler,2017,2017-18,47,228,153,0,0,0.6710526315789473,NA,0.6710526315789473,0,0,Phoenix Suns
Tyson Chandler,2018,2018-19,43,187,121,0,0,0.6470588235294118,NA,0.6470588235294118,0,0,Phoenix Suns
Tyson Chandler,2019,2019-20,42,99,61,1,0,0.6161616161616161,0,0.6161616161616161,0.010101010101010102,0.023809523809523808,Los Angeles Lakers
Tyson Chandler,2020,2020-21,11,18,14,0,0,0.7777777777777778,NA,0.7777777777777778,0,0,Houston Rockets
Tyus Jones,2016,2016-17,37,156,56,53,16,0.358974358974359,0.3018867924528302,0.41025641025641024,0.33974358974358976,1.4324324324324325,Minnesota Timberwolves
Tyus Jones,2017,2017-18,50,181,75,73,26,0.4143646408839779,0.3561643835616438,0.4861878453038674,0.40331491712707185,1.46,Minnesota Timberwolves
Tyus Jones,2018,2018-19,78,328,150,129,45,0.4573170731707317,0.3488372093023256,0.5259146341463414,0.3932926829268293,1.6538461538461537,Minnesota Timberwolves
Tyus Jones,2019,2019-20,67,446,185,126,40,0.4147982062780269,0.31746031746031744,0.45964125560538116,0.2825112107623318,1.8805970149253732,Minnesota Timberwolves
Tyus Jones,2020,2020-21,65,429,197,124,47,0.4592074592074592,0.3790322580645161,0.513986013986014,0.289044289044289,1.9076923076923078,Memphis Grizzlies
Tyus Jones,2021,2021-22,70,413,178,140,45,0.43099273607748184,0.32142857142857145,0.4854721549636804,0.3389830508474576,2,Memphis Grizzlies
Tyus Jones,2022,2022-23,73,552,249,205,80,0.45108695652173914,0.3902439024390244,0.5235507246376812,0.3713768115942029,2.808219178082192,Memphis Grizzlies
Tyus Jones,2023,2023-24,80,710,311,326,121,0.43802816901408453,0.37116564417177916,0.5232394366197183,0.4591549295774648,4.075,Memphis Grizzlies
Tyus Jones,2024,2024-25,66,666,326,256,106,0.4894894894894895,0.4140625,0.5690690690690691,0.3843843843843844,3.878787878787879,Washington Wizards
Victor Oladipo,2014,2014-15,80,936,392,226,74,0.4188034188034188,0.3274336283185841,0.4583333333333333,0.24145299145299146,2.825,Orlando Magic
Victor Oladipo,2015,2015-16,72,1086,473,248,84,0.43554327808471455,0.3387096774193548,0.47421731123388583,0.2283609576427256,3.4444444444444446,Orlando Magic
Victor Oladipo,2016,2016-17,72,970,425,282,98,0.4381443298969072,0.3475177304964539,0.488659793814433,0.2907216494845361,3.9166666666666665,Orlando Magic
Victor Oladipo,2017,2017-18,67,932,412,352,127,0.44206008583690987,0.36079545454545453,0.5101931330472103,0.3776824034334764,5.253731343283582,Oklahoma City Thunder
Victor Oladipo,2018,2018-19,75,1342,640,434,161,0.47690014903129657,0.3709677419354839,0.5368852459016393,0.323397913561848,5.786666666666667,Indiana Pacers
Victor Oladipo,2019,2019-20,36,588,249,216,74,0.42346938775510207,0.3425925925925926,0.48639455782312924,0.3673469387755102,6,Indiana Pacers
Victor Oladipo,2020,2020-21,19,246,97,104,33,0.3943089430894309,0.3173076923076923,0.4613821138211382,0.42276422764227645,5.473684210526316,Indiana Pacers
Victor Oladipo,2021,2021-22,33,576,235,239,78,0.4079861111111111,0.3263598326359833,0.4756944444444444,0.4149305555555556,7.242424242424242,Houston Rockets
Victor Oladipo,2022,2022-23,8,73,35,36,15,0.4794520547945205,0.4166666666666667,0.5821917808219178,0.4931506849315068,4.5,Miami Heat
Victor Oladipo,2023,2023-24,42,403,160,212,70,0.3970223325062035,0.330188679245283,0.4838709677419355,0.5260545905707196,5.0476190476190474,Miami Heat
Victor Wembanyama,2024,2024-25,71,1186,551,394,128,0.4645868465430017,0.3248730964467005,0.5185497470489039,0.33220910623946037,5.549295774647887,San Antonio Spurs
Vince Carter,2013,2013-14,81,855,372,399,162,0.43508771929824563,0.40601503759398494,0.5298245614035088,0.4666666666666667,4.925925925925926,Dallas Mavericks
Vince Carter,2014,2014-15,81,811,330,371,146,0.406905055487053,0.3935309973045822,0.4969173859432799,0.45745992601726265,4.580246913580247,Dallas Mavericks
Vince Carter,2015,2015-16,65,406,135,232,69,0.33251231527093594,0.2974137931034483,0.41748768472906406,0.5714285714285714,3.5692307692307694,Memphis Grizzlies
Vince Carter,2016,2016-17,60,343,133,169,59,0.3877551020408163,0.34911242603550297,0.4737609329446064,0.49271137026239065,2.816666666666667,Memphis Grizzlies
Vince Carter,2017,2017-18,73,489,193,295,112,0.3946830265848671,0.37966101694915255,0.50920245398773,0.6032719836400818,4.041095890410959,Memphis Grizzlies
Vince Carter,2018,2018-19,58,283,114,165,57,0.4028268551236749,0.34545454545454546,0.5035335689045937,0.5830388692579506,2.8448275862068964,Sacramento Kings
Vince Carter,2019,2019-20,75,468,196,316,123,0.4188034188034188,0.38924050632911394,0.5502136752136753,0.6752136752136753,4.213333333333333,Atlanta Hawks
Vince Carter,2020,2020-21,59,304,107,202,61,0.3519736842105263,0.30198019801980197,0.45230263157894735,0.6644736842105263,3.4237288135593222,Atlanta Hawks
Wayne Ellington,2013,2013-14,77,529,226,240,94,0.42722117202268434,0.39166666666666666,0.5160680529300568,0.45368620037807184,3.116883116883117,Cleveland Cavaliers
Wayne Ellington,2014,2014-15,38,126,55,59,25,0.4365079365079365,0.423728813559322,0.5357142857142857,0.46825396825396826,1.5526315789473684,Dallas Mavericks
Wayne Ellington,2015,2015-16,65,617,254,243,90,0.41166936790923825,0.37037037037037035,0.4846029173419773,0.39384116693679094,3.7384615384615385,Los Angeles Lakers
Wayne Ellington,2016,2016-17,76,561,218,268,96,0.38859180035650626,0.3582089552238806,0.4741532976827095,0.47771836007130125,3.526315789473684,Brooklyn Nets
Wayne Ellington,2017,2017-18,62,554,231,393,149,0.41696750902527074,0.3791348600508906,0.5514440433212996,0.7093862815884476,6.338709677419355,Miami Heat
Wayne Ellington,2018,2018-19,76,700,285,579,227,0.40714285714285714,0.3920552677029361,0.5692857142857143,0.8271428571428572,7.618421052631579,Miami Heat
Wayne Ellington,2019,2019-20,52,457,184,372,138,0.4026258205689278,0.3709677419354839,0.5536105032822757,0.8140043763676149,7.153846153846154,Detroit Pistons
Wayne Ellington,2020,2020-21,34,174,61,143,50,0.3505747126436782,0.34965034965034963,0.4942528735632184,0.8218390804597702,4.205882352941177,New York Knicks
Wayne Ellington,2021,2021-22,45,338,149,275,116,0.4408284023668639,0.4218181818181818,0.6124260355029586,0.8136094674556213,6.111111111111111,Detroit Pistons
Wayne Ellington,2022,2022-23,43,237,98,211,82,0.41350210970464135,0.3886255924170616,0.5864978902953587,0.890295358649789,4.906976744186046,Los Angeles Lakers
Wendell Carter Jr.,2019,2019-20,44,371,180,32,6,0.48517520215633425,0.1875,0.49326145552560646,0.0862533692722372,0.7272727272727273,Chicago Bulls
Wendell Carter Jr.,2020,2020-21,43,343,183,29,6,0.5335276967930029,0.20689655172413793,0.5422740524781341,0.08454810495626822,0.6744186046511628,Chicago Bulls
Wendell Carter Jr.,2021,2021-22,54,457,230,51,15,0.5032822757111597,0.29411764705882354,0.5196936542669585,0.11159737417943107,0.9444444444444444,Chicago Bulls
Wendell Carter Jr.,2022,2022-23,62,684,359,214,70,0.5248538011695907,0.32710280373831774,0.5760233918128655,0.3128654970760234,3.4516129032258065,Orlando Magic
Wendell Carter Jr.,2023,2023-24,57,613,322,225,80,0.5252854812398042,0.35555555555555557,0.5905383360522023,0.367047308319739,3.9473684210526314,Orlando Magic
Wendell Carter Jr.,2024,2024-25,55,425,223,171,64,0.5247058823529411,0.3742690058479532,0.6,0.4023529411764706,3.109090909090909,Orlando Magic
Wesley Johnson,2013,2013-14,48,396,161,155,50,0.4065656565656566,0.3225806451612903,0.4696969696969697,0.39141414141414144,3.2291666666666665,Phoenix Suns
Wesley Johnson,2014,2014-15,79,649,277,269,100,0.4268104776579353,0.37174721189591076,0.5038520801232665,0.41448382126348227,3.4050632911392404,Los Angeles Lakers
Wesley Johnson,2015,2015-16,76,691,286,259,91,0.41389290882778584,0.35135135135135137,0.479739507959479,0.3748191027496382,3.4078947368421053,Los Angeles Lakers
Wesley Johnson,2016,2016-17,77,507,202,301,97,0.398422090729783,0.3222591362126246,0.4940828402366864,0.5936883629191322,3.909090909090909,LA Clippers
Wesley Johnson,2017,2017-18,62,196,73,114,29,0.37244897959183676,0.2543859649122807,0.44642857142857145,0.5816326530612245,1.8387096774193548,LA Clippers
Wesley Johnson,2018,2018-19,68,368,150,177,60,0.4076086956521739,0.3389830508474576,0.4891304347826087,0.48097826086956524,2.6029411764705883,LA Clippers
Wesley Johnson,2019,2019-20,37,128,45,76,25,0.3515625,0.32894736842105265,0.44921875,0.59375,2.054054054054054,New Orleans Pelicans
Wesley Matthews,2013,2013-14,68,807,351,424,168,0.4349442379182156,0.39622641509433965,0.5390334572490706,0.5254027261462205,6.235294117647059,Portland Trail Blazers
Wesley Matthews,2014,2014-15,82,1009,445,511,201,0.44103072348860256,0.3933463796477495,0.5406342913776016,0.5064420218037661,6.2317073170731705,Portland Trail Blazers
Wesley Matthews,2015,2015-16,60,751,336,444,172,0.4474034620505992,0.38738738738738737,0.5619174434087882,0.5912117177097204,7.4,Portland Trail Blazers
Wesley Matthews,2016,2016-17,78,854,331,525,189,0.3875878220140515,0.36,0.49824355971896955,0.6147540983606558,6.730769230769231,Dallas Mavericks
Wesley Matthews,2017,2017-18,73,847,333,479,174,0.39315230224321135,0.36325678496868474,0.49586776859504134,0.5655253837072018,6.561643835616438,Dallas Mavericks
Wesley Matthews,2018,2018-19,63,697,283,402,153,0.406025824964132,0.3805970149253731,0.5157819225251076,0.5767575322812052,6.380952380952381,Dallas Mavericks
Wesley Matthews,2019,2019-20,69,698,279,403,150,0.3997134670487106,0.37220843672456577,0.5071633237822349,0.5773638968481375,5.840579710144928,Dallas Mavericks
Wesley Matthews,2020,2020-21,66,422,167,297,108,0.3957345971563981,0.36363636363636365,0.523696682464455,0.7037914691943128,4.5,Milwaukee Bucks
Wesley Matthews,2021,2021-22,58,252,89,197,66,0.3531746031746032,0.3350253807106599,0.48412698412698413,0.7817460317460317,3.396551724137931,Los Angeles Lakers
Wesley Matthews,2022,2022-23,48,220,87,157,53,0.39545454545454545,0.3375796178343949,0.5159090909090909,0.7136363636363636,3.2708333333333335,Milwaukee Bucks
Wesley Matthews,2023,2023-24,49,160,58,124,39,0.3625,0.31451612903225806,0.484375,0.775,2.5306122448979593,Milwaukee Bucks
Wesley Matthews,2024,2024-25,32,97,34,69,24,0.35051546391752575,0.34782608695652173,0.4742268041237113,0.711340206185567,2.15625,Atlanta Hawks
Will Barton,2013,2013-14,65,309,118,65,9,0.3818770226537217,0.13846153846153847,0.3964401294498382,0.21035598705501618,1,Portland Trail Blazers
Will Barton,2014,2014-15,38,156,65,33,10,0.4166666666666667,0.30303030303030304,0.44871794871794873,0.21153846153846154,0.868421052631579,Portland Trail Blazers
Will Barton,2015,2015-16,57,353,150,85,23,0.42492917847025496,0.27058823529411763,0.45750708215297453,0.24079320113314448,1.4912280701754386,Denver Nuggets
Will Barton,2016,2016-17,82,983,425,325,112,0.4323499491353001,0.3446153846153846,0.4893184130213632,0.3306205493387589,3.9634146341463414,Denver Nuggets
Will Barton,2017,2017-18,60,666,295,235,87,0.44294294294294295,0.3702127659574468,0.5082582582582582,0.35285285285285284,3.9166666666666665,Denver Nuggets
Will Barton,2018,2018-19,81,1028,465,422,156,0.45233463035019456,0.3696682464454976,0.5282101167315175,0.41050583657587547,5.209876543209877,Denver Nuggets
Will Barton,2019,2019-20,43,460,185,196,67,0.40217391304347827,0.34183673469387754,0.475,0.4260869565217391,4.558139534883721,Denver Nuggets
Will Barton,2020,2020-21,58,738,332,288,108,0.44986449864498645,0.375,0.5230352303523035,0.3902439024390244,4.9655172413793105,Denver Nuggets
Will Barton,2021,2021-22,55,608,259,257,98,0.42598684210526316,0.38132295719844356,0.506578947368421,0.42269736842105265,4.672727272727273,Denver Nuggets
Will Barton,2022,2022-23,71,896,392,430,157,0.4375,0.36511627906976746,0.5251116071428571,0.4799107142857143,6.056338028169014,Denver Nuggets
Will Barton,2023,2023-24,53,364,138,180,66,0.3791208791208791,0.36666666666666664,0.4697802197802198,0.4945054945054945,3.3962264150943398,Washington Wizards
Will Bynum,2013,2013-14,63,540,253,76,24,0.4685185185185185,0.3157894736842105,0.49074074074074076,0.14074074074074075,1.2063492063492063,Detroit Pistons
Will Bynum,2014,2014-15,55,430,184,62,20,0.42790697674418604,0.3225806451612903,0.4511627906976744,0.14418604651162792,1.1272727272727272,Detroit Pistons
Will Bynum,2015,2015-16,5,31,10,9,0,0.3225806451612903,0,0.3225806451612903,0.2903225806451613,1.8,Washington Wizards
Willie Cauley-Stein,2016,2016-17,61,339,191,2,0,0.5634218289085545,0,0.5634218289085545,0.0058997050147492625,0.03278688524590164,Sacramento Kings
Willie Cauley-Stein,2017,2017-18,70,481,255,2,0,0.5301455301455301,0,0.5301455301455301,0.004158004158004158,0.02857142857142857,Sacramento Kings
Willie Cauley-Stein,2018,2018-19,73,773,388,12,3,0.5019404915912031,0.25,0.5038809831824063,0.015523932729624839,0.1643835616438356,Sacramento Kings
Willie Cauley-Stein,2019,2019-20,80,741,412,2,1,0.5560053981106613,0.5,0.5566801619433198,0.002699055330634278,0.025,Sacramento Kings
Willie Cauley-Stein,2020,2020-21,53,302,175,1,0,0.5794701986754967,0,0.5794701986754967,0.0033112582781456954,0.018867924528301886,Golden State Warriors
Willie Cauley-Stein,2021,2021-22,50,182,115,11,1,0.6318681318681318,0.09090909090909091,0.6346153846153846,0.06043956043956044,0.22,Dallas Mavericks
Willie Cauley-Stein,2022,2022-23,12,35,16,2,1,0.45714285714285713,0.5,0.4714285714285714,0.05714285714285714,0.16666666666666666,Dallas Mavericks
Willy Hernangomez,2017,2017-18,65,465,246,15,4,0.5290322580645161,0.26666666666666666,0.5333333333333333,0.03225806451612903,0.23076923076923078,New York Knicks
Willy Hernangomez,2018,2018-19,39,164,91,12,5,0.5548780487804879,0.4166666666666667,0.5701219512195121,0.07317073170731707,0.3076923076923077,Charlotte Hornets
Willy Hernangomez,2019,2019-20,57,295,153,39,15,0.5186440677966102,0.38461538461538464,0.5440677966101695,0.13220338983050847,0.6842105263157895,Charlotte Hornets
Willy Hernangomez,2020,2020-21,30,139,74,22,5,0.5323741007194245,0.22727272727272727,0.5503597122302158,0.15827338129496402,0.7333333333333333,Charlotte Hornets
Willy Hernangomez,2021,2021-22,44,268,151,10,1,0.5634328358208955,0.1,0.5652985074626866,0.03731343283582089,0.22727272727272727,New Orleans Pelicans
Willy Hernangomez,2022,2022-23,48,327,170,12,4,0.5198776758409785,0.3333333333333333,0.5259938837920489,0.03669724770642202,0.25,New Orleans Pelicans
Willy Hernangomez,2023,2023-24,35,169,89,11,3,0.5266272189349113,0.2727272727272727,0.5355029585798816,0.0650887573964497,0.3142857142857143,New Orleans Pelicans
Wilson Chandler,2013,2013-14,43,455,210,126,52,0.46153846153846156,0.4126984126984127,0.5186813186813187,0.27692307692307694,2.9302325581395348,Denver Nuggets
Wilson Chandler,2014,2014-15,62,738,307,351,122,0.4159891598915989,0.3475783475783476,0.4986449864498645,0.47560975609756095,5.661290322580645,Denver Nuggets
Wilson Chandler,2015,2015-16,78,975,418,406,139,0.4287179487179487,0.34236453201970446,0.5,0.4164102564102564,5.205128205128205,Denver Nuggets
Wilson Chandler,2017,2017-18,71,939,433,326,110,0.46112886048988283,0.3374233128834356,0.5197018104366348,0.34717784877529284,4.591549295774648,Denver Nuggets
Wilson Chandler,2018,2018-19,74,631,281,246,88,0.44532488114104596,0.35772357723577236,0.5150554675118859,0.3898573692551506,3.324324324324324,Denver Nuggets
Wilson Chandler,2019,2019-20,50,273,114,158,59,0.4175824175824176,0.37341772151898733,0.5256410256410257,0.5787545787545788,3.16,Philadelphia 76ers
Wilson Chandler,2020,2020-21,34,183,74,121,37,0.40437158469945356,0.30578512396694213,0.505464480874317,0.6612021857923497,3.5588235294117645,Brooklyn Nets
Yogi Ferrell,2017,2017-18,46,394,160,176,68,0.40609137055837563,0.38636363636363635,0.49238578680203043,0.4467005076142132,3.8260869565217392,Dallas Mavericks
Yogi Ferrell,2018,2018-19,82,730,311,359,134,0.426027397260274,0.3732590529247911,0.5178082191780822,0.4917808219178082,4.378048780487805,Dallas Mavericks
Yogi Ferrell,2019,2019-20,69,352,153,149,54,0.4346590909090909,0.3624161073825503,0.5113636363636364,0.42329545454545453,2.1594202898550723,Sacramento Kings
Yogi Ferrell,2020,2020-21,47,188,79,79,24,0.42021276595744683,0.3037974683544304,0.48404255319148937,0.42021276595744683,1.6808510638297873,Sacramento Kings
Yogi Ferrell,2021,2021-22,9,57,20,28,9,0.3508771929824561,0.32142857142857145,0.4298245614035088,0.49122807017543857,3.111111111111111,Los Angeles Clippers
Zach Collins,2018,2018-19,62,289,115,113,35,0.39792387543252594,0.30973451327433627,0.458477508650519,0.39100346020761245,1.8225806451612903,Portland Trail Blazers
Zach Collins,2019,2019-20,77,400,189,121,40,0.4725,0.3305785123966942,0.5225,0.3025,1.5714285714285714,Portland Trail Blazers
Zach Collins,2020,2020-21,11,68,32,19,7,0.47058823529411764,0.3684210526315789,0.5220588235294118,0.27941176470588236,1.7272727272727273,Portland Trail Blazers
Zach Collins,2022,2022-23,27,155,76,41,14,0.49032258064516127,0.34146341463414637,0.535483870967742,0.2645161290322581,1.5185185185185186,San Antonio Spurs
Zach Collins,2023,2023-24,63,548,284,147,55,0.5182481751824818,0.3741496598639456,0.5684306569343066,0.26824817518248173,2.3333333333333335,San Antonio Spurs
Zach Collins,2024,2024-25,69,616,298,181,58,0.4837662337662338,0.32044198895027626,0.5308441558441559,0.29383116883116883,2.6231884057971016,San Antonio Spurs
Zach LaVine,2015,2015-16,75,677,286,167,57,0.4224519940915805,0.3413173652694611,0.46454948301329396,0.2466765140324963,2.2266666666666666,Minnesota Timberwolves
Zach LaVine,2016,2016-17,82,959,433,316,123,0.45151199165797706,0.38924050632911394,0.5156412930135558,0.3295099061522419,3.8536585365853657,Minnesota Timberwolves
Zach LaVine,2017,2017-18,47,710,326,310,120,0.4591549295774648,0.3870967741935484,0.543661971830986,0.43661971830985913,6.595744680851064,Minnesota Timberwolves
Zach LaVine,2018,2018-19,24,355,136,123,42,0.38309859154929576,0.34146341463414637,0.4422535211267606,0.3464788732394366,5.125,Chicago Bulls
Zach LaVine,2019,2019-20,63,1135,530,321,120,0.4669603524229075,0.37383177570093457,0.5198237885462555,0.2828193832599119,5.095238095238095,Chicago Bulls
Zach LaVine,2020,2020-21,60,1199,539,484,184,0.44954128440366975,0.38016528925619836,0.5262718932443703,0.4036697247706422,8.066666666666666,Chicago Bulls
Zach LaVine,2021,2021-22,58,1123,569,477,200,0.5066785396260017,0.4192872117400419,0.5957257346393589,0.42475512021371326,8.224137931034482,Chicago Bulls
Zach LaVine,2022,2022-23,66,1186,565,475,185,0.4763912310286678,0.3894736842105263,0.5543844856661045,0.40050590219224286,7.196969696969697,Chicago Bulls
Zach LaVine,2023,2023-24,77,1388,673,544,204,0.48487031700288186,0.375,0.55835734870317,0.3919308357348703,7.064935064935065,Chicago Bulls
Zach LaVine,2024,2024-25,25,376,170,169,59,0.4521276595744681,0.34911242603550297,0.5305851063829787,0.449468085106383,6.76,Chicago Bulls
Zach Randolph,2013,2013-14,76,1024,471,23,2,0.4599609375,0.08695652173913043,0.4609375,0.0224609375,0.3026315789473684,Memphis Grizzlies
Zach Randolph,2014,2014-15,79,1198,560,20,2,0.4674457429048414,0.1,0.4682804674457429,0.01669449081803005,0.25316455696202533,Memphis Grizzlies
Zach Randolph,2015,2015-16,71,932,454,20,7,0.4871244635193133,0.35,0.49087982832618027,0.02145922746781116,0.28169014084507044,Memphis Grizzlies
Zach Randolph,2016,2016-17,68,907,431,26,6,0.47519294377067256,0.23076923076923078,0.4785005512679162,0.02866593164277839,0.38235294117647056,Memphis Grizzlies
Zach Randolph,2017,2017-18,73,964,433,94,21,0.4491701244813278,0.22340425531914893,0.4600622406639004,0.0975103734439834,1.2876712328767124,Memphis Grizzlies
Zach Randolph,2018,2018-19,59,763,361,147,51,0.47313237221494103,0.3469387755102041,0.5065530799475754,0.1926605504587156,2.4915254237288136,Sacramento Kings
Zaza Pachulia,2013,2013-14,50,241,114,3,0,0.4730290456431535,0,0.4730290456431535,0.012448132780082987,0.06,Atlanta Hawks
Zaza Pachulia,2014,2014-15,53,349,149,1,0,0.4269340974212034,0,0.4269340974212034,0.0028653295128939827,0.018867924528301886,Milwaukee Bucks
Zaza Pachulia,2015,2015-16,73,529,240,3,0,0.45368620037807184,0,0.45368620037807184,0.005671077504725898,0.0410958904109589,Milwaukee Bucks
Zaza Pachulia,2016,2016-17,74,470,219,3,0,0.46595744680851064,0,0.46595744680851064,0.006382978723404255,0.04054054054054054,Dallas Mavericks
Zaza Pachulia,2017,2017-18,69,307,164,2,0,0.5342019543973942,0,0.5342019543973942,0.006514657980456026,0.028985507246376812,Golden State Warriors
Zaza Pachulia,2018,2018-19,68,264,149,1,0,0.5643939393939394,0,0.5643939393939394,0.003787878787878788,0.014705882352941176,Golden State Warriors
Zaza Pachulia,2019,2019-20,62,193,85,4,0,0.44041450777202074,0,0.44041450777202074,0.02072538860103627,0.06451612903225806,Detroit Pistons
Zion Williamson,2020,2020-21,24,360,210,14,6,0.5833333333333334,0.42857142857142855,0.5916666666666667,0.03888888888888889,0.5833333333333334,New Orleans Pelicans
Zion Williamson,2021,2021-22,61,1037,634,34,10,0.6113789778206364,0.29411764705882354,0.6162005785920925,0.03278688524590164,0.5573770491803278,New Orleans Pelicans
Zion Williamson,2023,2023-24,29,469,285,19,7,0.6076759061833689,0.3684210526315789,0.6151385927505331,0.04051172707889126,0.6551724137931034,New Orleans Pelicans
Zion Williamson,2024,2024-25,70,1094,624,18,6,0.5703839122486288,0.3333333333333333,0.573126142595978,0.016453382084095063,0.2571428571428571,New Orleans Pelicans
